"sku","parent_sku","locale","attribute_family_code","type","categories","images","name","description","short_description","status","visible_individually","length","width","height","weight","price","special_price","special_price_from","special_price_to","url_key","meta_title","meta_keywords","meta_description","manage_stock","inventories","related_skus","cross_sell_skus","up_sell_skus","tax_status","tax_category_id","global_unique_id","cases_in_stock","custom_product_subtitle","pack_quantity","low_stock_amount","pmp_or_not","max_order","por_percentage","product_size","prom_id","prom_start","promo_end","total_sales","rrp_price","outer_pack_size","shipping_class","configurable_variants","priority","errors"
"39605","","en","variant_family","simple","WINE/PERRY","39605.webp","BELLARINI BIANCO","BELLARINI BIANCO","BELLARINI BIANCO","1","1","","","","10","10.39","0","01/09/2025","07/09/2025","bellarini-bianco-39605","","","","33","default=34","","","","19","1","","33","12x75CL","","","PLAIN","0","37.93","","WEEK 36 PROMOTION","01/09/2025","07/09/2025","","1.69","","No Shipping class","0","1",""
"39250","","en","variant_family","simple","BEER, CIDER, ALCOHOL FREE & READY TO DRINK/CIDER","39250.webp","BLACK STORM CIDER CAN PM£1.29","BLACK STORM CIDER CAN PM£1.29","BLACK STORM CIDER CAN PM£1.29","1","1","","","","10","17.99","17.89","01/09/2025","07/09/2025","black-storm-cider-can-pmps129-39250","","","","144","default=113","","","","19","1","","144","24x500ML","","","PMP","0","27.17","","WEEK 36 PROMOTION","01/09/2025","07/09/2025","","1.29","","No Shipping class","0","2",""
"39600","","en","variant_family","simple","BEER, CIDER, ALCOHOL FREE & READY TO DRINK/CIDER","0","WHITE STORM CIDER PM £5.69","WHITE STORM CIDER PM £5.69","WHITE STORM CIDER PM £5.69","1","1","","","","10","13.29","0","01/09/2025","07/09/2025","white-storm-cider-pm-ps569-39600","","","","19","default=54","","","","19","1","","19","4x2.5LTR","","","PMP","0","28.88","","WEEK 36 PROMOTION","01/09/2025","07/09/2025","","5.69","","No Shipping class","0","3",""
"151613","","en","variant_family","configurable","SOFT DRINK/JUICES","151613.webp","MOGU MOGU PINEAPPLE","MOGU MOGU PINEAPPLE","MOGU MOGU PINEAPPLE","1","1","","","","0","0","0","01/09/2025","07/09/2025","mogu-mogu-pineapple-151613","","","","7","0","","","","0","0","","1","6x320ML","","","PLAIN","10","28.62","","WEEK 36 PROMOTION","01/09/2025","07/09/2025","","1.09","","No Shipping class","sku=151613a,pack_size=Pack 1|sku=151613c,pack_size=Pack 2","4","The special price field must be less than 0."
"151423","","en","variant_family","configurable","SOFT DRINK/JUICES","151423.webp","MOGU MOGU ORANGE","MOGU MOGU ORANGE","MOGU MOGU ORANGE","1","1","","","","0","0","0","01/09/2025","07/09/2025","mogu-mogu-orange-151423","","","","22","0","","","","0","0","","5","6x320ML","","","PLAIN","10","32.93","","WEEK 36 PROMOTION","01/09/2025","07/09/2025","","1.16","","No Shipping class","sku=151423a,pack_size=Pack 1|sku=151423c,pack_size=Pack 2","5","The special price field must be less than 0."
"151425","","en","variant_family","configurable","SOFT DRINK/JUICES","151425.webp","MOGU MOGU PASSION FRUIT","MOGU MOGU PASSION FRUIT","MOGU MOGU PASSION FRUIT","1","1","","","","0","0","0","01/09/2025","07/09/2025","mogu-mogu-passion-fruit-151425","","","","5","0","","","","0","0","","1","6x320ML","","","PLAIN","10","32.93","","WEEK 36 PROMOTION","01/09/2025","07/09/2025","","1.16","","No Shipping class","sku=151425a,pack_size=Pack 1|sku=151425c,pack_size=Pack 2","6","The special price field must be less than 0."
"151424","","en","variant_family","configurable","SOFT DRINK/JUICES","0","MOGU MOGU PINK GUAVA","MOGU MOGU PINK GUAVA","MOGU MOGU PINK GUAVA","1","1","","","","0","0","0","01/09/2025","07/09/2025","mogu-mogu-pink-guava-151424","","","","3","0","","","","0","0","","0","6x320ML","","","PLAIN","10","32.93","","WEEK 36 PROMOTION","01/09/2025","07/09/2025","","1.16","","No Shipping class","sku=151424a,pack_size=Pack 1|sku=151424c,pack_size=Pack 2","7","The special price field must be less than 0."
"151627","","en","variant_family","configurable","SOFT DRINK/JUICES","151627.webp","MOGU MOGU MELON","MOGU MOGU MELON","MOGU MOGU MELON","1","1","","","","0","0","0","01/09/2025","07/09/2025","mogu-mogu-melon-151627","","","","12","0","","","","0","0","","3","6x320ML","","","PLAIN","10","32.93","","WEEK 36 PROMOTION","01/09/2025","07/09/2025","","1.16","","No Shipping class","sku=151627a,pack_size=Pack 1|sku=151627c,pack_size=Pack 2","8","The special price field must be less than 0."
"903359","","en","variant_family","configurable","GROCERY/OIL & GHEE","903359.webp","CRYSTAL PURE SUNFLOWER OIL","CRYSTAL PURE SUNFLOWER OIL","CRYSTAL PURE SUNFLOWER OIL","1","1","","","","0","0","0","01/09/2025","07/09/2025","crystal-pure-sunflower-oil-903359","","","","8024","0","","","","0","0","","2674","1x5 LTR","","","PLAIN","0","18.65","","WEEK 36 PROMOTION","01/09/2025","07/09/2025","","7.99","","No Shipping class","sku=903359a,pack_size=Pack 1|sku=903359c,pack_size=Pack 2","9","The special price field must be less than 0."
"901994","","en","variant_family","simple","HOT DRINKS/TEA","901994.webp","WAGH BAKRI TEA 1KG","WAGH BAKRI TEA 1KG","WAGH BAKRI TEA 1KG","1","1","","","","10","6.59","6.49","01/09/2025","07/09/2025","wagh-bakri-tea-1kg-901994","","","","42","default=18","","","","19","3","","3","1x1KG","","","PLAIN","0","18.85","","WEEK 36 PROMOTION","01/09/2025","07/09/2025","","8.49","","No Shipping class","0","10",""
"903299","","en","variant_family","simple","CRISPS AND SNACKS/ETHNIC SNACKS","903299.webp","KURKURE SOLID MASTI","KURKURE SOLID MASTI","KURKURE SOLID MASTI","1","1","","","","10","11.99","0","01/09/2025","07/09/2025","kurkure-solid-masti-903299","","","","12","default=3","","","","19","1","","12","30x100G","","","PLAIN","0","11.93","","WEEK 36 PROMOTION","01/09/2025","07/09/2025","","0.59","","No Shipping class","0","11",""
"22045","","en","variant_family","simple","SOFT DRINK/ENERGY DRINKS","22045.webp","BOOST ENERGY DRINK REG(BOTTEL) PM£1.00","BOOST ENERGY DRINK REG(BOTTEL) PM£1.00","BOOST ENERGY DRINK REG(BOTTEL) PM£1.00","1","1","","","","10","6.79","0","01/09/2025","07/09/2025","boost-energy-drink-regbottel-pmps100-22045","","","","82","default=4","","","","19","1","","82","12x500ML","","","PMP","10","30.1","","WEEK 36 PROMOTION","01/09/2025","07/09/2025","","1","","No Shipping class","0","12",""
"903293","","en","variant_family","simple","SOFT DRINK/FIZZY DRINKS","903293.webp","RUBICON SPARKLING MANGO £1.19","RUBICON SPARKLING MANGO £1.19","RUBICON SPARKLING MANGO £1.19","1","1","","","","10","7.99","0","01/09/2025","07/09/2025","rubicon-sparkling-mango-ps119-903293","","","","55","default=32","","","","19","1","","55","12x500ML","","","PMP","10","31.18","","WEEK 36 PROMOTION","01/09/2025","07/09/2025","","1.19","","No Shipping class","0","13",""
"903294","","en","variant_family","simple","SOFT DRINK/FIZZY DRINKS","903294.webp","RUBICON SPARKLING PASSION PM £1.19","RUBICON SPARKLING PASSION PM £1.19","RUBICON SPARKLING PASSION PM £1.19","1","1","","","","10","7.99","0","01/09/2025","07/09/2025","rubicon-sparkling-passion-pm-ps119-903294","","","","36","default=26","","","","19","1","","36","12x500ML","","","PMP","10","31.18","","WEEK 36 PROMOTION","01/09/2025","07/09/2025","","1.19","","No Shipping class","0","14",""
"86236","","en","variant_family","simple","SOFT DRINK/ENERGY DRINKS","86236.webp","BOOST ENERGY DRINK CAN ORIGINAL PM75P","BOOST ENERGY DRINK CAN ORIGINAL PM75P","BOOST ENERGY DRINK CAN ORIGINAL PM75P","1","1","","","","10","7.39","6.19","01/09/2025","07/09/2025","boost-energy-drink-can-original-pm75p-86236","","","","294","default=122","","","","19","1","","294","24x250ML","","","PMP","10","49.4","","WEEK 36 PROMOTION","01/09/2025","07/09/2025","","0.75","","No Shipping class","0","15",""
"25117","","en","variant_family","simple","SOFT DRINK/FIZZY DRINKS","25117.webp","BARR CHERRYADE PM£1.19","BARR CHERRYADE PM£1.19","BARR CHERRYADE PM£1.19","1","1","","","","10","4.19","3.99","01/09/2025","07/09/2025","barr-cherryade-pmps119-25117","","","","16","default=14","","","","19","1","","16","6x2LTR","","","PMP","10","26.22","","WEEK 36 PROMOTION","01/09/2025","07/09/2025","","1.19","","No Shipping class","0","16",""
"25124","","en","variant_family","simple","SOFT DRINK/FIZZY DRINKS","25124.webp","BARR LEMONADE PM £1.19","BARR LEMONADE PM £1.19","BARR LEMONADE PM £1.19","1","1","","","","10","4.19","3.99","01/09/2025","07/09/2025","barr-lemonade-pm-ps119-25124","","","","15","default=22","","","","19","1","","15","6x2LTR","","","PMP","10","26.22","","WEEK 36 PROMOTION","01/09/2025","07/09/2025","","1.19","","No Shipping class","0","17",""
"25135","","en","variant_family","simple","SOFT DRINK/FIZZY DRINKS","25135.webp","BARRS COLA PM£1.19","BARRS COLA PM£1.19","BARRS COLA PM£1.19","1","1","","","","10","4.19","0","01/09/2025","07/09/2025","barrs-cola-pmps119-25135","","","","15","default=8","","","","19","1","","15","6x2LTR","","","PMP","10","26.22","","WEEK 36 PROMOTION","01/09/2025","07/09/2025","","1.19","","No Shipping class","0","18",""
"25145","","en","variant_family","simple","SOFT DRINK/FIZZY DRINKS","25145.webp","***BARR LIMEADE PM £1.19","***BARR LIMEADE PM £1.19","***BARR LIMEADE PM £1.19","1","1","","","","10","3.99","0","01/09/2025","07/09/2025","barr-limeade-pm-ps119-25145","","","","10","default=11","","","","19","1","","10","6x2LTR","","","PMP","10","26.22","","WEEK 36 PROMOTION","01/09/2025","07/09/2025","","1.19","","No Shipping class","0","19",""
"25146","","en","variant_family","simple","SOFT DRINK/FIZZY DRINKS","0","BARRS BUBBLEGUM PM£1.19","BARRS BUBBLEGUM PM£1.19","BARRS BUBBLEGUM PM£1.19","1","1","","","","10","4.19","0","01/09/2025","07/09/2025","barrs-bubblegum-pmps119-25146","","","","12","default=3","","","","19","1","","12","6x2LTR","","","PMP","10","26.22","","WEEK 36 PROMOTION","01/09/2025","07/09/2025","","1.19","","No Shipping class","0","20",""
"25159","","en","variant_family","simple","SOFT DRINK/FIZZY DRINKS","25159.webp","BARR AMERICAN CREAM SODA PET PM £1.19","BARR AMERICAN CREAM SODA PET PM £1.19","BARR AMERICAN CREAM SODA PET PM £1.19","1","1","","","","10","4.19","3.99","01/09/2025","07/09/2025","barr-american-cream-soda-pet-pm-ps119-25159","","","","16","default=17","","","","19","1","","16","6x2LTR","","","PMP","10","26.22","","WEEK 36 PROMOTION","01/09/2025","07/09/2025","","1.19","","No Shipping class","0","21",""
"25189","","en","variant_family","simple","SOFT DRINK/FIZZY DRINKS","25189.webp","BARR ORANGEADE PM£1.19","BARR ORANGEADE PM£1.19","BARR ORANGEADE PM£1.19","1","1","","","","10","3.99","0","01/09/2025","07/09/2025","barr-orangeade-pmps119-25189","","","","9","default=3","","","","19","1","","9","6x2LTR","","","PMP","10","26.22","","WEEK 36 PROMOTION","01/09/2025","07/09/2025","","1.19","","No Shipping class","0","22",""
"25336","","en","variant_family","simple","SOFT DRINK/FIZZY DRINKS","25336.webp","***BARR RASPBERRYADE PM £1.19","***BARR RASPBERRYADE PM £1.19","***BARR RASPBERRYADE PM £1.19","1","1","","","","10","3.99","0","01/09/2025","07/09/2025","barr-raspberryade-pm-ps119-25336","","","","8","default=7","","","","19","1","","8","6x2LTR","","","PMP","10","26.22","","WEEK 36 PROMOTION","01/09/2025","07/09/2025","","1.19","","No Shipping class","0","23",""
"25119","","en","variant_family","simple","SOFT DRINK/JUICES","25119.webp","KA STILL PINEAPPLE PM1.19","KA STILL PINEAPPLE PM1.19","KA STILL PINEAPPLE PM1.19","1","1","","","","10","8.39","7.99","01/09/2025","07/09/2025","ka-still-pineapple-pm119-25119","","","","25","default=23","","","","19","1","","25","12x1LTR","","","PMP","10","27.82","","WEEK 36 PROMOTION","01/09/2025","07/09/2025","","1.19","","No Shipping class","0","24",""
"158180","","en","variant_family","simple","SOFT DRINK/JUICES","158180.webp","KA STILL FRUIT PUNCH PM£1.19","KA STILL FRUIT PUNCH PM£1.19","KA STILL FRUIT PUNCH PM£1.19","1","1","","","","10","8.39","7.99","01/09/2025","07/09/2025","ka-still-fruit-punch-pmps119-158180","","","","55","default=29","","","","19","1","","55","12x1LTR","","","PMP","10","27.82","","WEEK 36 PROMOTION","01/09/2025","07/09/2025","","1.19","","No Shipping class","0","25",""
"158365","","en","variant_family","simple","SOFT DRINK/JUICES","158365.webp","KA STILL BLACK GRAPE PM£1.19","KA STILL BLACK GRAPE PM£1.19","KA STILL BLACK GRAPE PM£1.19","1","1","","","","10","8.39","7.99","01/09/2025","07/09/2025","ka-still-black-grape-pmps119-158365","","","","39","default=18","","","","19","1","","39","12x1LTR","","","PMP","10","27.82","","WEEK 36 PROMOTION","01/09/2025","07/09/2025","","1.19","","No Shipping class","0","26",""
"158367","","en","variant_family","simple","SOFT DRINK/JUICES","158367.webp","KA STILL STRAWBERRY PM£1.19","KA STILL STRAWBERRY PM£1.19","KA STILL STRAWBERRY PM£1.19","1","1","","","","10","8.39","7.99","01/09/2025","07/09/2025","ka-still-strawberry-pmps119-158367","","","","41","default=16","","","","19","1","","41","12x1LTR","","","PMP","10","27.82","","WEEK 36 PROMOTION","01/09/2025","07/09/2025","","1.19","","No Shipping class","0","27",""
"72124","","en","variant_family","simple","SOFT DRINK/FIZZY DRINKS","0","RUBICON SPARKLING GUAVA PM £1.19","RUBICON SPARKLING GUAVA PM £1.19","RUBICON SPARKLING GUAVA PM £1.19","1","1","","","","10","7.99","0","01/09/2025","07/09/2025","rubicon-sparkling-guava-pm-ps119-72124","","","","26","default=7","","","","19","1","","26","12x500ML","","","PMP","10","31.18","","WEEK 36 PROMOTION","01/09/2025","07/09/2025","","1.19","","No Shipping class","0","28",""
"902235","","en","variant_family","configurable","SPIRITS/WHISKY","0","JACK DANIELS PMP £23.49","JACK DANIELS PMP £23.49","JACK DANIELS PMP £23.49","1","1","","","","0","0","0","01/09/2025","07/09/2025","jack-daniels-pmp-ps2349-902235","","","","108","0","","","","0","0","","18","1x70CL","","","PMP","0","20.36","","WEEK 36 PROMOTION","01/09/2025","07/09/2025","","23.49","","No Shipping class","sku=902235a,pack_size=Pack 1|sku=902235c,pack_size=Pack 2","29","The special price field must be less than 0."
"902925","","en","variant_family","simple","BEER, CIDER, ALCOHOL FREE & READY TO DRINK/READY TO DRINK","0","JACK DANIELS & COLA CAN PMP£2.39","JACK DANIELS & COLA CAN PMP£2.39","JACK DANIELS & COLA CAN PMP£2.39","1","1","","","","10","14.99","13.99","01/09/2025","07/09/2025","jack-daniels-cola-can-pmpps239-902925","","","","89","default=68","","","","19","1","","89","12x330ML","","","PMP","0","35.19","","WEEK 36 PROMOTION","01/09/2025","07/09/2025","","2.39","","No Shipping class","0","30",""
"184603","","en","variant_family","configurable","SPIRITS/WHISKY","0","JACK DANIELS MINATURE","JACK DANIELS MINATURE","JACK DANIELS MINATURE","1","1","","","","0","0","0","01/09/2025","07/09/2025","jack-daniels-minature-184603","","","","239","0","","","","0","0","","19","10x5CL","","","PLAIN","0","17.16","","WEEK 36 PROMOTION","01/09/2025","07/09/2025","","2.49","","No Shipping class","sku=184603a,pack_size=Pack 1|sku=184603c,pack_size=Pack 2","31","The special price field must be less than 0."
"59164","","en","variant_family","configurable","SPIRITS/WHISKY","59164.webp","JACK DANIELS PMP £13.99","JACK DANIELS PMP £13.99","JACK DANIELS PMP £13.99","1","1","","","","0","0","0","01/09/2025","07/09/2025","jack-daniels-pmp-ps1399-59164","","","","186","0","","","","0","0","","31","1x35CL","","","PMP","0","25.46","","WEEK 36 PROMOTION","01/09/2025","07/09/2025","","13.99","","No Shipping class","sku=59164a,pack_size=Pack 1|sku=59164c,pack_size=Pack 2","32","The special price field must be less than 0."
"59167","","en","variant_family","configurable","SPIRITS/WHISKY","0","***JACK DANIELS APPLE PM £12.99","***JACK DANIELS APPLE PM £12.99","***JACK DANIELS APPLE PM £12.99","1","1","","","","0","0","0","01/09/2025","07/09/2025","jack-daniels-apple-pm-ps1299-59167","","","","72","0","","","","0","0","","12","1x35CL","","","PMP","0","16.95","","WEEK 36 PROMOTION","01/09/2025","07/09/2025","","12.99","","No Shipping class","sku=59167a,pack_size=Pack 1|sku=59167c,pack_size=Pack 2","33","The special price field must be less than 0."
"903588","","en","variant_family","simple","BEER, CIDER, ALCOHOL FREE & READY TO DRINK/BEER & LAGER","903588.webp","CARLING LAGER 6X4X440ML PM £5.49","CARLING LAGER 6X4X440ML PM £5.49","CARLING LAGER 6X4X440ML PM £5.49","1","1","","","","10","16.49","0","01/09/2025","07/09/2025","carling-lager-6x4x440ml-pm-ps549-903588","","","","6","default=1","","","","19","1","","6","6x440ML","","","PMP","0","34.46","","WEEK 36 PROMOTION","01/09/2025","07/09/2025","","5.49","","No Shipping class","0","34",""
"903355","","en","variant_family","simple","SOFT DRINK/COLD BEVERAGES","903355.webp","LIPTON ICE TEA MANGO","LIPTON ICE TEA MANGO","LIPTON ICE TEA MANGO","1","1","","","","10","7.89","5.69","01/09/2025","07/09/2025","lipton-ice-tea-mango-903355","","","","21","default=18","","","","19","1","","21","6x1.25LT","","","PLAIN","10","18.69","","WEEK 36 PROMOTION","01/09/2025","07/09/2025","","1.99","","No Shipping class","0","35",""
"50396","","en","variant_family","simple","SOFT DRINK/FIZZY DRINKS","0","PEPSI DIET CAN PM85P","PEPSI DIET CAN PM85P","PEPSI DIET CAN PM85P","1","1","","","","10","9.39","0","01/09/2025","07/09/2025","pepsi-diet-can-pm85p-50396","","","","4","default=3","","","","19","1","","4","24x330ML","","","PMP","10","43.59","","WEEK 36 PROMOTION","01/09/2025","07/09/2025","","0.85","","No Shipping class","0","36",""
"99464","","en","variant_family","simple","SOFT DRINK/COLD BEVERAGES","99464.webp","LIPTON ICE TEA PEACH","LIPTON ICE TEA PEACH","LIPTON ICE TEA PEACH","1","1","","","","10","7.89","5.69","01/09/2025","07/09/2025","lipton-ice-tea-peach-99464","","","","29","default=7","","","","19","1","","29","6x1.25LTR","","","PLAIN","10","18.69","","WEEK 36 PROMOTION","01/09/2025","07/09/2025","","1.99","","No Shipping class","0","37",""
"99465","","en","variant_family","simple","SOFT DRINK/COLD BEVERAGES","99465.webp","LIPTON ICE TEA LEMON","LIPTON ICE TEA LEMON","LIPTON ICE TEA LEMON","1","1","","","","10","7.89","5.69","01/09/2025","07/09/2025","lipton-ice-tea-lemon-99465","","","","15","default=10","","","","19","1","","15","6x1.25LTR","","","PLAIN","10","18.69","","WEEK 36 PROMOTION","01/09/2025","07/09/2025","","1.99","","No Shipping class","0","38",""
"40282","","en","variant_family","simple","SOFT DRINK/FIZZY DRINKS","40282.webp","PEPSI MAX PM£1.35","PEPSI MAX PM£1.35","PEPSI MAX PM£1.35","1","1","","","","10","8.49","0","01/09/2025","07/09/2025","pepsi-max-pmps135-40282","","","","49","default=8","","","","19","1","","49","12x500ML","","","PMP","10","35.63","","WEEK 36 PROMOTION","01/09/2025","07/09/2025","","1.35","","No Shipping class","0","39",""
"902584","","en","variant_family","configurable","CONFECTIONERY/CHOCOLATES","902584.webp","LINDOR ASSORTED CORNET","LINDOR ASSORTED CORNET","LINDOR ASSORTED CORNET","1","1","","","","0","0","0","01/09/2025","07/09/2025","lindor-assorted-cornet-902584","","","","13","0","","","","0","0","","1","1x200G","","","PLAIN","0","4.04","","WEEK 36 PROMOTION","01/09/2025","07/09/2025","","6.49","","No Shipping class","sku=902584a,pack_size=Pack 1|sku=902584c,pack_size=Pack 2","40","The special price field must be less than 0."
"903366","","en","variant_family","simple","CONFECTIONERY/CHOCOLATES","903366.webp","CADBURY DAIRY MILK DAIM PMP £1.69","CADBURY DAIRY MILK DAIM PMP £1.69","CADBURY DAIRY MILK DAIM PMP £1.69","1","1","","","","10","17.99","0","01/09/2025","07/09/2025","cadbury-dairy-milk-daim-pmp-ps169-903366","","","","10","default=6","","","","19","1","","10","18x120G","","","PMP","0","28.24","","WEEK 36 PROMOTION","01/09/2025","07/09/2025","","1.69","","No Shipping class","0","41",""
"902872","","en","variant_family","simple","GROCERY/DRIED VEG RICE & PULSES","902872.webp","NATCO MUNG BEANS","NATCO MUNG BEANS","NATCO MUNG BEANS","1","1","","","","10","18.99","0","01/09/2025","07/09/2025","natco-mung-beans-902872","","","","18","default=2","","","","19","3","","18","1x500G","","","PLAIN","0","8.4","","WEEK 36 PROMOTION","01/09/2025","07/09/2025","","1.19","","No Shipping class","0","42",""
"902884","","en","variant_family","simple","GROCERY/DRIED VEG RICE & PULSES","902884.webp","NATCO MUNG DAL YELLOW","NATCO MUNG DAL YELLOW","NATCO MUNG DAL YELLOW","1","1","","","","10","20.99","0","01/09/2025","07/09/2025","natco-mung-dal-yellow-902884","","","","20","default=2","","","","19","3","","1","1x500G","","","PLAIN","0","15.08","","WEEK 36 PROMOTION","01/09/2025","07/09/2025","","1.99","","No Shipping class","0","43",""
"902907","","en","variant_family","simple","GROCERY/DRIED VEG RICE & PULSES","902907.webp","NATCO CHANADAL POLISHED","NATCO CHANADAL POLISHED","NATCO CHANADAL POLISHED","1","1","","","","10","17.89","0","01/09/2025","07/09/2025","natco-chanadal-polished-902907","","","","16","default=1","","","","19","3","","16","1x500G","","","PLAIN","0","12.39","","WEEK 36 PROMOTION","01/09/2025","07/09/2025","","1.13","","No Shipping class","0","44",""
"85349","","en","variant_family","simple","SOFT DRINK/ENERGY DRINKS","85349.webp","APPLETISER APPLE JUICE CAN","APPLETISER APPLE JUICE CAN","APPLETISER APPLE JUICE CAN","1","1","","","","10","11.99","0","01/09/2025","07/09/2025","appletiser-apple-juice-can-85349","","","","11","default=4","","","","19","1","","11","24x250ML","","","PLAIN","10","48.78","","WEEK 36 PROMOTION","01/09/2025","07/09/2025","","1.19","","No Shipping class","0","45",""
"902445","","en","variant_family","simple","SOFT DRINK/FIZZY DRINKS","902445.webp","FANTA FRUIT TWIST PM £2.09","FANTA FRUIT TWIST PM £2.09","FANTA FRUIT TWIST PM £2.09","1","1","","","","10","6.99","0","01/09/2025","07/09/2025","fanta-fruit-twist-pm-ps209-902445","","","","43","default=2","","","","19","1","","43","6x2LTR","","","PMP","10","14.51","","WEEK 36 PROMOTION","01/09/2025","07/09/2025","","2.15","","No Shipping class","0","46",""
"903054","","en","variant_family","simple","SOFT DRINK/FIZZY DRINKS","0","COCA COLA ZERO PLAIN","COCA COLA ZERO PLAIN","COCA COLA ZERO PLAIN","1","1","","","","10","9.49","0","01/09/2025","07/09/2025","coca-cola-zero-plain-903054","","","","25","default=5","","","","19","1","","25","24x330ML","","","PLAIN","10","18.73","","WEEK 36 PROMOTION","01/09/2025","07/09/2025","","0.75","","No Shipping class","0","47",""
"903055","","en","variant_family","simple","SOFT DRINK/FIZZY DRINKS","0","COCA COLA ZERO PLAIN","COCA COLA ZERO PLAIN","COCA COLA ZERO PLAIN","1","1","","","","10","9.49","0","01/09/2025","07/09/2025","coca-cola-zero-plain-903055","","","","38","default=8","","","","19","1","","38","12x500ML","","","PLAIN","10","22.37","","WEEK 36 PROMOTION","01/09/2025","07/09/2025","","1.39","","No Shipping class","0","48",""
"22394","","en","variant_family","simple","SOFT DRINK/TONIC & MIXERS","22394.webp","SCHWEPPES SLIMLINE TONIC WATER PMP£1.75","SCHWEPPES SLIMLINE TONIC WATER PMP£1.75","SCHWEPPES SLIMLINE TONIC WATER PMP£1.75","1","1","","","","10","7.59","0","01/09/2025","07/09/2025","schweppes-slimline-tonic-water-pmpps175-22394","","","","18","default=12","","","","19","1","","18","6x1LTR","","","PMP","10","10.97","","WEEK 36 PROMOTION","01/09/2025","07/09/2025","","1.75","","No Shipping class","0","49",""
"95445","","en","variant_family","simple","SOFT DRINK/TONIC & MIXERS","95445.webp","SCHWEPPES SODA WATER","SCHWEPPES SODA WATER","SCHWEPPES SODA WATER","1","1","","","","10","7.29","0","01/09/2025","07/09/2025","schweppes-soda-water-95445","","","","22","default=9","","","","19","1","","22","6x1LTR","","","PLAIN","10","31.84","","WEEK 36 PROMOTION","01/09/2025","07/09/2025","","2.99","","No Shipping class","0","50",""
"113720","","en","variant_family","simple","SOFT DRINK/FIZZY DRINKS","113720.webp","SCHWEPPES SLIMLINE LEMONADE PM £1.75","SCHWEPPES SLIMLINE LEMONADE PM £1.75","SCHWEPPES SLIMLINE LEMONADE PM £1.75","1","1","","","","10","5.99","0","01/09/2025","07/09/2025","schweppes-slimline-lemonade-pm-ps175-113720","","","","23","default=21","","","","19","1","","23","6x2LTR","","","PMP","10","23.54","","WEEK 36 PROMOTION","01/09/2025","07/09/2025","","1.75","","No Shipping class","0","51",""
"100124","","en","variant_family","simple","SOFT DRINK/SQUASH & CORDIAL","100124.webp","CAPRI SUN CHERRY SCREW CAP PM£1.19","CAPRI SUN CHERRY SCREW CAP PM£1.19","CAPRI SUN CHERRY SCREW CAP PM£1.19","1","1","","","","10","8.79","0","01/09/2025","07/09/2025","capri-sun-cherry-screw-cap-pmps119-100124","","","","24","default=3","","","","19","1","","24","15x330ML","","","PMP","10","34.86","","WEEK 36 PROMOTION","01/09/2025","07/09/2025","","1.19","","No Shipping class","0","52",""
"100128","","en","variant_family","simple","SOFT DRINK/SQUASH & CORDIAL","100128.webp","CAPRI SUN ORANGE PM£1.19","CAPRI SUN ORANGE PM£1.19","CAPRI SUN ORANGE PM£1.19","1","1","","","","10","8.79","0","01/09/2025","07/09/2025","capri-sun-orange-pmps119-100128","","","","7","default=5","","","","19","1","","7","15x330ML","","","PMP","10","34.86","","WEEK 36 PROMOTION","01/09/2025","07/09/2025","","1.19","","No Shipping class","0","53",""
"902614","","en","variant_family","simple","SOFT DRINK/ENERGY DRINKS","902614.webp","LSV ENERGY 250ML CAN PMP59P","LSV ENERGY 250ML CAN PMP59P","LSV ENERGY 250ML CAN PMP59P","1","1","","","","10","6.29","0","01/09/2025","07/09/2025","lsv-energy-250ml-can-pmp59p-902614","","","","49","default=59","","","","19","1","","49","24x250ML","","","PMP","10","45","","WEEK 36 PROMOTION","01/09/2025","07/09/2025","","0.59","","No Shipping class","0","54",""
"10452","","en","variant_family","simple","WINE/RED WINE","10452.webp","ECHO FALLS RED WINE","ECHO FALLS RED WINE","ECHO FALLS RED WINE","1","1","","","","10","26.49","0","01/09/2025","07/09/2025","echo-falls-red-wine-10452","","","","5","default=5","","","","19","1","","5","6x75CL","","","PLAIN","0","23.35","","WEEK 36 PROMOTION","01/09/2025","07/09/2025","","6.99","","No Shipping class","0","55",""
"10475","","en","variant_family","simple","WINE/WHITE WINE","10475.webp","ECHO FALLS WHITE WINE","ECHO FALLS WHITE WINE","ECHO FALLS WHITE WINE","1","1","","","","10","26.49","0","01/09/2025","07/09/2025","echo-falls-white-wine-10475","","","","13","default=13","","","","19","1","","13","6x75CL","","","PLAIN","0","17.63","","WEEK 36 PROMOTION","01/09/2025","07/09/2025","","6.99","","No Shipping class","0","56",""
"10860","","en","variant_family","simple","WINE/WHITE WINE","10860.webp","ECHO FALLS FRUIT FUSION PEACH & MANGO WHITE 9%","ECHO FALLS FRUIT FUSION PEACH & MANGO WHITE 9%","ECHO FALLS FRUIT FUSION PEACH & MANGO WHITE 9%","1","1","","","","10","23.49","0","01/09/2025","07/09/2025","echo-falls-fruit-fusion-peach-mango-white-9-10860","","","","36","default=43","","","","19","1","","36","6x75CL","","","PLAIN","0","22.06","","WEEK 36 PROMOTION","01/09/2025","07/09/2025","","6.49","","No Shipping class","0","57",""
"110845","","en","variant_family","simple","WINE/ROSE WINE","110845.webp","ECHO FALLS ROSE WINE","ECHO FALLS ROSE WINE","ECHO FALLS ROSE WINE","1","1","","","","10","26.49","0","01/09/2025","07/09/2025","echo-falls-rose-wine-110845","","","","6","default=6","","","","19","1","","6","6x75CL","","","PLAIN","0","23.35","","WEEK 36 PROMOTION","01/09/2025","07/09/2025","","6.99","","No Shipping class","0","58",""
"89883","","en","variant_family","simple","WINE/RED WINE","89883.webp","HARDYS VR CABERNET SAUVIGNON RED WINE","HARDYS VR CABERNET SAUVIGNON RED WINE","HARDYS VR CABERNET SAUVIGNON RED WINE","1","1","","","","10","27.49","0","01/09/2025","07/09/2025","hardys-vr-cabernet-sauvignon-red-wine-89883","","","","12","default=5","","","","19","1","","12","6x75CL","","","PLAIN","0","18.48","","WEEK 36 PROMOTION","01/09/2025","07/09/2025","","6.99","","No Shipping class","0","59",""
"90136","","en","variant_family","simple","WINE/WHITE WINE","90136.webp","HARDYS VR CHARDONNAY","HARDYS VR CHARDONNAY","HARDYS VR CHARDONNAY","1","1","","","","10","27.49","0","01/09/2025","07/09/2025","hardys-vr-chardonnay-90136","","","","40","default=16","","","","19","1","","40","6x75CL","","","PLAIN","0","18.48","","WEEK 36 PROMOTION","01/09/2025","07/09/2025","","6.99","","No Shipping class","0","60",""
"90788","","en","variant_family","simple","WINE/WHITE WINE","90788.webp","HARDYS VR PINOT GRIGIO","HARDYS VR PINOT GRIGIO","HARDYS VR PINOT GRIGIO","1","1","","","","10","27.49","0","01/09/2025","07/09/2025","hardys-vr-pinot-grigio-90788","","","","39","default=7","","","","19","1","","39","6x75CL","","","PLAIN","0","18.48","","WEEK 36 PROMOTION","01/09/2025","07/09/2025","","6.99","","No Shipping class","0","61",""
"49572","","en","variant_family","simple","WINE/PORT, SHERRY, VERMOUTH & FORTIFIED WINE","49572.webp","CHERRY B NRB 4PACK","CHERRY B NRB 4PACK","CHERRY B NRB 4PACK","1","1","","","","10","34.99","0","01/09/2025","07/09/2025","cherry-b-nrb-4pack-49572","","","","53","default=15","","","","19","1","","53","6x200ml","","","PLAIN","0","25.95","","WEEK 36 PROMOTION","01/09/2025","07/09/2025","","9.99","","No Shipping class","0","62",""
"57718","","en","variant_family","simple","WATER/STILL WATER","0","EVIAN WATER","EVIAN WATER","EVIAN WATER","1","1","","","","10","5.99","0","01/09/2025","07/09/2025","evian-water-57718","","","","1159","default=1237","","","","19","1","","1159","8x1.5LTR","","","PLAIN","10","30.64","","WEEK 36 PROMOTION","01/09/2025","07/09/2025","","1.49","","No Shipping class","0","63",""
"29841","","en","variant_family","simple","WATER/STILL WATER","0","VOLVIC WATER 1LTR","VOLVIC WATER 1LTR","VOLVIC WATER 1LTR","1","1","","","","10","5.99","0","01/09/2025","07/09/2025","volvic-water-1ltr-29841","","","","647","default=338","","","","19","1","","647","12x1LTR","","","PLAIN","10","25.81","","WEEK 36 PROMOTION","01/09/2025","07/09/2025","","1.05","","No Shipping class","0","64",""
"87982","","en","variant_family","configurable","SPIRITS/VODKA","87982.webp","CIROC APPLE VODKA","CIROC APPLE VODKA","CIROC APPLE VODKA","1","1","","","","0","0","0","01/09/2025","07/09/2025","ciroc-apple-vodka-87982","","","","57","0","","","","0","0","","9","1x70CL","","","PLAIN","0","20.01","","WEEK 36 PROMOTION","01/09/2025","07/09/2025","","32.99","","No Shipping class","sku=87982a,pack_size=Pack 1|sku=87982c,pack_size=Pack 2","65","The special price field must be less than 0."
"901589","","en","variant_family","simple","GROCERY/SALT, HERB & SPICES","901589.webp","LOCAL LIVING TABLE SALT DRUM PMP £1.19","LOCAL LIVING TABLE SALT DRUM PMP £1.19","LOCAL LIVING TABLE SALT DRUM PMP £1.19","1","1","","","","10","10.49","0","01/09/2025","07/09/2025","local-living-table-salt-drum-pmp-ps119-901589","","","","41","default=48","","","","19","3","","41","12x750G","","","PMP","0","25.14","","WEEK 36 PROMOTION","01/09/2025","07/09/2025","","1.19","","No Shipping class","0","66",""
"901599","","en","variant_family","simple","GROCERY/SALT, HERB & SPICES","0","LOCAL LIVING COOKING SALT BAGS PM £1.75","LOCAL LIVING COOKING SALT BAGS PM £1.75","LOCAL LIVING COOKING SALT BAGS PM £1.75","1","1","","","","10","6.49","0","01/09/2025","07/09/2025","local-living-cooking-salt-bags-pm-ps175-901599","","","","24","default=30","","","","19","3","","24","6x1.5 KG","","","PMP","0","36.29","","WEEK 36 PROMOTION","01/09/2025","07/09/2025","","1.75","","No Shipping class","0","67",""
"902285","","en","variant_family","simple","HOUSEHOLD, CLEANING & PAPER/LAUNDRY","902285.webp","DAZ PDS 12'S £3.29","DAZ PDS 12'S £3.29","DAZ PDS 12'S £3.29","1","1","","","","10","8.59","0","01/09/2025","07/09/2025","daz-pds-12s-ps329-902285","","","","8","default=6","","","","19","1","","8","4x12'S","","","PMP","0","21.67","","WEEK 36 PROMOTION","01/09/2025","07/09/2025","","3.29","","No Shipping class","0","68",""
"903098","","en","variant_family","simple","HOUSEHOLD, CLEANING & PAPER/LAUNDRY","903098.webp","DAZ WASHING POWDER 14W PMP £3.89","DAZ WASHING POWDER 14W PMP £3.89","DAZ WASHING POWDER 14W PMP £3.89","1","1","","","","10","14.99","0","01/09/2025","07/09/2025","daz-washing-powder-14w-pmp-ps389-903098","","","","9","default=4","","","","19","1","","9","8x700G","","","PMP","0","20.99","","WEEK 36 PROMOTION","01/09/2025","07/09/2025","","3.89","","No Shipping class","0","69",""
"903402","","en","variant_family","simple","HOUSEHOLD, CLEANING & PAPER/TOILET ROLL","903402.webp","FAIRY FABRIC CONDITIONER 35 WASH ORIGINAL P£2.99","FAIRY FABRIC CONDITIONER 35 WASH ORIGINAL P£2.99","FAIRY FABRIC CONDITIONER 35 WASH ORIGINAL P£2.99","1","1","","","","10","13.49","0","01/09/2025","07/09/2025","fairy-fabric-conditioner-35-wash-original-pps299-903402","","","","11","default=4","","","","19","1","","11","8x1.155L","","","PMP","0","24.8","","WEEK 36 PROMOTION","01/09/2025","07/09/2025","","2.99","","No Shipping class","0","70",""
"903412","","en","variant_family","simple","HOUSEHOLD, CLEANING & PAPER/CLEANING","903412.webp","TOILET DUCK MARINE DEEP ACTION GEL MARINE PM £1.99","TOILET DUCK MARINE DEEP ACTION GEL MARINE PM £1.99","TOILET DUCK MARINE DEEP ACTION GEL MARINE PM £1.99","1","1","","","","10","7.99","0","01/09/2025","07/09/2025","toilet-duck-marine-deep-action-gel-marine-pm-ps199-903412","","","","11","default=11","","","","19","1","","11","8x750ML","","","PMP","0","39.77","","WEEK 36 PROMOTION","01/09/2025","07/09/2025","","1.99","","No Shipping class","0","71",""
"903413","","en","variant_family","simple","HOUSEHOLD, CLEANING & PAPER/CLEANING","903413.webp","DOMESTOS POWER 5 RIMBLOCK LIME PM£1.50","DOMESTOS POWER 5 RIMBLOCK LIME PM£1.50","DOMESTOS POWER 5 RIMBLOCK LIME PM£1.50","1","1","","","","10","9.19","0","01/09/2025","07/09/2025","domestos-power-5-rimblock-lime-pmps150-903413","","","","12","default=15","","","","19","1","","12","9x1PC","","","PMP","0","18.31","","WEEK 36 PROMOTION","01/09/2025","07/09/2025","","1.5","","No Shipping class","0","72",""
"19128","","en","variant_family","simple","HEALTH, BEAUTY & BABY PRODUCTS/DENTAL CARE","19128.webp","LISTERINE MOUTHWASH FRESH BURST","LISTERINE MOUTHWASH FRESH BURST","LISTERINE MOUTHWASH FRESH BURST","1","1","","","","10","11.99","0","01/09/2025","07/09/2025","listerine-mouthwash-fresh-burst-19128","","","","7","default=8","","","","19","1","","7","6x500ML","","","PLAIN","0","21.55","","WEEK 36 PROMOTION","01/09/2025","07/09/2025","","3.49","","No Shipping class","0","73",""
"19178","","en","variant_family","simple","HEALTH, BEAUTY & BABY PRODUCTS/DENTAL CARE","19178.webp","LISTERINE MOUTHWASH TOTAL CARE","LISTERINE MOUTHWASH TOTAL CARE","LISTERINE MOUTHWASH TOTAL CARE","1","1","","","","10","8.59","0","01/09/2025","07/09/2025","listerine-mouthwash-total-care-19178","","","","7","default=3","","","","19","1","","7","6x250ML","","","PLAIN","0","24.1","","WEEK 36 PROMOTION","01/09/2025","07/09/2025","","2.29","","No Shipping class","0","74",""
"199123","","en","variant_family","simple","HEALTH, BEAUTY & BABY PRODUCTS/DENTAL CARE","199123.webp","LISTERINE MOUTHWASH COOLMINT","LISTERINE MOUTHWASH COOLMINT","LISTERINE MOUTHWASH COOLMINT","1","1","","","","10","12.49","0","01/09/2025","07/09/2025","listerine-mouthwash-coolmint-199123","","","","7","default=3","","","","19","1","","7","6x500ML","","","PLAIN","0","21.55","","WEEK 36 PROMOTION","01/09/2025","07/09/2025","","3.49","","No Shipping class","0","75",""
"502274","","en","variant_family","simple","HEALTH, BEAUTY & BABY PRODUCTS/DENTAL CARE","502274.webp","COLGATE T/PASTE WHITE TEETH PM£1.00","COLGATE T/PASTE WHITE TEETH PM£1.00","COLGATE T/PASTE WHITE TEETH PM£1.00","1","1","","","","10","7.59","0","01/09/2025","07/09/2025","colgate-tpaste-white-teeth-pmps100-502274","","","","8","default=9","","","","19","1","","8","12x75ML","","","PMP","0","24.1","","WEEK 36 PROMOTION","01/09/2025","07/09/2025","","1","","No Shipping class","0","76",""
"53236","","en","variant_family","simple","HOUSEHOLD, CLEANING & PAPER/CLEANING","53236.webp","MR MUSCLE SINK&DRAIN GEL+100% FREE","MR MUSCLE SINK&DRAIN GEL+100% FREE","MR MUSCLE SINK&DRAIN GEL+100% FREE","1","1","","","","10","18.49","0","01/09/2025","07/09/2025","mr-muscle-sinkdrain-gel100-free-53236","","","","8","default=3","","","","19","1","","8","6x1LTR","","","PLAIN","0","19.96","","WEEK 36 PROMOTION","01/09/2025","07/09/2025","","4.62","","No Shipping class","0","77",""
"75298","","en","variant_family","simple","HOUSEHOLD, CLEANING & PAPER/AIR FRESHENER","75298.webp","PLEDGE WOOD 5IN1 LAVENDER A/SOL","PLEDGE WOOD 5IN1 LAVENDER A/SOL","PLEDGE WOOD 5IN1 LAVENDER A/SOL","1","1","","","","10","7.25","0","01/09/2025","07/09/2025","pledge-wood-5in1-lavender-asol-75298","","","","8","default=10","","","","19","1","","8","6x250ML","","","PLAIN","0","13.73","","WEEK 36 PROMOTION","01/09/2025","07/09/2025","","1.69","","No Shipping class","0","78",""
"75299","","en","variant_family","simple","HOUSEHOLD, CLEANING & PAPER/AIR FRESHENER","75299.webp","PLEDGE 5IN1 M/S JASMINE A/SOL","PLEDGE 5IN1 M/S JASMINE A/SOL","PLEDGE 5IN1 M/S JASMINE A/SOL","1","1","","","","10","6.89","0","01/09/2025","07/09/2025","pledge-5in1-ms-jasmine-asol-75299","","","","7","default=3","","","","19","1","","7","6x250ML","","","PLAIN","0","26.73","","WEEK 36 PROMOTION","01/09/2025","07/09/2025","","1.99","","No Shipping class","0","79",""
"46558","","en","variant_family","simple","HOUSEHOLD, CLEANING & PAPER/DISHWASHER & WASHING UP","46558.webp","FAIRY LIQUID POMEGRAN PM£1.29","FAIRY LIQUID POMEGRAN PM£1.29","FAIRY LIQUID POMEGRAN PM£1.29","1","1","","","","10","7.49","0","01/09/2025","07/09/2025","fairy-liquid-pomegran-pmps129-46558","","","","30","default=6","","","","19","1","","30","10x320ML","","","PMP","0","27.53","","WEEK 36 PROMOTION","01/09/2025","07/09/2025","","1.29","","No Shipping class","0","80",""
"128889","","en","variant_family","simple","HOUSEHOLD, CLEANING & PAPER/DISHWASHER & WASHING UP","128889.webp","FAIRY LIQUID ORIGINAL PM£1.29","FAIRY LIQUID ORIGINAL PM£1.29","FAIRY LIQUID ORIGINAL PM£1.29","1","1","","","","10","7.79","0","01/09/2025","07/09/2025","fairy-liquid-original-pmps129-128889","","","","21","default=18","","","","19","1","","21","10x320ML","","","PMP","0","27.53","","WEEK 36 PROMOTION","01/09/2025","07/09/2025","","1.29","","No Shipping class","0","81",""
"145589","","en","variant_family","simple","HOUSEHOLD, CLEANING & PAPER/DISHWASHER & WASHING UP","145589.webp","FAIRY LIQUID LEMON PM£1.29","FAIRY LIQUID LEMON PM£1.29","FAIRY LIQUID LEMON PM£1.29","1","1","","","","10","7.49","0","01/09/2025","07/09/2025","fairy-liquid-lemon-pmps129-145589","","","","36","default=24","","","","19","1","","36","10x320ML","","","PMP","0","27.53","","WEEK 36 PROMOTION","01/09/2025","07/09/2025","","1.29","","No Shipping class","0","82",""
"112568","","en","variant_family","simple","HEALTH, BEAUTY & BABY PRODUCTS/NAPPIES & BABY TOILETRIES","112568.webp","PAMPERS BABY DRY TAPED SIZE 6 PM£6.49","PAMPERS BABY DRY TAPED SIZE 6 PM£6.49","PAMPERS BABY DRY TAPED SIZE 6 PM£6.49","1","1","","","","10","19.49","0","01/09/2025","07/09/2025","pampers-baby-dry-taped-size-6-pmps649-112568","","","","9","default=10","","","","19","3","","9","4x19'S","","","PMP","0","24.92","","WEEK 36 PROMOTION","01/09/2025","07/09/2025","","6.49","","No Shipping class","0","83",""
"22246","","en","variant_family","simple","HEALTH, BEAUTY & BABY PRODUCTS/NAPPIES & BABY TOILETRIES","22246.webp","PAMPERS BABY WIPES SENSITIVE PM£1.29","PAMPERS BABY WIPES SENSITIVE PM£1.29","PAMPERS BABY WIPES SENSITIVE PM£1.29","1","1","","","","10","9.99","0","01/09/2025","07/09/2025","pampers-baby-wipes-sensitive-pmps129-22246","","","","7","default=5","","","","19","1","","7","12x52's","","","PMP","0","22.56","","WEEK 36 PROMOTION","01/09/2025","07/09/2025","","1.29","","No Shipping class","0","84",""
"64200","","en","variant_family","configurable","HEALTH, BEAUTY & BABY PRODUCTS/FEMININE HYGIENE","64200.webp","ALWAYS ULTRA DAY PM£2.69","ALWAYS ULTRA DAY PM£2.69","ALWAYS ULTRA DAY PM£2.69","1","1","","","","0","0","0","01/09/2025","07/09/2025","always-ultra-day-pmps269-64200","","","","44","0","","","","0","0","","7","4x13'S","","","PMP","0","35.97","","WEEK 36 PROMOTION","01/09/2025","07/09/2025","","2.69","","No Shipping class","sku=64200a,pack_size=Pack 1|sku=64200c,pack_size=Pack 2","85","The special price field must be less than 0."
"64201","","en","variant_family","configurable","HEALTH, BEAUTY & BABY PRODUCTS/FEMININE HYGIENE","64201.webp","ALWAYS ULTRA DAY & NIGHT PMP£2.69","ALWAYS ULTRA DAY & NIGHT PMP£2.69","ALWAYS ULTRA DAY & NIGHT PMP£2.69","1","1","","","","0","0","0","01/09/2025","07/09/2025","always-ultra-day-night-pmpps269-64201","","","","99","0","","","","0","0","","14","4x9's","","","PMP","0","35.97","","WEEK 36 PROMOTION","01/09/2025","07/09/2025","","2.69","","No Shipping class","sku=64201a,pack_size=Pack 1|sku=64201c,pack_size=Pack 2","86","The special price field must be less than 0."
"20215","","en","variant_family","simple","HEALTH, BEAUTY & BABY PRODUCTS/FEMININE HYGIENE","20215.webp","TAMPAX COMPAK SUPER PLUS","TAMPAX COMPAK SUPER PLUS","TAMPAX COMPAK SUPER PLUS","1","1","","","","10","13.99","0","01/09/2025","07/09/2025","tampax-compak-super-plus-20215","","","","11","default=1","","","","19","3","","11","6x18s","","","PLAIN","0","16.44","","WEEK 36 PROMOTION","01/09/2025","07/09/2025","","2.99","","No Shipping class","0","87",""
"182700","","en","variant_family","simple","HEALTH, BEAUTY & BABY PRODUCTS/BATH, SHOWER, SOAP","182700.webp","CAREX HANDWASH ORIGINAL PM£1.49","CAREX HANDWASH ORIGINAL PM£1.49","CAREX HANDWASH ORIGINAL PM£1.49","1","1","","","","10","5.49","0","01/09/2025","07/09/2025","carex-handwash-original-pmps149-182700","","","","11","default=2","","","","19","1","","11","6x250ML","","","PMP","0","19.6","","WEEK 36 PROMOTION","01/09/2025","07/09/2025","","1.49","","No Shipping class","0","88",""
"502141","","en","variant_family","simple","HEALTH, BEAUTY & BABY PRODUCTS/BATH, SHOWER, SOAP","502141.webp","ENLIVEN ANTIBACT HANDWASH ROSE","ENLIVEN ANTIBACT HANDWASH ROSE","ENLIVEN ANTIBACT HANDWASH ROSE","1","1","","","","10","5.29","0","01/09/2025","07/09/2025","enliven-antibact-handwash-rose-502141","","","","9","default=10","","","","19","1","","2","6x500ML","","","PLAIN","0","28.99","","WEEK 36 PROMOTION","01/09/2025","07/09/2025","","1.49","","No Shipping class","0","89",""
"197049","","en","variant_family","simple","HEALTH, BEAUTY & BABY PRODUCTS/MEN'S TOILETRIES","197049.webp","LYNX SHOWER GEL APOLLO","LYNX SHOWER GEL APOLLO","LYNX SHOWER GEL APOLLO","1","1","","","","10","3.49","0","01/09/2025","07/09/2025","lynx-shower-gel-apollo-197049","","","","10","default=12","","","","19","1","","10","6x50ML","","","PLAIN","0","29.49","","WEEK 36 PROMOTION","01/09/2025","07/09/2025","","0.99","","No Shipping class","0","90",""
"195451","","en","variant_family","simple","HEALTH, BEAUTY & BABY PRODUCTS/BATH, SHOWER, SOAP","195451.webp","DOVE CREAM BAR SOAP 4PACK","DOVE CREAM BAR SOAP 4PACK","DOVE CREAM BAR SOAP 4PACK","1","1","","","","10","29.99","0","01/09/2025","07/09/2025","dove-cream-bar-soap-4pack-195451","","","","10","default=10","","","","19","1","","10","12x90GRM","","","PLAIN","0","14.07","","WEEK 36 PROMOTION","01/09/2025","07/09/2025","","3.49","","No Shipping class","0","91",""
"100531","","en","variant_family","simple","HEALTH, BEAUTY & BABY PRODUCTS/BATH, SHOWER, SOAP","100531.webp","TRESEMME COND RICH MOISTURE PM£2.50","TRESEMME COND RICH MOISTURE PM£2.50","TRESEMME COND RICH MOISTURE PM£2.50","1","1","","","","10","9.19","0","01/09/2025","07/09/2025","tresemme-cond-rich-moisture-pmps250-100531","","","","10","default=11","","","","19","1","","10","6x300ML","","","PMP","0","26.48","","WEEK 36 PROMOTION","01/09/2025","07/09/2025","","2.5","","No Shipping class","0","92",""
"100671","","en","variant_family","simple","HEALTH, BEAUTY & BABY PRODUCTS/BATH, SHOWER, SOAP","100671.webp","PALMOLIVE SHAMPOO 2IN1 PM£1.25","PALMOLIVE SHAMPOO 2IN1 PM£1.25","PALMOLIVE SHAMPOO 2IN1 PM£1.25","1","1","","","","10","4.59","0","01/09/2025","07/09/2025","palmolive-shampoo-2in1-pmps125-100671","","","","7","default=6","","","","19","1","","7","6x350ML","","","PMP","0","26.56","","WEEK 36 PROMOTION","01/09/2025","07/09/2025","","1.25","","No Shipping class","0","93",""
"502270","","en","variant_family","simple","HEALTH, BEAUTY & BABY PRODUCTS/HAIRCARE","502270.webp","SANEX SHAMPOO 2 IN 1 PM£2.00","SANEX SHAMPOO 2 IN 1 PM£2.00","SANEX SHAMPOO 2 IN 1 PM£2.00","1","1","","","","10","7.49","0","01/09/2025","07/09/2025","sanex-shampoo-2-in-1-pmps200-502270","","","","9","default=9","","","","19","1","","9","6x250ML","","","PMP","0","25.1","","WEEK 36 PROMOTION","01/09/2025","07/09/2025","","2","","No Shipping class","0","94",""
"81887","","en","variant_family","simple","HOUSEHOLD, CLEANING & PAPER/LAUNDRY","81887.webp","DAZ LIQUID PM£3.79 20wash","DAZ LIQUID PM£3.79 20wash","DAZ LIQUID PM£3.79 20wash","1","1","","","","10","9.19","0","01/09/2025","07/09/2025","daz-liquid-pmps379-20wash-81887","","","","10","default=2","","","","19","1","","10","4x0.66L","","","PMP","0","27.26","","WEEK 36 PROMOTION","01/09/2025","07/09/2025","","3.79","","No Shipping class","0","95",""
"91543","","en","variant_family","simple","HOUSEHOLD, CLEANING & PAPER/CLEANING","91543.webp","DOMESTOS BLEACH PINK PM£1.49","DOMESTOS BLEACH PINK PM£1.49","DOMESTOS BLEACH PINK PM£1.49","1","1","","","","10","8.49","8.29","01/09/2025","07/09/2025","domestos-bleach-pink-pmps149-91543","","","","13","default=15","","","","19","1","","13","9x750ML","","","PMP","0","18.66","","WEEK 36 PROMOTION","01/09/2025","07/09/2025","","1.49","","No Shipping class","0","96",""
"900069","","en","variant_family","simple","HOUSEHOLD, CLEANING & PAPER/CLEANING","900069.webp","CIF TRIGGER SPRAY ORANGE & LEMON","CIF TRIGGER SPRAY ORANGE & LEMON","CIF TRIGGER SPRAY ORANGE & LEMON","1","1","","","","10","9.99","0","01/09/2025","07/09/2025","cif-trigger-spray-orange-lemon-900069","","","","8","default=3","","","","19","1","","8","6x750ML","","","PLAIN","0","23.81","","WEEK 36 PROMOTION","01/09/2025","07/09/2025","","2.99","","No Shipping class","0","97",""
"900072","","en","variant_family","simple","HEALTH, BEAUTY & BABY PRODUCTS/DENTAL CARE","900072.webp","COLOGATE TOOTHBRUSH ZIG ZAG FIRM PMP£2.00","COLOGATE TOOTHBRUSH ZIG ZAG FIRM PMP£2.00","COLOGATE TOOTHBRUSH ZIG ZAG FIRM PMP£2.00","1","1","","","","10","7.19","0","01/09/2025","07/09/2025","cologate-toothbrush-zig-zag-firm-pmpps200-900072","","","","11","default=11","","","","19","1","","11","6xSGL","","","PMP","0","27.1","","WEEK 36 PROMOTION","01/09/2025","07/09/2025","","2","","No Shipping class","0","98",""
"900104","","en","variant_family","simple","HOUSEHOLD, CLEANING & PAPER/CLEANING","900104.webp","MR MUSCLE PLATINUM WINDOW & GLASS£2.75","MR MUSCLE PLATINUM WINDOW & GLASS£2.75","MR MUSCLE PLATINUM WINDOW & GLASS£2.75","1","1","","","","10","9.79","0","01/09/2025","07/09/2025","mr-muscle-platinum-window-glassps275-900104","","","","9","default=8","","","","19","1","","9","6x750ML","","","PMP","0","28.8","","WEEK 36 PROMOTION","01/09/2025","07/09/2025","","2.75","","No Shipping class","0","99",""
"192021","","en","variant_family","configurable","HOUSEHOLD, CLEANING & PAPER/KITCHEN ACCESSORIES","192021.webp","STEEL SCRUBBERS","STEEL SCRUBBERS","STEEL SCRUBBERS","1","1","","","","0","0","0","01/09/2025","07/09/2025","steel-scrubbers-192021","","","","25","0","","","","0","0","","25","10x6 PC","","","PLAIN","0","15.27","","WEEK 36 PROMOTION","01/09/2025","07/09/2025","","0.99","","No Shipping class","sku=192021a,pack_size=Pack 1|sku=192021c,pack_size=Pack 2","100","The special price field must be less than 0."
"192024","","en","variant_family","simple","HOUSEHOLD, CLEANING & PAPER/KITCHEN ACCESSORIES","192024.webp","SPONGE SCOURERS","SPONGE SCOURERS","SPONGE SCOURERS","1","1","","","","10","0.59","0","01/09/2025","07/09/2025","sponge-scourers-192024","","","","9","default=25","","","","19","1","","9","1x5 PC","","","PLAIN","0","20.45","","WEEK 36 PROMOTION","01/09/2025","07/09/2025","","0.89","","No Shipping class","0","101",""
"192025","","en","variant_family","simple","HOUSEHOLD, CLEANING & PAPER/KITCHEN ACCESSORIES","192025.webp","SPONGE SCRUBBERS","SPONGE SCRUBBERS","SPONGE SCRUBBERS","1","1","","","","10","0.59","0","01/09/2025","07/09/2025","sponge-scrubbers-192025","","","","152","default=218","","","","19","1","","152","1x10 PC","","","PLAIN","0","28.48","","WEEK 36 PROMOTION","01/09/2025","07/09/2025","","0.99","","No Shipping class","0","102",""
"192027","","en","variant_family","simple","HOUSEHOLD, CLEANING & PAPER/KITCHEN ACCESSORIES","192027.webp","FOIL CONTAINER WITH LIDS 230MM","FOIL CONTAINER WITH LIDS 230MM","FOIL CONTAINER WITH LIDS 230MM","1","1","","","","10","9.99","0","01/09/2025","07/09/2025","foil-container-with-lids-230mm-192027","","","","18","default=18","","","","19","1","","18","1x50 PC","","","PLAIN","0","25.03","","WEEK 36 PROMOTION","01/09/2025","07/09/2025","","15.99","","No Shipping class","0","103",""
"192038","","en","variant_family","simple","NON-FOOD AND STATIONERY/FOOD & DRINK DISPOSABLE","192038.webp","REUSABLE DELUX 9"" 3 COMPARTMENT ROUND PLASTIC P","REUSABLE DELUX 9"" 3 COMPARTMENT ROUND PLASTIC P","REUSABLE DELUX 9"" 3 COMPARTMENT ROUND PLASTIC P","1","1","","","","10","3.99","0","01/09/2025","07/09/2025","reusable-delux-9-3-compartment-round-plastic-p-192038","","","","18","default=19","","","","19","1","","18","1x100 PC","","","PLAIN","0","20.07","","WEEK 36 PROMOTION","01/09/2025","07/09/2025","","5.99","","No Shipping class","0","104",""
"902043","","en","variant_family","simple","NON-FOOD AND STATIONERY/FOOD & DRINK DISPOSABLE","902043.webp","REUSABLE DELUX HEAVY- DUTY P COMPARTMENT","REUSABLE DELUX HEAVY- DUTY P COMPARTMENT","REUSABLE DELUX HEAVY- DUTY P COMPARTMENT","1","1","","","","10","7.49","0","01/09/2025","07/09/2025","reusable-delux-heavy-duty-p-compartment-902043","","","","13","default=13","","","","19","1","","13","1x50 PC","","","PLAIN","0","18.22","","WEEK 36 PROMOTION","01/09/2025","07/09/2025","","10.99","","No Shipping class","0","105",""
"903282","","en","variant_family","configurable","NON-FOOD AND STATIONERY/FOOD & DRINK DISPOSABLE","0","REUSABLE DELUX PLASTIC SPOONS 75PC","REUSABLE DELUX PLASTIC SPOONS 75PC","REUSABLE DELUX PLASTIC SPOONS 75PC","1","1","","","","0","0","0","01/09/2025","07/09/2025","reusable-delux-plastic-spoons-75pc-903282","","","","38","0","","","","0","0","","1","1x75PC","","","PLAIN","0","20.34","","WEEK 36 PROMOTION","01/09/2025","07/09/2025","","1.19","","No Shipping class","sku=903282a,pack_size=Pack 1|sku=903282c,pack_size=Pack 2","106","The special price field must be less than 0."
"903283","","en","variant_family","configurable","NON-FOOD AND STATIONERY/FOOD & DRINK DISPOSABLE","0","WOODEN SPOONS","WOODEN SPOONS","WOODEN SPOONS","1","1","","","","0","0","0","01/09/2025","07/09/2025","wooden-spoons-903283","","","","18","0","","","","0","0","","1","1x100PC","","","PLAIN","0","28.24","","WEEK 36 PROMOTION","01/09/2025","07/09/2025","","1.99","","No Shipping class","sku=903283a,pack_size=Pack 1|sku=903283c,pack_size=Pack 2","107","The special price field must be less than 0."
"20051","","en","variant_family","simple","NON-FOOD AND STATIONERY/FOOD & DRINK DISPOSABLE","20051.webp","DINA DELUXE COMP PLASTIC PLATES 9''","DINA DELUXE COMP PLASTIC PLATES 9''","DINA DELUXE COMP PLASTIC PLATES 9''","1","1","","","","10","4.49","0","01/09/2025","07/09/2025","dina-deluxe-comp-plastic-plates-9-20051","","","","19","default=19","","","","19","1","","19","1x50'S","","","PLAIN","0","32.57","","WEEK 36 PROMOTION","01/09/2025","07/09/2025","","7.99","","No Shipping class","0","108",""
"74058","","en","variant_family","simple","NON-FOOD AND STATIONERY/STATIONERY","74058.webp","DINA BAG CLIPS 74058","DINA BAG CLIPS 74058","DINA BAG CLIPS 74058","1","1","","","","10","0.59","0","01/09/2025","07/09/2025","dina-bag-clips-74058-74058","","","","39","default=39","","","","19","1","","39","1x13PC","","","PLAIN","0","45.12","","WEEK 36 PROMOTION","01/09/2025","07/09/2025","","1.29","","No Shipping class","0","109",""
"74106","","en","variant_family","simple","NON-FOOD AND STATIONERY/FOOD & DRINK DISPOSABLE","0","DINA PLASTIC FOOD CONTAINER WITH LIDS 500ML","DINA PLASTIC FOOD CONTAINER WITH LIDS 500ML","DINA PLASTIC FOOD CONTAINER WITH LIDS 500ML","1","1","","","","10","0.99","0","01/09/2025","07/09/2025","dina-plastic-food-container-with-lids-500ml-74106","","","","22","default=28","","","","19","1","","22","1x5PC","","","PLAIN","0","54.13","","WEEK 36 PROMOTION","01/09/2025","07/09/2025","","2.59","","No Shipping class","0","110",""
"902095","","en","variant_family","simple","CONFECTIONERY/SWEET BAGS","902095.webp","HARIBO HAPPY COLA PM£1.25","HARIBO HAPPY COLA PM£1.25","HARIBO HAPPY COLA PM£1.25","1","1","","","","10","7.49","0","01/09/2025","07/09/2025","haribo-happy-cola-pmps125-902095","","","","15","default=13","","","","19","1","","15","12x154G","","","PMP","0","30.48","","WEEK 36 PROMOTION","01/09/2025","07/09/2025","","1.25","","No Shipping class","0","111",""
"48210","","en","variant_family","simple","CONFECTIONERY/SWEET BAGS","48210.webp","HARIBO BALLA STIXX STRAWBERRY PM£1.25","HARIBO BALLA STIXX STRAWBERRY PM£1.25","HARIBO BALLA STIXX STRAWBERRY PM£1.25","1","1","","","","10","7.49","0","01/09/2025","07/09/2025","haribo-balla-stixx-strawberry-pmps125-48210","","","","29","default=5","","","","19","1","","29","12x140G","","","PMP","0","30.48","","WEEK 36 PROMOTION","01/09/2025","07/09/2025","","1.25","","No Shipping class","0","112",""
"111433","","en","variant_family","simple","CONFECTIONERY/SWEET BAGS","111433.webp","HARIBO MAOAM PINBALLS BAGS PM£1.25","HARIBO MAOAM PINBALLS BAGS PM£1.25","HARIBO MAOAM PINBALLS BAGS PM£1.25","1","1","","","","10","9.99","0","01/09/2025","07/09/2025","haribo-maoam-pinballs-bags-pmps125-111433","","","","20","default=1","","","","19","1","","20","14x161G","","","PMP","0","28.75","","WEEK 36 PROMOTION","01/09/2025","07/09/2025","","1.25","","No Shipping class","0","113",""
"63254","","en","variant_family","simple","CONFECTIONERY/SWEET BAGS","63254.webp","BEBETO WATERMELON PM50P","BEBETO WATERMELON PM50P","BEBETO WATERMELON PM50P","1","1","","","","10","4.99","0","01/09/2025","07/09/2025","bebeto-watermelon-pm50p-63254","","","","6","default=16","","","","19","1","","6","20x70GRM","","","PMP","0","35.32","","WEEK 36 PROMOTION","01/09/2025","07/09/2025","","0.5","","No Shipping class","0","114",""
"122778","","en","variant_family","simple","CONFECTIONERY/SWEET BAGS","122778.webp","BEBETO STRAWBERRY LACES PM£1.0","BEBETO STRAWBERRY LACES PM£1.0","BEBETO STRAWBERRY LACES PM£1.0","1","1","","","","10","7.29","0","01/09/2025","07/09/2025","bebeto-strawberry-laces-pmps10-122778","","","","16","default=14","","","","19","1","","16","12x160GRM","","","PMP","0","27.1","","WEEK 36 PROMOTION","01/09/2025","07/09/2025","","1","","No Shipping class","0","115",""
"900154","","en","variant_family","simple","CONFECTIONERY/SWEET BAGS","900154.webp","BEBETO PM £1.00 FIZZY STRAWBERRY LA","BEBETO PM £1.00 FIZZY STRAWBERRY LA","BEBETO PM £1.00 FIZZY STRAWBERRY LA","1","1","","","","10","6.99","0","01/09/2025","07/09/2025","bebeto-pm-ps100-fizzy-strawberry-la-900154","","","","14","default=5","","","","19","1","","14","12x200G","","","PMP","0","30.1","","WEEK 36 PROMOTION","01/09/2025","07/09/2025","","1","","No Shipping class","0","116",""
"902799","","en","variant_family","simple","TOBACCO & VAPES/CIGARETTE PAPERS & LIGHTERS","902799.webp","RIZLA KING SLIM NATURA 50'S","RIZLA KING SLIM NATURA 50'S","RIZLA KING SLIM NATURA 50'S","1","1","","","","10","12.99","0","01/09/2025","07/09/2025","rizla-king-slim-natura-50s-902799","","","","21","default=22","","","","19","1","","21","50x50'S","","","PLAIN","0","53.63","","WEEK 36 PROMOTION","01/09/2025","07/09/2025","","0.75","","No Shipping class","0","117",""
"902802","","en","variant_family","simple","TOBACCO & VAPES/CIGARETTE PAPERS & LIGHTERS","902802.webp","RIZLA FLAVOUR CARDS-MINT 25'S","RIZLA FLAVOUR CARDS-MINT 25'S","RIZLA FLAVOUR CARDS-MINT 25'S","1","1","","","","10","8.19","0","01/09/2025","07/09/2025","rizla-flavour-cards-mint-25s-902802","","","","15","default=7","","","","19","1","","15","25x25'S","","","PLAIN","0","60.29","","WEEK 36 PROMOTION","01/09/2025","07/09/2025","","0.99","","No Shipping class","0","118",""
"902803","","en","variant_family","simple","TOBACCO & VAPES/CIGARETTE PAPERS & LIGHTERS","902803.webp","RAW CONNOISSEUR CLASSIC ROLLING PAPERS 24PK","RAW CONNOISSEUR CLASSIC ROLLING PAPERS 24PK","RAW CONNOISSEUR CLASSIC ROLLING PAPERS 24PK","1","1","","","","10","9.99","0","01/09/2025","07/09/2025","raw-connoisseur-classic-rolling-papers-24pk-902803","","","","28","default=21","","","","19","1","","28","24x24PK","","","PLAIN","0","49.55","","WEEK 36 PROMOTION","01/09/2025","07/09/2025","","0.99","","No Shipping class","0","119",""
"902805","","en","variant_family","simple","TOBACCO & VAPES/CIGARETTE PAPERS & LIGHTERS","902805.webp","RIZLA KING SIZE THIN BLUE SLIM","RIZLA KING SIZE THIN BLUE SLIM","RIZLA KING SIZE THIN BLUE SLIM","1","1","","","","10","13.99","0","01/09/2025","07/09/2025","rizla-king-size-thin-blue-slim-902805","","","","17","default=7","","","","19","1","","17","50x50","","","PLAIN","0","66.08","","WEEK 36 PROMOTION","01/09/2025","07/09/2025","","0.99","","No Shipping class","0","120",""
"902810","","en","variant_family","simple","TOBACCO & VAPES/CIGARETTE PAPERS & LIGHTERS","902810.webp","RAW BLACK TIPS 50PK","RAW BLACK TIPS 50PK","RAW BLACK TIPS 50PK","1","1","","","","10","5.99","0","01/09/2025","07/09/2025","raw-black-tips-50pk-902810","","","","11","default=8","","","","19","1","","11","50x50PK","","","PLAIN","0","63.14","","WEEK 36 PROMOTION","01/09/2025","07/09/2025","","0.39","","No Shipping class","0","121",""
"902841","","en","variant_family","configurable","NON-FOOD AND STATIONERY/STATIONERY","0","MINI UMBRELLAS BLACK AUTO OPEN/CLOSE 23605B","MINI UMBRELLAS BLACK AUTO OPEN/CLOSE 23605B","MINI UMBRELLAS BLACK AUTO OPEN/CLOSE 23605B","1","1","","","","0","0","0","01/09/2025","07/09/2025","mini-umbrellas-black-auto-openclose-23605b-902841","","","","60","0","","","","0","0","","5","1x1","","","PLAIN","0","28.1","","WEEK 36 PROMOTION","01/09/2025","07/09/2025","","4.99","","No Shipping class","sku=902841a,pack_size=Pack 1|sku=902841c,pack_size=Pack 2","122","The special price field must be less than 0."
"903608","","en","variant_family","simple","TOBACCO & VAPES/CIGARETTE PAPERS & LIGHTERS","903608.webp","GSD DISPOSABLE LIGHTER","GSD DISPOSABLE LIGHTER","GSD DISPOSABLE LIGHTER","1","1","","","","10","3.49","0","01/09/2025","07/09/2025","gsd-disposable-lighter-903608","","","","18","default=27","","","","19","1","","18","50x1","","","PLAIN","0","16.24","","WEEK 36 PROMOTION","01/09/2025","07/09/2025","","0.1","","No Shipping class","0","123",""
"106947","","en","variant_family","simple","TOBACCO & VAPES/CIGARETTE PAPERS & LIGHTERS","106947.webp","RIZLA RED PAPERS","RIZLA RED PAPERS","RIZLA RED PAPERS","1","1","","","","10","14.29","0","01/09/2025","07/09/2025","rizla-red-papers-106947","","","","57","default=50","","","","19","1","","57","100xSTD","","","PLAIN","0","40.46","","WEEK 36 PROMOTION","01/09/2025","07/09/2025","","0.29","","No Shipping class","0","124",""
"106953","","en","variant_family","simple","TOBACCO & VAPES/CIGARETTE PAPERS & LIGHTERS","0","RIZLA GREEN PAPERS","RIZLA GREEN PAPERS","RIZLA GREEN PAPERS","1","1","","","","10","16.99","0","01/09/2025","07/09/2025","rizla-green-papers-106953","","","","23","default=27","","","","19","1","","23","100xSTD","","","PLAIN","0","41.57","","WEEK 36 PROMOTION","01/09/2025","07/09/2025","","0.39","","No Shipping class","0","125",""
"106977","","en","variant_family","simple","TOBACCO & VAPES/CIGARETTE PAPERS & LIGHTERS","0","RIZLA LIQUORICE PAPERS","RIZLA LIQUORICE PAPERS","RIZLA LIQUORICE PAPERS","1","1","","","","10","30.99","0","01/09/2025","07/09/2025","rizla-liquorice-papers-106977","","","","43","default=48","","","","19","1","","43","100xSTD","","","PLAIN","0","21.66","","WEEK 36 PROMOTION","01/09/2025","07/09/2025","","0.49","","No Shipping class","0","126",""
"69530","","en","variant_family","simple","TOBACCO & VAPES/CIGARETTE PAPERS & LIGHTERS","69530.webp","RIZLA RED PAPERS KING SIZE","RIZLA RED PAPERS KING SIZE","RIZLA RED PAPERS KING SIZE","1","1","","","","10","21.89","0","01/09/2025","07/09/2025","rizla-red-papers-king-size-69530","","","","20","default=22","","","","19","1","","20","50xK/SIZE","","","PLAIN","0","6.12","","WEEK 36 PROMOTION","01/09/2025","07/09/2025","","0.69","","No Shipping class","0","127",""
"43106","","en","variant_family","simple","TOBACCO & VAPES/CIGARETTE PAPERS & LIGHTERS","43106.webp","RIZLA KING SIZE SILVER SLIM","RIZLA KING SIZE SILVER SLIM","RIZLA KING SIZE SILVER SLIM","1","1","","","","10","14.99","0","01/09/2025","07/09/2025","rizla-king-size-silver-slim-43106","","","","21","default=29","","","","19","1","","21","50xK/SIZE","","","PLAIN","0","52.03","","WEEK 36 PROMOTION","01/09/2025","07/09/2025","","0.75","","No Shipping class","0","128",""
"87867","","en","variant_family","simple","NON-FOOD AND STATIONERY/BATTERIES","87867.webp","DURACELL BATTERY PLUS POWER MN1500 (AA)","DURACELL BATTERY PLUS POWER MN1500 (AA)","DURACELL BATTERY PLUS POWER MN1500 (AA)","1","1","","","","10","30.69","29.29","01/09/2025","07/09/2025","duracell-battery-plus-power-mn1500-aa-87867","","","","10","default=17","","","","19","1","","10","20x4PACK","","","PLAIN","0","38.41","","WEEK 36 PROMOTION","01/09/2025","07/09/2025","","2.99","","No Shipping class","0","129",""
"116282","","en","variant_family","simple","NON-FOOD AND STATIONERY/BATTERIES","116282.webp","PANASONIC BATTERIES RED R14 (C)","PANASONIC BATTERIES RED R14 (C)","PANASONIC BATTERIES RED R14 (C)","1","1","","","","10","6.49","6.29","01/09/2025","07/09/2025","panasonic-batteries-red-r14-c-116282","","","","36","default=24","","","","19","1","","36","12x2S","","","PLAIN","0","56.44","","WEEK 36 PROMOTION","01/09/2025","07/09/2025","","1.49","","No Shipping class","0","130",""
"900028","","en","variant_family","simple","TOBACCO & VAPES/CIGARETTE PAPERS & LIGHTERS","900028.webp","RIZLA STD SILVER REGULAR GX","RIZLA STD SILVER REGULAR GX","RIZLA STD SILVER REGULAR GX","1","1","","","","10","16.99","0","01/09/2025","07/09/2025","rizla-std-silver-regular-gx-900028","","","","51","default=59","","","","19","1","","51","100xSINGLE","","","PLAIN","0","47.72","","WEEK 36 PROMOTION","01/09/2025","07/09/2025","","0.39","","No Shipping class","0","131",""
"31423","","en","variant_family","simple","GROCERY/TINNED FOOD","31423.webp","DUNNS RIVER PEAS&BEANS","DUNNS RIVER PEAS&BEANS","DUNNS RIVER PEAS&BEANS","1","1","","","","10","7.19","6.99","01/09/2025","07/09/2025","dunns-river-peasbeans-31423","","","","2","default=3","","","","19","3","","2","12x400GM","","","PLAIN","0","22.05","","WEEK 36 PROMOTION","01/09/2025","07/09/2025","","0.79","","No Shipping class","0","132",""
"191897","","en","variant_family","simple","GROCERY/COOKING SAUCE & PASTA","191897.webp","ENCONA WEST INDIAN ORGINALHOT PEPPER SAUCE PM£1.19","ENCONA WEST INDIAN ORGINALHOT PEPPER SAUCE PM£1.19","ENCONA WEST INDIAN ORGINALHOT PEPPER SAUCE PM£1.19","1","1","","","","10","5.19","0","01/09/2025","07/09/2025","encona-west-indian-orginalhot-pepper-sauce-pmps119-191897","","","","6","default=5","","","","19","3","","6","6x142ML","","","PMP","0","20.31","","WEEK 36 PROMOTION","01/09/2025","07/09/2025","","1.19","","No Shipping class","0","133",""
"900543","","en","variant_family","simple","CRISPS AND SNACKS/CRISP","900543.webp","GRACE GREEN PLANTAIN CHIPS","GRACE GREEN PLANTAIN CHIPS","GRACE GREEN PLANTAIN CHIPS","1","1","","","","10","6.99","0","01/09/2025","07/09/2025","grace-green-plantain-chips-900543","","","","20","default=2","","","","19","3","","20","9x85G","","","PLAIN","0","26.71","","WEEK 36 PROMOTION","01/09/2025","07/09/2025","","1.09","","No Shipping class","0","134",""
"902089","","en","variant_family","simple","HOUSEHOLD, CLEANING & PAPER/DISHWASHER & WASHING UP","902089.webp","EASY WUL ORIGINAL£0.79P","EASY WUL ORIGINAL£0.79P","EASY WUL ORIGINAL£0.79P","1","1","","","","10","3.49","3.29","01/09/2025","07/09/2025","easy-wul-originalps079p-902089","","","","68","default=85","","","","19","1","","68","8x500ML","","","PMP","0","33.73","","WEEK 36 PROMOTION","01/09/2025","07/09/2025","","0.79","","No Shipping class","0","135",""
"902090","","en","variant_family","simple","HOUSEHOLD, CLEANING & PAPER/DISHWASHER & WASHING UP","902090.webp","EASY WUL LEMON£0.79P","EASY WUL LEMON£0.79P","EASY WUL LEMON£0.79P","1","1","","","","10","3.49","3.29","01/09/2025","07/09/2025","easy-wul-lemonps079p-902090","","","","174","default=186","","","","19","1","","174","8x500G","","","PMP","0","33.73","","WEEK 36 PROMOTION","01/09/2025","07/09/2025","","0.79","","No Shipping class","0","136",""
"112355","","en","variant_family","configurable","SPIRITS/WHISKY","0","GRANTS TRIPLE WOOD WHISKY PM£18.29","GRANTS TRIPLE WOOD WHISKY PM£18.29","GRANTS TRIPLE WOOD WHISKY PM£18.29","1","1","","","","0","0","0","01/09/2025","07/09/2025","grants-triple-wood-whisky-pmps1829-112355","","","","90","0","","","","0","0","","15","1x70CL","","","PMP","0","15.31","","WEEK 36 PROMOTION","01/09/2025","07/09/2025","","16.99","","No Shipping class","sku=112355a,pack_size=Pack 1|sku=112355c,pack_size=Pack 2","137","The special price field must be less than 0."
"87903","","en","variant_family","simple","BEER, CIDER, ALCOHOL FREE & READY TO DRINK/CIDER","87903.webp","REKORDERLIG CIDER MANGO & RASPBERRY 15x500ML","REKORDERLIG CIDER MANGO & RASPBERRY 15x500ML","REKORDERLIG CIDER MANGO & RASPBERRY 15x500ML","1","1","","","","10","22.99","0","01/09/2025","07/09/2025","rekorderlig-cider-mango-raspberry-15x500ml-87903","","","","1","default=5","","","","19","1","","1","15x500ML","","","PLAIN","0","24.53","","WEEK 36 PROMOTION","01/09/2025","07/09/2025","","2.49","","No Shipping class","0","138",""
"879095","","en","variant_family","simple","BEER, CIDER, ALCOHOL FREE & READY TO DRINK/CIDER","879095.webp","REKORDERLIG CIDER STRAWBERRY & LIME 15x500ML","REKORDERLIG CIDER STRAWBERRY & LIME 15x500ML","REKORDERLIG CIDER STRAWBERRY & LIME 15x500ML","1","1","","","","10","22.99","0","01/09/2025","07/09/2025","rekorderlig-cider-strawberry-lime-15x500ml-879095","","","","1","default=3","","","","19","1","","1","15x500ML","","","PLAIN","0","24.53","","WEEK 36 PROMOTION","01/09/2025","07/09/2025","","2.49","","No Shipping class","0","139",""
"17864","","en","variant_family","configurable","SPIRITS/RUM","0","BACARDI CARTA BLANCA RUM PM£17.99","BACARDI CARTA BLANCA RUM PM£17.99","BACARDI CARTA BLANCA RUM PM£17.99","1","1","","","","0","0","0","01/09/2025","07/09/2025","bacardi-carta-blanca-rum-pmps1799-17864","","","","137","0","","","","0","0","","22","1x70CL","","","PMP","0","20.02","","WEEK 36 PROMOTION","01/09/2025","07/09/2025","","17.99","","No Shipping class","sku=17864a,pack_size=Pack 1|sku=17864c,pack_size=Pack 2","140","The special price field must be less than 0."
"138331","","en","variant_family","simple","WINE/WHITE WINE","138331.webp","CASILLERO SAUVIGNON BLANC","CASILLERO SAUVIGNON BLANC","CASILLERO SAUVIGNON BLANC","1","1","","","","10","33.79","0","01/09/2025","07/09/2025","casillero-sauvignon-blanc-138331","","","","12","default=21","","","","19","1","","12","6x75CL","","","PLAIN","0","23.72","","WEEK 36 PROMOTION","01/09/2025","07/09/2025","","8.99","","No Shipping class","0","141",""
"200090","","en","variant_family","simple","BEER, CIDER, ALCOHOL FREE & READY TO DRINK/BEER & LAGER","0","ESTRELLA GALICIA CERVEZA LAGER 24x33CL","ESTRELLA GALICIA CERVEZA LAGER 24x33CL","ESTRELLA GALICIA CERVEZA LAGER 24x33CL","1","1","","","","10","22.99","0","01/09/2025","07/09/2025","estrella-galicia-cerveza-lager-24x33cl-200090","","","","2","default=3","","","","19","1","","2","24x33 CL","","","PLAIN","0","21.17","","WEEK 36 PROMOTION","01/09/2025","07/09/2025","","1.49","","No Shipping class","0","142",""
"902098","","en","variant_family","simple","BEER, CIDER, ALCOHOL FREE & READY TO DRINK/READY TO DRINK","902098.webp","SMIRNOFF RASPBERRY CRUNCH AND LEMONADE PMP£2.19","SMIRNOFF RASPBERRY CRUNCH AND LEMONADE PMP£2.19","SMIRNOFF RASPBERRY CRUNCH AND LEMONADE PMP£2.19","1","1","","","","10","13.99","0","01/09/2025","07/09/2025","smirnoff-raspberry-crunch-and-lemonade-pmpps219-902098","","","","20","default=2","","","","19","1","","20","12x250ML","","","PMP","0","31.55","","WEEK 36 PROMOTION","01/09/2025","07/09/2025","","2.19","","No Shipping class","0","143",""
"902229","","en","variant_family","simple","BEER, CIDER, ALCOHOL FREE & READY TO DRINK/BEER & LAGER","0","DEBOWE POLISH LAGER 4PK7%","DEBOWE POLISH LAGER 4PK7%","DEBOWE POLISH LAGER 4PK7%","1","1","","","","10","30.99","0","01/09/2025","07/09/2025","debowe-polish-lager-4pk7-902229","","","","3","default=6","","","","19","1","","3","6x500ML","","","PLAIN","0","23.93","","WEEK 36 PROMOTION","01/09/2025","07/09/2025","","8.49","","No Shipping class","0","144",""
"902531","","en","variant_family","configurable","SPIRITS/GIN","0","GORDONS GIN PM £10.49","GORDONS GIN PM £10.49","GORDONS GIN PM £10.49","1","1","","","","0","0","0","01/09/2025","07/09/2025","gordons-gin-pm-ps1049-902531","","","","114","0","","","","0","0","","4","1x35CL","","","PMP","0","22.33","","WEEK 36 PROMOTION","01/09/2025","07/09/2025","","10.49","","No Shipping class","sku=902531a,pack_size=Pack 1|sku=902531c,pack_size=Pack 2|sku=902531b,pack_size=Pack 3","145","The special price field must be less than 0."
"902675","","en","variant_family","simple","BEER, CIDER, ALCOHOL FREE & READY TO DRINK/READY TO DRINK","902675.webp","CAPTAIN MORGAN PEPSIMAX£2.19","CAPTAIN MORGAN PEPSIMAX£2.19","CAPTAIN MORGAN PEPSIMAX£2.19","1","1","","","","10","13.99","12.49","01/09/2025","07/09/2025","captain-morgan-pepsimaxps219-902675","","","","32","default=46","","","","19","1","","32","12x250ML","","","PMP","0","33.84","","WEEK 36 PROMOTION","01/09/2025","07/09/2025","","2.19","","No Shipping class","0","146",""
"903231","","en","variant_family","simple","BEER, CIDER, ALCOHOL FREE & READY TO DRINK/BEER & LAGER","903231.webp","BIRRA MORETTI BEER ZERO 4 PACK","BIRRA MORETTI BEER ZERO 4 PACK","BIRRA MORETTI BEER ZERO 4 PACK","1","1","","","","10","17.99","15.99","01/09/2025","07/09/2025","birra-moretti-beer-zero-4-pack-903231","","","","2","default=3","","","","19","1","","2","6x330ML","","","PLAIN","0","30.7","","WEEK 36 PROMOTION","01/09/2025","07/09/2025","","6","","No Shipping class","0","147",""
"903239","","en","variant_family","simple","BEER, CIDER, ALCOHOL FREE & READY TO DRINK/READY TO DRINK","903239.webp","DUPPY SHARE PINK TING-A-LING","DUPPY SHARE PINK TING-A-LING","DUPPY SHARE PINK TING-A-LING","1","1","","","","10","16.99","0","01/09/2025","07/09/2025","duppy-share-pink-ting-a-ling-903239","","","","7","default=1","","","","19","1","","7","12x250ML","","","PLAIN","0","24.83","","WEEK 36 PROMOTION","01/09/2025","07/09/2025","","2.3","","No Shipping class","0","148",""
"903459","","en","variant_family","simple","BEER, CIDER, ALCOHOL FREE & READY TO DRINK/BEER & LAGER","903459.webp","GUINNESS 0%4PACK PM£5.99","GUINNESS 0%4PACK PM£5.99","GUINNESS 0%4PACK PM£5.99","1","1","","","","10","22.99","0","01/09/2025","07/09/2025","guinness-04pack-pmps599-903459","","","","14","default=2","","","","19","1","","14","6x440ML","","","PMP","0","19.9","","WEEK 36 PROMOTION","01/09/2025","07/09/2025","","5.99","","No Shipping class","0","149",""
"137078","","en","variant_family","simple","BEER, CIDER, ALCOHOL FREE & READY TO DRINK/BEER & LAGER","137078.webp","ASAHI SUPER DRY BEER NRB","ASAHI SUPER DRY BEER NRB","ASAHI SUPER DRY BEER NRB","1","1","","","","10","21.99","0","01/09/2025","07/09/2025","asahi-super-dry-beer-nrb-137078","","","","16","default=1","","","","19","1","","16","24x330ML","","","PLAIN","0","40.98","","WEEK 36 PROMOTION","01/09/2025","07/09/2025","","1.99","","No Shipping class","0","150",""
"138339","","en","variant_family","simple","WINE/RED WINE","138339.webp","CASILLERO TEMPRANILLO","CASILLERO TEMPRANILLO","CASILLERO TEMPRANILLO","1","1","","","","10","33.79","0","01/09/2025","07/09/2025","casillero-tempranillo-138339","","","","8","default=11","","","","19","1","","8","6x75CL","","","PLAIN","0","23.72","","WEEK 36 PROMOTION","01/09/2025","07/09/2025","","8.99","","No Shipping class","0","151",""
"17590","","en","variant_family","configurable","SPIRITS/RUM","0","BACARDI CARTA BLANCA RUM PM£7.29","BACARDI CARTA BLANCA RUM PM£7.29","BACARDI CARTA BLANCA RUM PM£7.29","1","1","","","","0","0","0","01/09/2025","07/09/2025","bacardi-carta-blanca-rum-pmps729-17590","","","","60","0","","","","0","0","","5","1x20CL","","","PMP","0","17.86","","WEEK 36 PROMOTION","01/09/2025","07/09/2025","","7.29","","No Shipping class","sku=17590a,pack_size=Pack 1|sku=17590c,pack_size=Pack 2","152","The special price field must be less than 0."
"109245","","en","variant_family","configurable","SPIRITS/TEQUILA, LIQUEURS & APERITIFS","0","ALIZE GOLD 16%ABV","ALIZE GOLD 16%ABV","ALIZE GOLD 16%ABV","1","1","","","","0","0","0","01/09/2025","07/09/2025","alize-gold-16abv-109245","","","","59","0","","","","0","0","","9","1x70CL","","","PLAIN","0","26.98","","WEEK 36 PROMOTION","01/09/2025","07/09/2025","","22.99","","No Shipping class","sku=109245a,pack_size=Pack 1|sku=109245c,pack_size=Pack 2","153","The special price field must be less than 0."
"109246","","en","variant_family","configurable","SPIRITS/TEQUILA, LIQUEURS & APERITIFS","109246.webp","ALIZE RED LIQUEUR 16%ABV","ALIZE RED LIQUEUR 16%ABV","ALIZE RED LIQUEUR 16%ABV","1","1","","","","0","0","0","01/09/2025","07/09/2025","alize-red-liqueur-16abv-109246","","","","43","0","","","","0","0","","7","1x70CL","","","PLAIN","0","26.98","","WEEK 36 PROMOTION","01/09/2025","07/09/2025","","22.99","","No Shipping class","sku=109246a,pack_size=Pack 1|sku=109246c,pack_size=Pack 2","154","The special price field must be less than 0."
"88131","","en","variant_family","configurable","SPIRITS/TEQUILA, LIQUEURS & APERITIFS","88131.webp","BAILEYS IRISH CREAM","BAILEYS IRISH CREAM","BAILEYS IRISH CREAM","1","1","","","","0","0","0","01/09/2025","07/09/2025","baileys-irish-cream-88131","","","","12","0","","","","0","0","","2","1x70CL","","","PLAIN","0","22.38","","WEEK 36 PROMOTION","01/09/2025","07/09/2025","","16.99","","No Shipping class","sku=88131a,pack_size=Pack 1|sku=88131c,pack_size=Pack 2","155","The special price field must be less than 0."
"54236","","en","variant_family","simple","WINE/RED WINE","54236.webp","BLOSSOM HILL RED WINE","BLOSSOM HILL RED WINE","BLOSSOM HILL RED WINE","1","1","","","","10","23.99","22.79","01/09/2025","07/09/2025","blossom-hill-red-wine-54236","","","","13","default=20","","","","19","1","","13","6x75CL","","","PLAIN","0","29.07","","WEEK 36 PROMOTION","01/09/2025","07/09/2025","","6.99","","No Shipping class","0","156",""
"80028","","en","variant_family","simple","BEER, CIDER, ALCOHOL FREE & READY TO DRINK/BEER & LAGER","80028.webp","CARLING LAGER PINT CAN 4PACK PM£6.99","CARLING LAGER PINT CAN 4PACK PM£6.99","CARLING LAGER PINT CAN 4PACK PM£6.99","1","1","","","","10","22.99","21.49","01/09/2025","07/09/2025","carling-lager-pint-can-4pack-pmps699-80028","","","","7","default=8","","","","19","1","","7","6x568ml","","","PMP","0","30.5","","WEEK 36 PROMOTION","01/09/2025","07/09/2025","","6.99","","No Shipping class","0","157",""
"54242","","en","variant_family","simple","WINE/WHITE WINE","54242.webp","BLOSSOM HILL WHITE WINE","BLOSSOM HILL WHITE WINE","BLOSSOM HILL WHITE WINE","1","1","","","","10","23.99","22.79","01/09/2025","07/09/2025","blossom-hill-white-wine-54242","","","","29","default=12","","","","19","1","","29","6x75CL","","","PLAIN","0","29.07","","WEEK 36 PROMOTION","01/09/2025","07/09/2025","","6.99","","No Shipping class","0","158",""
"54244","","en","variant_family","simple","WINE/ROSE WINE","54244.webp","BLOSSOM HILL ROSE WINE","BLOSSOM HILL ROSE WINE","BLOSSOM HILL ROSE WINE","1","1","","","","10","23.99","22.79","01/09/2025","07/09/2025","blossom-hill-rose-wine-54244","","","","19","default=3","","","","19","1","","19","6x75CL","","","PLAIN","0","37.95","","WEEK 36 PROMOTION","01/09/2025","07/09/2025","","7.99","","No Shipping class","0","159",""
"84438","","en","variant_family","simple","WINE/PROSECCO, CHAMPAGNE & SPARKLING WINE","84438.webp","MARTINI ASTI SPARKLING WINE","MARTINI ASTI SPARKLING WINE","MARTINI ASTI SPARKLING WINE","1","1","","","","10","37.49","36.99","01/09/2025","07/09/2025","martini-asti-sparkling-wine-84438","","","","9","default=16","","","","19","1","","9","6x75CL","","","PLAIN","0","24.34","","WEEK 36 PROMOTION","01/09/2025","07/09/2025","","9.99","","No Shipping class","0","160",""
"64778","","en","variant_family","simple","BEER, CIDER, ALCOHOL FREE & READY TO DRINK/BEER & LAGER","64778.webp","BECKS BIER NRB 6PACK 4%","BECKS BIER NRB 6PACK 4%","BECKS BIER NRB 6PACK 4%","1","1","","","","10","15.99","0","01/09/2025","07/09/2025","becks-bier-nrb-6pack-4-64778","","","","3","default=4","","","","19","1","","3","4x275ML","","","PLAIN","0","27.94","","WEEK 36 PROMOTION","01/09/2025","07/09/2025","","7.49","","No Shipping class","0","161",""
"142353","","en","variant_family","simple","WINE/WHITE WINE","142353.webp","STRAW HAT WHITE WINE 11%","STRAW HAT WHITE WINE 11%","STRAW HAT WHITE WINE 11%","1","1","","","","10","24.65","0","01/09/2025","07/09/2025","straw-hat-white-wine-11-142353","","","","11","default=14","","","","19","1","","11","6x75CL","","","PLAIN","0","22.78","","WEEK 36 PROMOTION","01/09/2025","07/09/2025","","6.99","","No Shipping class","0","162",""
"963522","","en","variant_family","simple","BEER, CIDER, ALCOHOL FREE & READY TO DRINK/BEER & LAGER","963522.webp","MADRI EXCEPCIONAL 12PK","MADRI EXCEPCIONAL 12PK","MADRI EXCEPCIONAL 12PK","1","1","","","","10","9.99","0","01/09/2025","07/09/2025","madri-excepcional-12pk-963522","","","","3","default=5","","","","19","1","","3","1x330ML","","","PLAIN","0","25.43","","WEEK 36 PROMOTION","01/09/2025","07/09/2025","","18.49","","No Shipping class","0","163",""
"79207","","en","variant_family","configurable","SPIRITS/RUM","0","CAPTAIN MORGAN SPICED PM£10.49","CAPTAIN MORGAN SPICED PM£10.49","CAPTAIN MORGAN SPICED PM£10.49","1","1","","","","0","0","0","01/09/2025","07/09/2025","captain-morgan-spiced-pmps1049-79207","","","","398","0","","","","0","0","","16","1x35CL","","","PMP","0","21.18","","WEEK 36 PROMOTION","01/09/2025","07/09/2025","","10.49","","No Shipping class","sku=79207a,pack_size=Pack 1|sku=79207c,pack_size=Pack 2|sku=79207b,pack_size=Pack 3","164","The special price field must be less than 0."
"79214","","en","variant_family","configurable","SPIRITS/VODKA","79214.webp","SMIRNOFF VODKA PM£16.99","SMIRNOFF VODKA PM£16.99","SMIRNOFF VODKA PM£16.99","1","1","","","","0","0","0","01/09/2025","07/09/2025","smirnoff-vodka-pmps1699-79214","","","","540","0","","","","0","0","","90","1x70CL","","","PMP","0","20.26","","WEEK 36 PROMOTION","01/09/2025","07/09/2025","","16.99","","No Shipping class","sku=79214a,pack_size=Pack 1|sku=79214c,pack_size=Pack 2","165","The special price field must be less than 0."
"83567","","en","variant_family","configurable","SPIRITS/RUM","83567.webp","CAPTAIN MORGAN SPICED RUM PM £6.29","CAPTAIN MORGAN SPICED RUM PM £6.29","CAPTAIN MORGAN SPICED RUM PM £6.29","1","1","","","","0","0","0","01/09/2025","07/09/2025","captain-morgan-spiced-rum-pm-ps629-83567","","","","1224","0","","","","0","0","","25","1x20CL","","","PMP","0","20.06","","WEEK 36 PROMOTION","01/09/2025","07/09/2025","","6.29","","No Shipping class","sku=83567a,pack_size=Pack 1|sku=83567c,pack_size=Pack 2|sku=83567b,pack_size=Pack 3","166","The special price field must be less than 0."
"83498","","en","variant_family","configurable","SPIRITS/GIN","0","GORDONS GIN PM £6.29","GORDONS GIN PM £6.29","GORDONS GIN PM £6.29","1","1","","","","0","0","0","01/09/2025","07/09/2025","gordons-gin-pm-ps629-83498","","","","98","0","","","","0","0","","2","1x20CL","","","PMP","0","16.06","","WEEK 36 PROMOTION","01/09/2025","07/09/2025","","5.99","","No Shipping class","sku=83498a,pack_size=Pack 1|sku=83498c,pack_size=Pack 2|sku=83498b,pack_size=Pack 3","167","The special price field must be less than 0."
"901310","","en","variant_family","configurable","SPIRITS/VODKA","0","AU VODKA ORIGINAL","AU VODKA ORIGINAL","AU VODKA ORIGINAL","1","1","","","","0","0","0","01/09/2025","07/09/2025","au-vodka-original-901310","","","","36","0","","","","0","0","","6","1x70CL","","","PLAIN","0","25.65","","WEEK 36 PROMOTION","01/09/2025","07/09/2025","","35.49","","No Shipping class","sku=901310a,pack_size=Pack 1|sku=901310c,pack_size=Pack 2","168","The special price field must be less than 0."
"105873","","en","variant_family","simple","BEER, CIDER, ALCOHOL FREE & READY TO DRINK/READY TO DRINK","105873.webp","SMIRNOFF ICE PM£3.49","SMIRNOFF ICE PM£3.49","SMIRNOFF ICE PM£3.49","1","1","","","","10","12.49","0","01/09/2025","07/09/2025","smirnoff-ice-pmps349-105873","","","","10","default=8","","","","19","1","","10","6x70CL","","","PMP","0","28.43","","WEEK 36 PROMOTION","01/09/2025","07/09/2025","","3.63","","No Shipping class","0","169",""
"87442","","en","variant_family","configurable","SPIRITS/VODKA","0","AU VODKA GREEN WATERMELON","AU VODKA GREEN WATERMELON","AU VODKA GREEN WATERMELON","1","1","","","","0","0","0","01/09/2025","07/09/2025","au-vodka-green-watermelon-87442","","","","57","0","","","","0","0","","9","1x70CL","","","PLAIN","0","22.37","","WEEK 36 PROMOTION","01/09/2025","07/09/2025","","33.99","","No Shipping class","sku=87442a,pack_size=Pack 1|sku=87442c,pack_size=Pack 2","170","The special price field must be less than 0."
"87969","","en","variant_family","configurable","SPIRITS/VODKA","0","CIROC RED BERRIES VODKA","CIROC RED BERRIES VODKA","CIROC RED BERRIES VODKA","1","1","","","","0","0","0","01/09/2025","07/09/2025","ciroc-red-berries-vodka-87969","","","","42","0","","","","0","0","","7","1x70CL","","","PLAIN","0","20.01","","WEEK 36 PROMOTION","01/09/2025","07/09/2025","","32.99","","No Shipping class","sku=87969a,pack_size=Pack 1|sku=87969c,pack_size=Pack 2","171","The special price field must be less than 0."
"79221","","en","variant_family","configurable","SPIRITS/VODKA","0","SMIRNOFF VODKA PM£10.49","SMIRNOFF VODKA PM£10.49","SMIRNOFF VODKA PM£10.49","1","1","","","","0","0","0","01/09/2025","07/09/2025","smirnoff-vodka-pmps1049-79221","","","","891","0","","","","0","0","","37","1x35CL","","","PMP","0","21.18","","WEEK 36 PROMOTION","01/09/2025","07/09/2025","","10.49","","No Shipping class","sku=79221a,pack_size=Pack 1|sku=79221c,pack_size=Pack 2|sku=79221b,pack_size=Pack 3","172","The special price field must be less than 0."
"79220","","en","variant_family","configurable","SPIRITS/VODKA","0","SMIRNOFF VODKA PM£6.29","SMIRNOFF VODKA PM£6.29","SMIRNOFF VODKA PM£6.29","1","1","","","","0","0","0","01/09/2025","07/09/2025","smirnoff-vodka-pmps629-79220","","","","697","0","","","","0","0","","14","1x20CL","","","PMP","0","21.97","","WEEK 36 PROMOTION","01/09/2025","07/09/2025","","6.29","","No Shipping class","sku=79220a,pack_size=Pack 1|sku=79220c,pack_size=Pack 2|sku=79220b,pack_size=Pack 3","173","The special price field must be less than 0."
"88001","","en","variant_family","configurable","SPIRITS/VODKA","0","SMIRNOFF VODKA","SMIRNOFF VODKA","SMIRNOFF VODKA","1","1","","","","0","0","0","01/09/2025","07/09/2025","smirnoff-vodka-88001","","","","66","0","","","","0","0","","16","12x10CL","","","PLAIN","0","30.88","","WEEK 36 PROMOTION","01/09/2025","07/09/2025","","4.99","","No Shipping class","sku=88001a,pack_size=Pack 1|sku=88001c,pack_size=Pack 2","174","The special price field must be less than 0."
"83553","","en","variant_family","configurable","SPIRITS/RUM","83553.webp","CAPTAIN MORGAN SPICED PM£16.99","CAPTAIN MORGAN SPICED PM£16.99","CAPTAIN MORGAN SPICED PM£16.99","1","1","","","","0","0","0","01/09/2025","07/09/2025","captain-morgan-spiced-pmps1699-83553","","","","32","0","","","","0","0","","5","1x70CL","","","PMP","0","20.26","","WEEK 36 PROMOTION","01/09/2025","07/09/2025","","16.99","","No Shipping class","sku=83553a,pack_size=Pack 1|sku=83553c,pack_size=Pack 2","175","The special price field must be less than 0."
"11574","","en","variant_family","simple","BEER, CIDER, ALCOHOL FREE & READY TO DRINK/READY TO DRINK","11574.webp","SMIRNOFF&COLA CAN PM£2.19","SMIRNOFF&COLA CAN PM£2.19","SMIRNOFF&COLA CAN PM£2.19","1","1","","","","10","13.99","12.49","01/09/2025","07/09/2025","smirnoffcola-can-pmps219-11574","","","","28","default=4","","","","19","1","","28","12x250ML","","","PMP","0","33.84","","WEEK 36 PROMOTION","01/09/2025","07/09/2025","","2.19","","No Shipping class","0","176",""
"63652","","en","variant_family","simple","BEER, CIDER, ALCOHOL FREE & READY TO DRINK/READY TO DRINK","63652.webp","SMIRNOFF VODKA &CRANBERRY CAN PM£2.19","SMIRNOFF VODKA &CRANBERRY CAN PM£2.19","SMIRNOFF VODKA &CRANBERRY CAN PM£2.19","1","1","","","","10","13.99","12.49","01/09/2025","07/09/2025","smirnoff-vodka-cranberry-can-pmps219-63652","","","","30","default=15","","","","19","1","","30","12x250ML","","","PMP","0","27.19","","WEEK 36 PROMOTION","01/09/2025","07/09/2025","","1.99","","No Shipping class","0","177",""
"105872","","en","variant_family","simple","BEER, CIDER, ALCOHOL FREE & READY TO DRINK/READY TO DRINK","105872.webp","GORDONS GIN&TONIC CAN PM£2.19","GORDONS GIN&TONIC CAN PM£2.19","GORDONS GIN&TONIC CAN PM£2.19","1","1","","","","10","13.99","12.49","01/09/2025","07/09/2025","gordons-gintonic-can-pmps219-105872","","","","53","default=38","","","","19","1","","53","12x250ML","","","PMP","0","33.84","","WEEK 36 PROMOTION","01/09/2025","07/09/2025","","2.19","","No Shipping class","0","178",""
"105250","","en","variant_family","simple","BEER, CIDER, ALCOHOL FREE & READY TO DRINK/BEER & LAGER","105250.webp","GUINNESS ORIGINAL 4PACK PM£6.69","GUINNESS ORIGINAL 4PACK PM£6.69","GUINNESS ORIGINAL 4PACK PM£6.69","1","1","","","","10","25.99","0","01/09/2025","07/09/2025","guinness-original-4pack-pmps669-105250","","","","99","default=60","","","","19","1","","99","6x440ML","","","PMP","0","20.81","","WEEK 36 PROMOTION","01/09/2025","07/09/2025","","6.69","","No Shipping class","0","179",""
"111263","","en","variant_family","simple","BEER, CIDER, ALCOHOL FREE & READY TO DRINK/BEER & LAGER","111263.webp","GUINNESS ORIGINAL FOREIGN EXTRA STOUT 7.5%","GUINNESS ORIGINAL FOREIGN EXTRA STOUT 7.5%","GUINNESS ORIGINAL FOREIGN EXTRA STOUT 7.5%","1","1","","","","10","16.99","0","01/09/2025","07/09/2025","guinness-original-foreign-extra-stout-75-111263","","","","13","default=2","","","","19","1","","13","12x500 ML","","","PLAIN","0","20.12","","WEEK 36 PROMOTION","01/09/2025","07/09/2025","","2.49","","No Shipping class","0","180",""
"901343","","en","variant_family","simple","BEER, CIDER, ALCOHOL FREE & READY TO DRINK/BEER & LAGER","901343.webp","GUINNESS NIGERIA 6X4X325ML","GUINNESS NIGERIA 6X4X325ML","GUINNESS NIGERIA 6X4X325ML","1","1","","","","10","31.99","0","01/09/2025","07/09/2025","guinness-nigeria-6x4x325ml-901343","","","","154","default=5","","","","19","1","","154","6x325 ML","","","PLAIN","0","25.39","","WEEK 36 PROMOTION","01/09/2025","07/09/2025","","8.79","","No Shipping class","0","181",""
"901347","","en","variant_family","configurable","SPIRITS/TEQUILA, LIQUEURS & APERITIFS","0","JAGERMEISTER","JAGERMEISTER","JAGERMEISTER","1","1","","","","0","0","0","01/09/2025","07/09/2025","jagermeister-901347","","","","45","0","","","","0","0","","7","1x70CL","","","PLAIN","0","14.22","","WEEK 36 PROMOTION","01/09/2025","07/09/2025","","19.99","","No Shipping class","sku=901347a,pack_size=Pack 1|sku=901347c,pack_size=Pack 2","182","The special price field must be less than 0."
"155617","","en","variant_family","simple","BEER, CIDER, ALCOHOL FREE & READY TO DRINK/BEER & LAGER","155617.webp","PERONI NASTRO AZZURO 24x330 ML","PERONI NASTRO AZZURO 24x330 ML","PERONI NASTRO AZZURO 24x330 ML","1","1","","","","10","22.99","0","01/09/2025","07/09/2025","peroni-nastro-azzuro-24x330-ml-155617","","","","49","default=5","","","","19","1","","49","24x330 ML","","","PLAIN","0","34.39","","WEEK 36 PROMOTION","01/09/2025","07/09/2025","","1.79","","No Shipping class","0","183",""
"901353","","en","variant_family","simple","BEER, CIDER, ALCOHOL FREE & READY TO DRINK/CIDER","901353.webp","KOPPARBERG MIXED FRUIT CIDER","KOPPARBERG MIXED FRUIT CIDER","KOPPARBERG MIXED FRUIT CIDER","1","1","","","","10","23.49","0","01/09/2025","07/09/2025","kopparberg-mixed-fruit-cider-901353","","","","20","default=9","","","","19","1","","20","15x500ML","","","PLAIN","0","31.8","","WEEK 36 PROMOTION","01/09/2025","07/09/2025","","2.99","","No Shipping class","0","184",""
"901366","","en","variant_family","simple","BEER, CIDER, ALCOHOL FREE & READY TO DRINK/BEER & LAGER","901366.webp","PERONI NASTRO AZZURRO CAN 6x4","PERONI NASTRO AZZURRO CAN 6x4","PERONI NASTRO AZZURRO CAN 6x4","1","1","","","","10","25.89","0","01/09/2025","07/09/2025","peroni-nastro-azzurro-can-6x4-901366","","","","23","default=10","","","","19","1","","23","6x440ML","","","PLAIN","0","22.78","","WEEK 36 PROMOTION","01/09/2025","07/09/2025","","6.99","","No Shipping class","0","185",""
"130576","","en","variant_family","configurable","WINE/PROSECCO, CHAMPAGNE & SPARKLING WINE","130576.webp","I HEART PROSECCO ORIGIN WINE","I HEART PROSECCO ORIGIN WINE","I HEART PROSECCO ORIGIN WINE","1","1","","","","0","0","0","01/09/2025","07/09/2025","i-heart-prosecco-origin-wine-130576","","","","153","0","","","","0","0","","25","1x75CL","","","PLAIN","0","49.65","","WEEK 36 PROMOTION","01/09/2025","07/09/2025","","14.99","","No Shipping class","sku=130576a,pack_size=Pack 1|sku=130576c,pack_size=Pack 2","186","The special price field must be less than 0."
"138329","","en","variant_family","simple","WINE/RED WINE","138329.webp","CASILLERO CABERNET SAUVIGNON","CASILLERO CABERNET SAUVIGNON","CASILLERO CABERNET SAUVIGNON","1","1","","","","10","33.79","0","01/09/2025","07/09/2025","casillero-cabernet-sauvignon-138329","","","","25","default=20","","","","19","1","","25","6x75CL","","","PLAIN","0","23.72","","WEEK 36 PROMOTION","01/09/2025","07/09/2025","","8.99","","No Shipping class","0","187",""
"138333","","en","variant_family","simple","WINE/WHITE WINE","138333.webp","CASILLERO PINOT GRIGIO","CASILLERO PINOT GRIGIO","CASILLERO PINOT GRIGIO","1","1","","","","10","33.79","0","01/09/2025","07/09/2025","casillero-pinot-grigio-138333","","","","17","default=18","","","","19","1","","17","6x75CL","","","PLAIN","0","17.87","","WEEK 36 PROMOTION","01/09/2025","07/09/2025","","8.35","","No Shipping class","0","188",""
"138359","","en","variant_family","simple","WINE/RED WINE","138359.webp","CASILLERO MERLOT","CASILLERO MERLOT","CASILLERO MERLOT","1","1","","","","10","33.79","0","01/09/2025","07/09/2025","casillero-merlot-138359","","","","28","default=19","","","","19","1","","28","6x75CL","","","PLAIN","0","23.72","","WEEK 36 PROMOTION","01/09/2025","07/09/2025","","8.99","","No Shipping class","0","189",""
"130308","","en","variant_family","simple","WINE/ROSE WINE","130308.webp","STRAW HAT ROSE WINE 11%","STRAW HAT ROSE WINE 11%","STRAW HAT ROSE WINE 11%","1","1","","","","10","24.65","0","01/09/2025","07/09/2025","straw-hat-rose-wine-11-130308","","","","12","default=15","","","","19","1","","12","6x75CL","","","PLAIN","0","21.29","","WEEK 36 PROMOTION","01/09/2025","07/09/2025","","6.35","","No Shipping class","0","190",""
"131089","","en","variant_family","simple","GROCERY/INSTANT NOODLES & MEALS","131089.webp","KOKA NOODLES MASALA","KOKA NOODLES MASALA","KOKA NOODLES MASALA","1","1","","","","10","10.09","0","01/09/2025","07/09/2025","koka-noodles-masala-131089","","","","8","default=4","","","","19","3","","8","30x85GRM","","","PLAIN","0","38.75","","WEEK 36 PROMOTION","01/09/2025","07/09/2025","","0.56","","No Shipping class","0","191",""
"140002","","en","variant_family","simple","GROCERY/INSTANT NOODLES & MEALS","140002.webp","KOKA CUP NOODLES VEGETABLE","KOKA CUP NOODLES VEGETABLE","KOKA CUP NOODLES VEGETABLE","1","1","","","","10","10.09","0","01/09/2025","07/09/2025","koka-cup-noodles-vegetable-140002","","","","6","default=4","","","","19","3","","6","12x70G","","","PLAIN","0","27.94","","WEEK 36 PROMOTION","01/09/2025","07/09/2025","","1.19","","No Shipping class","0","192",""
"30096","","en","variant_family","simple","WINE/ROSE WINE","30096.webp","GALLO FV SUMMER ROSE 5.5%","GALLO FV SUMMER ROSE 5.5%","GALLO FV SUMMER ROSE 5.5%","1","1","","","","10","19.49","0","01/09/2025","07/09/2025","gallo-fv-summer-rose-55-30096","","","","3","default=13","","","","19","1","","3","6x75CL","","","PLAIN","0","40.52","","WEEK 36 PROMOTION","01/09/2025","07/09/2025","","6.99","","No Shipping class","0","193",""
"50227","","en","variant_family","simple","WINE/ROSE WINE","50227.webp","GALLO FV PINK MOSCATO","GALLO FV PINK MOSCATO","GALLO FV PINK MOSCATO","1","1","","","","10","27.49","26.79","01/09/2025","07/09/2025","gallo-fv-pink-moscato-50227","","","","19","default=25","","","","19","1","","19","6x75CL","","","PLAIN","0","30.44","","WEEK 36 PROMOTION","01/09/2025","07/09/2025","","7.99","","No Shipping class","0","194",""
"31497","","en","variant_family","simple","WINE/RED WINE","31497.webp","DARK HORSE MERLOT","DARK HORSE MERLOT","DARK HORSE MERLOT","1","1","","","","10","37.99","0","01/09/2025","07/09/2025","dark-horse-merlot-31497","","","","5","default=7","","","","19","1","","5","6x75CL","","","PLAIN","0","13.7","","WEEK 36 PROMOTION","01/09/2025","07/09/2025","","8.99","","No Shipping class","0","195",""
"130667","","en","variant_family","simple","WINE/RED WINE","130667.webp","DARK HORSE MALBEC","DARK HORSE MALBEC","DARK HORSE MALBEC","1","1","","","","10","37.99","0","01/09/2025","07/09/2025","dark-horse-malbec-130667","","","","3","default=9","","","","19","1","","3","6x75CL","","","PLAIN","0","13.7","","WEEK 36 PROMOTION","01/09/2025","07/09/2025","","8.99","","No Shipping class","0","196",""
"119165","","en","variant_family","simple","WINE/RED WINE","119165.webp","APOTHIC CAB SAUVIGNON","APOTHIC CAB SAUVIGNON","APOTHIC CAB SAUVIGNON","1","1","","","","10","42.49","40.99","01/09/2025","07/09/2025","apothic-cab-sauvignon-119165","","","","9","default=12","","","","19","1","","9","6x75CL","","","PLAIN","0","13.2","","WEEK 36 PROMOTION","01/09/2025","07/09/2025","","9.79","","No Shipping class","0","197",""
"191164","","en","variant_family","simple","WINE/RED WINE","191164.webp","APOTHIC MERLOT","APOTHIC MERLOT","APOTHIC MERLOT","1","1","","","","10","42.49","40.99","01/09/2025","07/09/2025","apothic-merlot-191164","","","","7","default=10","","","","19","1","","7","6x750ML","","","PLAIN","0","13.2","","WEEK 36 PROMOTION","01/09/2025","07/09/2025","","9.79","","No Shipping class","0","198",""
"191163","","en","variant_family","simple","WINE/RED WINE","191163.webp","APOTHIC RED","APOTHIC RED","APOTHIC RED","1","1","","","","10","42.49","40.99","01/09/2025","07/09/2025","apothic-red-191163","","","","10","default=12","","","","19","1","","10","6x75CL","","","PLAIN","0","13.2","","WEEK 36 PROMOTION","01/09/2025","07/09/2025","","9.79","","No Shipping class","0","199",""
"15071","","en","variant_family","simple","WINE/WHITE WINE","15071.webp","DARK HORSE PINOT GRIGIO","DARK HORSE PINOT GRIGIO","DARK HORSE PINOT GRIGIO","1","1","","","","10","37.99","0","01/09/2025","07/09/2025","dark-horse-pinot-grigio-15071","","","","29","default=33","","","","19","1","","29","6x75CL","","","PLAIN","0","34.13","","WEEK 36 PROMOTION","01/09/2025","07/09/2025","","11.99","","No Shipping class","0","200",""
"902933","","en","variant_family","simple","BISCUITS/BISCUITES","0","FOXS GOLDEN CRUNCH PMP£1.49","FOXS GOLDEN CRUNCH PMP£1.49","FOXS GOLDEN CRUNCH PMP£1.49","1","1","","","","10","10.49","0","01/09/2025","07/09/2025","foxs-golden-crunch-pmpps149-902933","","","","5","default=4","","","","19","3","","5","12x200G","","","PMP","0","41.33","","WEEK 36 PROMOTION","01/09/2025","07/09/2025","","1.49","","No Shipping class","0","201",""
"902936","","en","variant_family","simple","BISCUITS/BISCUITES","0","FOXS ROCKY CARAMEL £1.49 PMP","FOXS ROCKY CARAMEL £1.49 PMP","FOXS ROCKY CARAMEL £1.49 PMP","1","1","","","","10","8.09","0","01/09/2025","07/09/2025","foxs-rocky-caramel-ps149-pmp-902936","","","","7","default=6","","","","19","1","","7","12x136.5G","","","PMP","0","46.38","","WEEK 36 PROMOTION","01/09/2025","07/09/2025","","1.49","","No Shipping class","0","202",""
"903025","","en","variant_family","simple","BISCUITS/COOKIES","0","FOXS HALF COATED MILK CHOCOLATES COOKIES PM £2.50","FOXS HALF COATED MILK CHOCOLATES COOKIES PM £2.50","FOXS HALF COATED MILK CHOCOLATES COOKIES PM £2.50","1","1","","","","10","12.99","0","01/09/2025","07/09/2025","foxs-half-coated-milk-chocolates-cookies-pm-ps250-903025","","","","8","default=2","","","","19","1","","8","8x175G","","","PMP","0","19.06","","WEEK 36 PROMOTION","01/09/2025","07/09/2025","","2.5","","No Shipping class","0","203",""
"72814","","en","variant_family","simple","BISCUITS/BISCUITES","0","FOXS JAM'N' CREAM PM£1.29","FOXS JAM'N' CREAM PM£1.29","FOXS JAM'N' CREAM PM£1.29","1","1","","","","10","10.39","0","01/09/2025","07/09/2025","foxs-jamn-cream-pmps129-72814","","","","6","default=5","","","","19","3","","6","12x150G","","","PMP","0","40.63","","WEEK 36 PROMOTION","01/09/2025","07/09/2025","","1.29","","No Shipping class","0","204",""
"88030","","en","variant_family","configurable","SPIRITS/BRANDY & COGNAC","88030.webp","HENNESSY COGNAC VERY SPECIAL","HENNESSY COGNAC VERY SPECIAL","HENNESSY COGNAC VERY SPECIAL","1","1","","","","0","0","0","01/09/2025","07/09/2025","hennessy-cognac-very-special-88030","","","","1","0","","","","0","0","","0","1x70CL","","","PLAIN","0","23.51","","WEEK 36 PROMOTION","01/09/2025","07/09/2025","","39.99","","No Shipping class","sku=88030a,pack_size=Pack 1|sku=88030c,pack_size=Pack 2","205","The special price field must be less than 0."
"88031","","en","variant_family","configurable","SPIRITS/BRANDY & COGNAC","88031.webp","HENNESSY COGNAC ***VS","HENNESSY COGNAC ***VS","HENNESSY COGNAC ***VS","1","1","","","","0","0","0","01/09/2025","07/09/2025","hennessy-cognac-vs-88031","","","","77","0","","","","0","0","","3","1x20 cl","","","PLAIN","0","39.33","","WEEK 36 PROMOTION","01/09/2025","07/09/2025","","16.99","","No Shipping class","sku=88031a,pack_size=Pack 1|sku=88031c,pack_size=Pack 2|sku=88031b,pack_size=Pack 3","206","The special price field must be less than 0."
"88032","","en","variant_family","configurable","SPIRITS/BRANDY & COGNAC","88032.webp","HENNESSY COGNAC VS HALF","HENNESSY COGNAC VS HALF","HENNESSY COGNAC VS HALF","1","1","","","","0","0","0","01/09/2025","07/09/2025","hennessy-cognac-vs-half-88032","","","","1","0","","","","0","0","","0","1x35CL","","","PLAIN","0","28.02","","WEEK 36 PROMOTION","01/09/2025","07/09/2025","","22.99","","No Shipping class","sku=88032a,pack_size=Pack 1|sku=88032c,pack_size=Pack 2","207","The special price field must be less than 0."
"901111","","en","variant_family","configurable","SPIRITS/WHISKY","901111.webp","BELLS BLENDED SCOTCH WHISKY PMP£6.59","BELLS BLENDED SCOTCH WHISKY PMP£6.59","BELLS BLENDED SCOTCH WHISKY PMP£6.59","1","1","","","","0","0","0","01/09/2025","07/09/2025","bells-blended-scotch-whisky-pmpps659-901111","","","","444","0","","","","0","0","","9","1x20CL","","","PMP","0","18.24","","WEEK 36 PROMOTION","01/09/2025","07/09/2025","","6.59","","No Shipping class","sku=901111a,pack_size=Pack 1|sku=901111c,pack_size=Pack 2|sku=901111b,pack_size=Pack 3","208","The special price field must be less than 0."
"901113","","en","variant_family","configurable","SPIRITS/WHISKY","901113.webp","BELLS BLENDED SCOTCH WHISKY PM £17.99","BELLS BLENDED SCOTCH WHISKY PM £17.99","BELLS BLENDED SCOTCH WHISKY PM £17.99","1","1","","","","0","0","0","01/09/2025","07/09/2025","bells-blended-scotch-whisky-pm-ps1799-901113","","","","94","0","","","","0","0","","15","1x70CL","","","PMP","0","17.35","","WEEK 36 PROMOTION","01/09/2025","07/09/2025","","17.99","","No Shipping class","sku=901113a,pack_size=Pack 1|sku=901113c,pack_size=Pack 2","209","The special price field must be less than 0."
"900925","","en","variant_family","simple","BEER, CIDER, ALCOHOL FREE & READY TO DRINK/BEER & LAGER","0","EFES DRAFT NRB","EFES DRAFT NRB","EFES DRAFT NRB","1","1","","","","10","18.29","0","01/09/2025","07/09/2025","efes-draft-nrb-900925","","","","2","default=6","","","","19","1","","2","12x500ML","","","PLAIN","0","21.73","","WEEK 36 PROMOTION","01/09/2025","07/09/2025","","2.49","","No Shipping class","0","210",""
"900931","","en","variant_family","simple","BEER, CIDER, ALCOHOL FREE & READY TO DRINK/CIDER","0","K CIDER CAN","K CIDER CAN","K CIDER CAN","1","1","","","","10","22.89","20.99","01/09/2025","07/09/2025","k-cider-can-900931","","","","229","default=155","","","","19","1","","229","6x500ML","","","PLAIN","0","48.81","","WEEK 36 PROMOTION","01/09/2025","07/09/2025","","9.49","","No Shipping class","0","211",""
"900942","","en","variant_family","simple","BEER, CIDER, ALCOHOL FREE & READY TO DRINK/BEER & LAGER","900942.webp","SPECIAL BREW","SPECIAL BREW","SPECIAL BREW","1","1","","","","10","36.99","0","01/09/2025","07/09/2025","special-brew-900942","","","","4","default=16","","","","19","1","","4","24x500ML","","","PLAIN","0","36.81","","WEEK 36 PROMOTION","01/09/2025","07/09/2025","","2.99","","No Shipping class","0","212",""
"55060","","en","variant_family","simple","BEER, CIDER, ALCOHOL FREE & READY TO DRINK/BEER & LAGER","0","FOSTERS 4PACK PM£5.69","FOSTERS 4PACK PM£5.69","FOSTERS 4PACK PM£5.69","1","1","","","","10","17.79","0","01/09/2025","07/09/2025","fosters-4pack-pmps569-55060","","","","157","default=89","","","","19","1","","157","6x440ML","","","PMP","0","32.2","","WEEK 36 PROMOTION","01/09/2025","07/09/2025","","5.69","","No Shipping class","0","213",""
"136546","","en","variant_family","simple","BEER, CIDER, ALCOHOL FREE & READY TO DRINK/BEER & LAGER","0","FOSTERS LAGER 10PACK","FOSTERS LAGER 10PACK","FOSTERS LAGER 10PACK","1","1","","","","10","8.29","0","01/09/2025","07/09/2025","fosters-lager-10pack-136546","","","","30","default=7","","","","19","1","","30","1x440ML","","","PLAIN","0","29.63","","WEEK 36 PROMOTION","01/09/2025","07/09/2025","","14.99","","No Shipping class","0","214",""
"903924","","en","variant_family","simple","BEER, CIDER, ALCOHOL FREE & READY TO DRINK/BEER & LAGER","903924.webp","***HEINEKEN PREMIUM LAGER PINT PM7.99","***HEINEKEN PREMIUM LAGER PINT PM7.99","***HEINEKEN PREMIUM LAGER PINT PM7.99","1","1","","","","10","27.99","0","01/09/2025","07/09/2025","heineken-premium-lager-pint-pm799-903924","","","","88","default=140","","","","19","1","","88","6x568ML","","","PMP","0","26.68","","WEEK 36 PROMOTION","01/09/2025","07/09/2025","","7.99","","No Shipping class","0","215",""
"15920","","en","variant_family","simple","BEER, CIDER, ALCOHOL FREE & READY TO DRINK/BEER & LAGER","15920.webp","AMSTEL BEER CAN 4PACK","AMSTEL BEER CAN 4PACK","AMSTEL BEER CAN 4PACK","1","1","","","","10","22.79","0","01/09/2025","07/09/2025","amstel-beer-can-4pack-15920","","","","6","default=2","","","","19","1","","6","6x440ML","","","PLAIN","0","34.22","","WEEK 36 PROMOTION","01/09/2025","07/09/2025","","6.99","","No Shipping class","0","216",""
"15981","","en","variant_family","simple","BEER, CIDER, ALCOHOL FREE & READY TO DRINK/BEER & LAGER","15981.webp","BIRRA MORETTI CANS 4pk","BIRRA MORETTI CANS 4pk","BIRRA MORETTI CANS 4pk","1","1","","","","10","26.99","26.49","01/09/2025","07/09/2025","birra-moretti-cans-4pk-15981","","","","108","default=40","","","","19","1","","108","6x440ML","","","PLAIN","0","27.43","","WEEK 36 PROMOTION","01/09/2025","07/09/2025","","7.99","","No Shipping class","0","217",""
"136524","","en","variant_family","simple","BEER, CIDER, ALCOHOL FREE & READY TO DRINK/BEER & LAGER","136524.webp","BIRRA MORETTI BEER NRB 12PACK","BIRRA MORETTI BEER NRB 12PACK","BIRRA MORETTI BEER NRB 12PACK","1","1","","","","10","9.29","6.99","01/09/2025","07/09/2025","birra-moretti-beer-nrb-12pack-136524","","","","121","default=96","","","","19","1","","121","12x330ML","","","PLAIN","0","31.9","","WEEK 36 PROMOTION","01/09/2025","07/09/2025","","1.79","","No Shipping class","0","218",""
"79205","","en","variant_family","simple","BEER, CIDER, ALCOHOL FREE & READY TO DRINK/BEER & LAGER","79205.webp","HEINEKEN CAN £6.50 4PK","HEINEKEN CAN £6.50 4PK","HEINEKEN CAN £6.50 4PK","1","1","","","","10","20.99","19.99","01/09/2025","07/09/2025","heineken-can-ps650-4pk-79205","","","","55","default=90","","","","19","1","","55","6x440ML","","","PMP","0","28.34","","WEEK 36 PROMOTION","01/09/2025","07/09/2025","","6.5","","No Shipping class","0","219",""
"116048","","en","variant_family","simple","BEER, CIDER, ALCOHOL FREE & READY TO DRINK/BEER & LAGER","0","HEINEKEN LAGER NRB","HEINEKEN LAGER NRB","HEINEKEN LAGER NRB","1","1","","","","10","20.79","0","01/09/2025","07/09/2025","heineken-lager-nrb-116048","","","","536","default=408","","","","19","1","","536","12x330ML","","","PLAIN","0","22.56","","WEEK 36 PROMOTION","01/09/2025","07/09/2025","","1.29","","No Shipping class","0","220",""
"93316","","en","variant_family","simple","BEER, CIDER, ALCOHOL FREE & READY TO DRINK/BEER & LAGER","93316.webp","KRONENBOURG 1664 LARGE NRB","KRONENBOURG 1664 LARGE NRB","KRONENBOURG 1664 LARGE NRB","1","1","","","","10","14.99","0","01/09/2025","07/09/2025","kronenbourg-1664-large-nrb-93316","","","","8","default=3","","","","19","1","","8","8x660ML","","","PLAIN","0","24.83","","WEEK 36 PROMOTION","01/09/2025","07/09/2025","","3.49","","No Shipping class","0","221",""
"72776","","en","variant_family","simple","GROCERY/KETCHUP AND SAUCE","72776.webp","HEINZ RAVIOLI PM£2.20","HEINZ RAVIOLI PM£2.20","HEINZ RAVIOLI PM£2.20","1","1","","","","10","9.99","0","01/09/2025","07/09/2025","heinz-ravioli-pmps220-72776","","","","3","default=2","","","","19","3","","3","6x400GRM","","","PMP","0","23.56","","WEEK 36 PROMOTION","01/09/2025","07/09/2025","","2.2","","No Shipping class","0","222",""
"900653","","en","variant_family","simple","GROCERY/TINNED FOOD","900653.webp","HNZ SPAGHETTI PMP £1.59","HNZ SPAGHETTI PMP £1.59","HNZ SPAGHETTI PMP £1.59","1","1","","","","10","24.99","0","01/09/2025","07/09/2025","hnz-spaghetti-pmp-ps159-900653","","","","3","default=1","","","","19","1","","3","24x400GM","","","PMP","0","33.99","","WEEK 36 PROMOTION","01/09/2025","07/09/2025","","1.59","","No Shipping class","0","223",""
"903728","","en","variant_family","simple","BEER, CIDER, ALCOHOL FREE & READY TO DRINK/BEER & LAGER","903728.webp","STELLA ARTOIS PMP £7.79","STELLA ARTOIS PMP £7.79","STELLA ARTOIS PMP £7.79","1","1","","","","10","26.99","0","01/09/2025","07/09/2025","stella-artois-pmp-ps779-903728","","","","645","default=280","","","","19","1","","645","6x568ML","","","PMP","0","30.71","","WEEK 36 PROMOTION","01/09/2025","07/09/2025","","7.79","","No Shipping class","0","224",""
"93710","","en","variant_family","simple","BEER, CIDER, ALCOHOL FREE & READY TO DRINK/BEER & LAGER","0","CORONA EXTRA 12PACK","CORONA EXTRA 12PACK","CORONA EXTRA 12PACK","1","1","","","","10","10.79","9.99","01/09/2025","07/09/2025","corona-extra-12pack-93710","","","","185","default=257","","","","19","1","","185","1x330ML","","","PLAIN","0","30.55","","WEEK 36 PROMOTION","01/09/2025","07/09/2025","","18.99","","No Shipping class","0","225",""
"93711","","en","variant_family","simple","BEER, CIDER, ALCOHOL FREE & READY TO DRINK/BEER & LAGER","0","CORONA EXTRA 4PACK","CORONA EXTRA 4PACK","CORONA EXTRA 4PACK","1","1","","","","10","22.49","22.39","01/09/2025","07/09/2025","corona-extra-4pack-93711","","","","9","default=10","","","","19","1","","9","6x440ML","","","PLAIN","0","26.9","","WEEK 36 PROMOTION","01/09/2025","07/09/2025","","6.29","","No Shipping class","0","226",""
"143230","","en","variant_family","simple","BEER, CIDER, ALCOHOL FREE & READY TO DRINK/BEER & LAGER","143230.webp","STELLA ARTOIS NRB 12PACK","STELLA ARTOIS NRB 12PACK","STELLA ARTOIS NRB 12PACK","1","1","","","","10","8.49","0","01/09/2025","07/09/2025","stella-artois-nrb-12pack-143230","","","","5","default=13","","","","19","1","","5","1x284ML","","","PLAIN","0","13.93","","WEEK 36 PROMOTION","01/09/2025","07/09/2025","","13.65","","No Shipping class","0","227",""
"106606","","en","variant_family","simple","BEER, CIDER, ALCOHOL FREE & READY TO DRINK/BEER & LAGER","106606.webp","STELLA ARTOIS NRB 12x660ML","STELLA ARTOIS NRB 12x660ML","STELLA ARTOIS NRB 12x660ML","1","1","","","","10","19.49","18.99","01/09/2025","07/09/2025","stella-artois-nrb-12x660ml-106606","","","","19","default=11","","","","19","1","","19","12x660ML","","","PLAIN","0","19.72","","WEEK 36 PROMOTION","01/09/2025","07/09/2025","","2.49","","No Shipping class","0","228",""
"100250","","en","variant_family","simple","BEER, CIDER, ALCOHOL FREE & READY TO DRINK/BEER & LAGER","0","BUDWEISER CAN 4PACK PMP £5.99","BUDWEISER CAN 4PACK PMP £5.99","BUDWEISER CAN 4PACK PMP £5.99","1","1","","","","10","19.79","17.99","01/09/2025","07/09/2025","budweiser-can-4pack-pmp-ps599-100250","","","","297","default=334","","","","19","1","","297","6x440ML","","","PMP","0","33.26","","WEEK 36 PROMOTION","01/09/2025","07/09/2025","","5.99","","No Shipping class","0","229",""
"48555","","en","variant_family","simple","BEER, CIDER, ALCOHOL FREE & READY TO DRINK/BEER & LAGER","0","BUDWEISER CANS 10PACK","BUDWEISER CANS 10PACK","BUDWEISER CANS 10PACK","1","1","","","","10","8.49","0","01/09/2025","07/09/2025","budweiser-cans-10pack-48555","","","","26","default=20","","","","19","1","","26","1x440ML","","","PLAIN","0","30.28","","WEEK 36 PROMOTION","01/09/2025","07/09/2025","","15.99","","No Shipping class","0","230",""
"48556","","en","variant_family","simple","BEER, CIDER, ALCOHOL FREE & READY TO DRINK/BEER & LAGER","48556.webp","BUDWEISER BOTTLES 12PACK","BUDWEISER BOTTLES 12PACK","BUDWEISER BOTTLES 12PACK","1","1","","","","10","7.99","7.29","01/09/2025","07/09/2025","budweiser-bottles-12pack-48556","","","","432","default=95","","","","19","1","","432","12x300ML","","","PLAIN","0","20.25","","WEEK 36 PROMOTION","01/09/2025","07/09/2025","","1.19","","No Shipping class","0","231",""
"99184","","en","variant_family","simple","GROCERY/TINNED FOOD","99184.webp","JOHN WEST TUNA STEAK IN BRINE","JOHN WEST TUNA STEAK IN BRINE","JOHN WEST TUNA STEAK IN BRINE","1","1","","","","10","16.69","0","01/09/2025","07/09/2025","john-west-tuna-steak-in-brine-99184","","","","6","default=1","","","","19","3","","6","12x160GRM","","","PLAIN","0","28.02","","WEEK 36 PROMOTION","01/09/2025","07/09/2025","","1.99","","No Shipping class","0","232",""
"900345","","en","variant_family","simple","GROCERY/TINNED FOOD","900345.webp","JOHN WEST TUNA CHUNK IN BRINE","JOHN WEST TUNA CHUNK IN BRINE","JOHN WEST TUNA CHUNK IN BRINE","1","1","","","","10","13.39","0","01/09/2025","07/09/2025","john-west-tuna-chunk-in-brine-900345","","","","2","default=9","","","","19","3","","2","12x145G","","","PLAIN","0","29.82","","WEEK 36 PROMOTION","01/09/2025","07/09/2025","","1.59","","No Shipping class","0","233",""
"125353","","en","variant_family","simple","GROCERY/TINNED FOOD","125353.webp","KTC BOILED CHICK PEAS","KTC BOILED CHICK PEAS","KTC BOILED CHICK PEAS","1","1","","","","10","4.29","4.09","01/09/2025","07/09/2025","ktc-boiled-chick-peas-125353","","","","20","default=31","","","","19","3","","20","12x400GMS","","","PLAIN","0","24.26","","WEEK 36 PROMOTION","01/09/2025","07/09/2025","","0.56","","No Shipping class","0","234",""
"172701","","en","variant_family","simple","GROCERY/OIL & GHEE","172701.webp","LOCAL LIVING VEGETABLE OIL","LOCAL LIVING VEGETABLE OIL","LOCAL LIVING VEGETABLE OIL","1","1","","","","10","9.49","9.39","01/09/2025","07/09/2025","local-living-vegetable-oil-172701","","","","27","default=31","","","","19","3","","27","6x1LTR","","","PLAIN","0","23.65","","WEEK 36 PROMOTION","01/09/2025","07/09/2025","","2.29","","No Shipping class","0","235",""
"98235","","en","variant_family","simple","GROCERY/OIL & GHEE","98235.webp","KTC VEGETABLE OIL","KTC VEGETABLE OIL","KTC VEGETABLE OIL","1","1","","","","10","19.99","0","01/09/2025","07/09/2025","ktc-vegetable-oil-98235","","","","1344","default=584","","","","19","3","","448","1x5LTR","","","PLAIN","0","16.02","","WEEK 36 PROMOTION","01/09/2025","07/09/2025","","7.49","","No Shipping class","0","236",""
"172695","","en","variant_family","simple","GROCERY/OIL & GHEE","172695.webp","LOCAL LIVING SUNFLOWER OIL","LOCAL LIVING SUNFLOWER OIL","LOCAL LIVING SUNFLOWER OIL","1","1","","","","10","10.79","9.99","01/09/2025","07/09/2025","local-living-sunflower-oil-172695","","","","72","default=81","","","","19","3","","72","6xLTR","","","PLAIN","0","10.27","","WEEK 36 PROMOTION","01/09/2025","07/09/2025","","2.19","","No Shipping class","0","237",""
"902289","","en","variant_family","simple","CRISPS AND SNACKS/CRISP","902289.webp","PRINGLES TEXAS BBQ PMP£2.99","PRINGLES TEXAS BBQ PMP£2.99","PRINGLES TEXAS BBQ PMP£2.99","1","1","","","","10","7.99","7.49","01/09/2025","07/09/2025","pringles-texas-bbq-pmpps299-902289","","","","20","default=16","","","","19","1","","20","6x165G","","","PMP","0","46.56","","WEEK 36 PROMOTION","01/09/2025","07/09/2025","","2.99","","No Shipping class","0","238",""
"902428","","en","variant_family","simple","CRISPS AND SNACKS/CRISP","902428.webp","PRINGLES CHEESE&ONION PM£2.99","PRINGLES CHEESE&ONION PM£2.99","PRINGLES CHEESE&ONION PM£2.99","1","1","","","","10","8.69","7.49","01/09/2025","07/09/2025","pringles-cheeseonion-pmps299-902428","","","","19","default=33","","","","19","1","","19","6x165G","","","PMP","0","41.87","","WEEK 36 PROMOTION","01/09/2025","07/09/2025","","2.99","","No Shipping class","0","239",""
"902436","","en","variant_family","simple","CRISPS AND SNACKS/CRISP","902436.webp","PRINGLES ORIGINAL PM£2.99","PRINGLES ORIGINAL PM£2.99","PRINGLES ORIGINAL PM£2.99","1","1","","","","10","7.99","7.49","01/09/2025","07/09/2025","pringles-original-pmps299-902436","","","","24","default=28","","","","19","1","","24","6x165G","","","PMP","0","46.56","","WEEK 36 PROMOTION","01/09/2025","07/09/2025","","2.99","","No Shipping class","0","240",""
"903652","","en","variant_family","simple","CRISPS AND SNACKS/CRISP","903652.webp","PRINGLES FLAME GRILLED STEAK PM £2.99","PRINGLES FLAME GRILLED STEAK PM £2.99","PRINGLES FLAME GRILLED STEAK PM £2.99","1","1","","","","10","8.69","0","01/09/2025","07/09/2025","pringles-flame-grilled-steak-pm-ps299-903652","","","","21","default=8","","","","19","1","","21","6x165G","","","PMP","0","41.87","","WEEK 36 PROMOTION","01/09/2025","07/09/2025","","2.99","","No Shipping class","0","241",""
"903654","","en","variant_family","simple","CRISPS AND SNACKS/CRISP","903654.webp","PRINGLES PRAWN COCKTAIL PM £2.99","PRINGLES PRAWN COCKTAIL PM £2.99","PRINGLES PRAWN COCKTAIL PM £2.99","1","1","","","","10","7.99","0","01/09/2025","07/09/2025","pringles-prawn-cocktail-pm-ps299-903654","","","","21","default=10","","","","19","1","","21","6x165G","","","PMP","0","46.56","","WEEK 36 PROMOTION","01/09/2025","07/09/2025","","2.99","","No Shipping class","0","242",""
"181314","","en","variant_family","simple","CRISPS AND SNACKS/CRISP","181314.webp","PRINGLES HOT AND SPICY PM£1.25","PRINGLES HOT AND SPICY PM£1.25","PRINGLES HOT AND SPICY PM£1.25","1","1","","","","10","7.39","0","01/09/2025","07/09/2025","pringles-hot-and-spicy-pmps125-181314","","","","19","default=24","","","","19","1","","19","12x70G","","","PMP","0","22.48","","WEEK 36 PROMOTION","01/09/2025","07/09/2025","","1.25","","No Shipping class","0","243",""
"182311","","en","variant_family","simple","CRISPS AND SNACKS/CRISP","182311.webp","PRINGLES ORIGINAL PM£1.25","PRINGLES ORIGINAL PM£1.25","PRINGLES ORIGINAL PM£1.25","1","1","","","","10","7.39","0","01/09/2025","07/09/2025","pringles-original-pmps125-182311","","","","16","default=30","","","","19","1","","16","12x70G","","","PMP","0","22.48","","WEEK 36 PROMOTION","01/09/2025","07/09/2025","","1.25","","No Shipping class","0","244",""
"65254","","en","variant_family","simple","GROCERY/DRIED VEG RICE & PULSES","65254.webp","KOLEE CHICKEN SPECIAL NOODLES","KOLEE CHICKEN SPECIAL NOODLES","KOLEE CHICKEN SPECIAL NOODLES","1","1","","","","10","8.59","0","01/09/2025","07/09/2025","kolee-chicken-special-noodles-65254","","","","4","default=8","","","","19","3","","4","24x85GRM","","","PLAIN","0","33.41","","WEEK 36 PROMOTION","01/09/2025","07/09/2025","","0.55","","No Shipping class","0","245",""
"902921","","en","variant_family","simple","HOUSEHOLD, CLEANING & PAPER/TOILET ROLL","902921.webp","ANDREX CLASSIC CLEAN PM£1.79","ANDREX CLASSIC CLEAN PM£1.79","ANDREX CLASSIC CLEAN PM£1.79","1","1","","","","10","13.99","0","01/09/2025","07/09/2025","andrex-classic-clean-pmps179-902921","","","","98","default=51","","","","19","1","","98","12x2ROLL","","","PMP","0","24.64","","WEEK 36 PROMOTION","01/09/2025","07/09/2025","","1.79","","No Shipping class","0","246",""
"903787","","en","variant_family","simple","HOUSEHOLD, CLEANING & PAPER/TOILET ROLL","903787.webp","ANDREX COMPLETE CLEAN TOILET TISSUE 9 ROLL £5.49 P","ANDREX COMPLETE CLEAN TOILET TISSUE 9 ROLL £5.49 P","ANDREX COMPLETE CLEAN TOILET TISSUE 9 ROLL £5.49 P","1","1","","","","10","12.29","0","01/09/2025","07/09/2025","andrex-complete-clean-toilet-tissue-9-roll-ps549-p-903787","","","","60","default=46","","","","19","1","","60","4x9ROLL","","","PMP","0","29.56","","WEEK 36 PROMOTION","01/09/2025","07/09/2025","","5.49","","No Shipping class","0","247",""
"903858","","en","variant_family","simple","HOUSEHOLD, CLEANING & PAPER/TOILET ROLL","0","ANDREX COMPLETE CLEAN £3.99","ANDREX COMPLETE CLEAN £3.99","ANDREX COMPLETE CLEAN £3.99","1","1","","","","10","10.99","0","01/09/2025","07/09/2025","andrex-complete-clean-ps399-903858","","","","40","default=51","","","","19","1","","40","4x6 ROLL","","","PMP","0","17.37","","WEEK 36 PROMOTION","01/09/2025","07/09/2025","","3.99","","No Shipping class","0","248",""
"129809","","en","variant_family","simple","HOUSEHOLD, CLEANING & PAPER/FACIAL TISSUE & HAND WIPES","129809.webp","KLEENEX BALSAM HANKS","KLEENEX BALSAM HANKS","KLEENEX BALSAM HANKS","1","1","","","","10","5.49","0","01/09/2025","07/09/2025","kleenex-balsam-hanks-129809","","","","19","default=26","","","","19","1","","19","18xSINGLE","","","PLAIN","0","12.86","","WEEK 36 PROMOTION","01/09/2025","07/09/2025","","0.42","","No Shipping class","0","249",""
"180921","","en","variant_family","simple","HOUSEHOLD, CLEANING & PAPER/TOILET ROLL","180921.webp","ANDREX CLASSIC CLEAN £2.99","ANDREX CLASSIC CLEAN £2.99","ANDREX CLASSIC CLEAN £2.99","1","1","","","","10","11.29","0","01/09/2025","07/09/2025","andrex-classic-clean-ps299-180921","","","","179","default=10","","","","19","1","","179","6x4ROLL","","","PMP","0","23.14","","WEEK 36 PROMOTION","01/09/2025","07/09/2025","","2.99","","No Shipping class","0","250",""
"180941","","en","variant_family","simple","HOUSEHOLD, CLEANING & PAPER/TOILET ROLL","180941.webp","ANDREX SUPREME / ULTIMATE QUILTS T/TISSUE PM£2.99","ANDREX SUPREME / ULTIMATE QUILTS T/TISSUE PM£2.99","ANDREX SUPREME / ULTIMATE QUILTS T/TISSUE PM£2.99","1","1","","","","10","11.39","9.89","01/09/2025","07/09/2025","andrex-supreme-ultimate-quilts-ttissue-pmps299-180941","","","","100","default=55","","","","19","1","","100","6x4ROLL","","","PMP","0","23.81","","WEEK 36 PROMOTION","01/09/2025","07/09/2025","","2.99","","No Shipping class","0","251",""
"11227","","en","variant_family","configurable","SPIRITS/WHISKY","11227.webp","HIGH COMMISSIONER WHISKY PM£6.79","HIGH COMMISSIONER WHISKY PM£6.79","HIGH COMMISSIONER WHISKY PM£6.79","1","1","","","","0","0","0","01/09/2025","07/09/2025","high-commissioner-whisky-pmps679-11227","","","","605","0","","","","0","0","","12","1x20CL","","","PMP","0","24.18","","WEEK 36 PROMOTION","01/09/2025","07/09/2025","","6.79","","No Shipping class","sku=11227a,pack_size=Pack 1|sku=11227c,pack_size=Pack 2|sku=11227b,pack_size=Pack 3","252","The special price field must be less than 0."
"10753","","en","variant_family","configurable","SPIRITS/VODKA","10753.webp","GLENS VODKA PM£9.29","GLENS VODKA PM£9.29","GLENS VODKA PM£9.29","1","1","","","","0","0","0","01/09/2025","07/09/2025","glens-vodka-pmps929-10753","","","","6","0","","","","0","0","","0","1x35CL","","","PMP","0","20.04","","WEEK 36 PROMOTION","01/09/2025","07/09/2025","","9.29","","No Shipping class","sku=10753a,pack_size=Pack 1|sku=10753c,pack_size=Pack 2|sku=10753b,pack_size=Pack 3","253","The special price field must be less than 0."
"11284","","en","variant_family","configurable","SPIRITS/VODKA","11284.webp","GLENS VODKA PM£5.79","GLENS VODKA PM£5.79","GLENS VODKA PM£5.79","1","1","","","","0","0","0","01/09/2025","07/09/2025","glens-vodka-pmps579-11284","","","","497","0","","","","0","0","","10","1x20CL","","","PMP","0","23.52","","WEEK 36 PROMOTION","01/09/2025","07/09/2025","","5.79","","No Shipping class","sku=11284a,pack_size=Pack 1|sku=11284c,pack_size=Pack 2|sku=11284b,pack_size=Pack 3","254","The special price field must be less than 0."
"110732","","en","variant_family","configurable","SPIRITS/VODKA","0","GLENS VODKA PM£15.49","GLENS VODKA PM£15.49","GLENS VODKA PM£15.49","1","1","","","","0","0","0","01/09/2025","07/09/2025","glens-vodka-pmps1549-110732","","","","113","0","","","","0","0","","18","1x70CL","","","PMP","0","17.96","","WEEK 36 PROMOTION","01/09/2025","07/09/2025","","15.49","","No Shipping class","sku=110732a,pack_size=Pack 1|sku=110732c,pack_size=Pack 2","255","The special price field must be less than 0."
"184200","","en","variant_family","simple","SOFT DRINK/JUICES","184200.webp","RIBENA BLACKCURRANT LIGHT PM£1.35","RIBENA BLACKCURRANT LIGHT PM£1.35","RIBENA BLACKCURRANT LIGHT PM£1.35","1","1","","","","10","8.99","0","01/09/2025","07/09/2025","ribena-blackcurrant-light-pmps135-184200","","","","17","default=26","","","","19","1","","17","12x500ML","","","PMP","10","31.93","","WEEK 36 PROMOTION","01/09/2025","07/09/2025","","1.35","","No Shipping class","0","256",""
"22993","","en","variant_family","simple","CONFECTIONERY/CHEWING GUM","22993.webp","WRIGLEY EXTRA ICE PEPPERMINT SUGARFREE","WRIGLEY EXTRA ICE PEPPERMINT SUGARFREE","WRIGLEY EXTRA ICE PEPPERMINT SUGARFREE","1","1","","","","10","11.99","0","01/09/2025","07/09/2025","wrigley-extra-ice-peppermint-sugarfree-22993","","","","46","default=64","","","","19","1","","46","30x10PCE","","","PLAIN","0","11.35","","WEEK 36 PROMOTION","01/09/2025","07/09/2025","","0.55","","No Shipping class","0","257",""
"22996","","en","variant_family","simple","CONFECTIONERY/CHEWING GUM","22996.webp","WRIGLEYS EXTRA WHITE BUBBLEMINT","WRIGLEYS EXTRA WHITE BUBBLEMINT","WRIGLEYS EXTRA WHITE BUBBLEMINT","1","1","","","","10","11.99","0","01/09/2025","07/09/2025","wrigleys-extra-white-bubblemint-22996","","","","24","default=43","","","","19","1","","24","30x10PCE","","","PLAIN","0","17.36","","WEEK 36 PROMOTION","01/09/2025","07/09/2025","","0.59","","No Shipping class","0","258",""
"87502","","en","variant_family","simple","CONFECTIONERY/CHEWING GUM","87502.webp","WRIGLEYS AIRWAVES CHERRY MENTHOL","WRIGLEYS AIRWAVES CHERRY MENTHOL","WRIGLEYS AIRWAVES CHERRY MENTHOL","1","1","","","","10","10.49","0","01/09/2025","07/09/2025","wrigleys-airwaves-cherry-menthol-87502","","","","18","default=34","","","","19","1","","18","30x10PCE","","","PLAIN","0","24.14","","WEEK 36 PROMOTION","01/09/2025","07/09/2025","","0.59","","No Shipping class","0","259",""
"91162","","en","variant_family","simple","CONFECTIONERY/CHEWING GUM","0","WRIGLEYS EXTRA SPEARMINT SUGAR FREE","WRIGLEYS EXTRA SPEARMINT SUGAR FREE","WRIGLEYS EXTRA SPEARMINT SUGAR FREE","1","1","","","","10","10.99","0","01/09/2025","07/09/2025","wrigleys-extra-spearmint-sugar-free-91162","","","","32","default=73","","","","19","1","","32","30x10 PCE","","","PLAIN","0","24.14","","WEEK 36 PROMOTION","01/09/2025","07/09/2025","","0.59","","No Shipping class","0","260",""
"112359","","en","variant_family","simple","CONFECTIONERY/CHEWING GUM","112359.webp","HUBBA BUBBA ORIGINAL","HUBBA BUBBA ORIGINAL","HUBBA BUBBA ORIGINAL","1","1","","","","10","7.49","0","01/09/2025","07/09/2025","hubba-bubba-original-112359","","","","179","default=10","","","","19","1","","9","20x5PCE","","","PLAIN","0","39.45","","WEEK 36 PROMOTION","01/09/2025","07/09/2025","","0.99","","No Shipping class","0","261",""
"120856","","en","variant_family","simple","CONFECTIONERY/CHEWING GUM","120856.webp","WRIGLEYS AIRWAVES S/FREE BLACKCURNT","WRIGLEYS AIRWAVES S/FREE BLACKCURNT","WRIGLEYS AIRWAVES S/FREE BLACKCURNT","1","1","","","","10","10.99","0","01/09/2025","07/09/2025","wrigleys-airwaves-sfree-blackcurnt-120856","","","","18","default=31","","","","19","1","","18","30x10 PCE","","","PLAIN","0","24.14","","WEEK 36 PROMOTION","01/09/2025","07/09/2025","","0.59","","No Shipping class","0","262",""
"120899","","en","variant_family","simple","CONFECTIONERY/CHEWING GUM","120899.webp","WRIGLEYS AIRWAVES MENTHOL&EUCAL","WRIGLEYS AIRWAVES MENTHOL&EUCAL","WRIGLEYS AIRWAVES MENTHOL&EUCAL","1","1","","","","10","10.49","0","01/09/2025","07/09/2025","wrigleys-airwaves-mentholeucal-120899","","","","70","default=22","","","","19","1","","1","30x10PCE","","","PLAIN","0","24.14","","WEEK 36 PROMOTION","01/09/2025","07/09/2025","","0.59","","No Shipping class","0","263",""
"902169","","en","variant_family","simple","CONFECTIONERY/CHEWING GUM","902169.webp","WRIGLEY HUBBA BUBBA TAPE FRUIT","WRIGLEY HUBBA BUBBA TAPE FRUIT","WRIGLEY HUBBA BUBBA TAPE FRUIT","1","1","","","","10","9.99","0","01/09/2025","07/09/2025","wrigley-hubba-bubba-tape-fruit-902169","","","","31","default=56","","","","19","1","","31","12x56G","","","PLAIN","0","32.07","","WEEK 36 PROMOTION","01/09/2025","07/09/2025","","1.5","","No Shipping class","0","264",""
"902170","","en","variant_family","simple","CONFECTIONERY/CHEWING GUM","902170.webp","WRIGLEY HUBBA BUBBA SBERRY","WRIGLEY HUBBA BUBBA SBERRY","WRIGLEY HUBBA BUBBA SBERRY","1","1","","","","10","9.99","0","01/09/2025","07/09/2025","wrigley-hubba-bubba-sberry-902170","","","","53","default=67","","","","19","1","","53","12x56G","","","PLAIN","0","32.07","","WEEK 36 PROMOTION","01/09/2025","07/09/2025","","1.5","","No Shipping class","0","265",""
"902696","","en","variant_family","simple","CONFECTIONERY/CHEWING GUM","902696.webp","EXTRA PEPPERMINT PMP 46 PELLET BOTTLE£2.50","EXTRA PEPPERMINT PMP 46 PELLET BOTTLE£2.50","EXTRA PEPPERMINT PMP 46 PELLET BOTTLE£2.50","1","1","","","","10","9.79","0","01/09/2025","07/09/2025","extra-peppermint-pmp-46-pellet-bottleps250-902696","","","","35","default=66","","","","19","1","","1","6x6 BTL","","","PMP","0","20.08","","WEEK 36 PROMOTION","01/09/2025","07/09/2025","","2.5","","No Shipping class","0","266",""
"902697","","en","variant_family","simple","CONFECTIONERY/CHEWING GUM","902697.webp","EXTRA SPEARMINT PMP 46 PELLET BOTTLE£2.50","EXTRA SPEARMINT PMP 46 PELLET BOTTLE£2.50","EXTRA SPEARMINT PMP 46 PELLET BOTTLE£2.50","1","1","","","","10","9.79","0","01/09/2025","07/09/2025","extra-spearmint-pmp-46-pellet-bottleps250-902697","","","","143","default=20","","","","19","1","","5","6x46PCE","","","PMP","0","20.08","","WEEK 36 PROMOTION","01/09/2025","07/09/2025","","2.5","","No Shipping class","0","267",""
"903104","","en","variant_family","simple","CONFECTIONERY/CHEWING GUM","903104.webp","WRIGLEY EXTRA BUBBLEMINT SF GUM £2.50","WRIGLEY EXTRA BUBBLEMINT SF GUM £2.50","WRIGLEY EXTRA BUBBLEMINT SF GUM £2.50","1","1","","","","10","9.79","0","01/09/2025","07/09/2025","wrigley-extra-bubblemint-sf-gum-ps250-903104","","","","31","default=40","","","","19","1","","31","6x46PCE","","","PMP","0","26.48","","WEEK 36 PROMOTION","01/09/2025","07/09/2025","","2.5","","No Shipping class","0","268",""
"903182","","en","variant_family","simple","CONFECTIONERY/CHEWING GUM","903182.webp","WRIGLEY EXTRA WATERMELON","WRIGLEY EXTRA WATERMELON","WRIGLEY EXTRA WATERMELON","1","1","","","","10","10.49","0","01/09/2025","07/09/2025","wrigley-extra-watermelon-903182","","","","14","default=24","","","","19","1","","0","30x10PCE","","","PLAIN","0","49.69","","WEEK 36 PROMOTION","01/09/2025","07/09/2025","","0.85","","No Shipping class","0","269",""
"903485","","en","variant_family","simple","CONFECTIONERY/SWEET BAGS","903485.webp","STARBURST MINIS PM £1.25","STARBURST MINIS PM £1.25","STARBURST MINIS PM £1.25","1","1","","","","10","9.49","0","01/09/2025","07/09/2025","starburst-minis-pm-ps125-903485","","","","12","default=20","","","","19","1","","12","12x125G","","","PMP","0","18.48","","WEEK 36 PROMOTION","01/09/2025","07/09/2025","","1.25","","No Shipping class","0","270",""
"904016","","en","variant_family","simple","CONFECTIONERY/CHOCOLATES","904016.webp","EXTRA REFRESHERS BUBBLEMINT 16 PKT","EXTRA REFRESHERS BUBBLEMINT 16 PKT","EXTRA REFRESHERS BUBBLEMINT 16 PKT","1","1","","","","10","5.99","0","01/09/2025","07/09/2025","extra-refreshers-bubblemint-16-pkt-904016","","","","18","default=24","","","","19","1","","0","16x7PK","","","PLAIN","0","35.1","","WEEK 36 PROMOTION","01/09/2025","07/09/2025","","0.75","","No Shipping class","0","271",""
"140125","","en","variant_family","configurable","SPIRITS/WHISKY","0","FAMOUS GROUSE WHISKY PMP £6.49","FAMOUS GROUSE WHISKY PMP £6.49","FAMOUS GROUSE WHISKY PMP £6.49","1","1","","","","0","0","0","01/09/2025","07/09/2025","famous-grouse-whisky-pmp-ps649-140125","","","","71","0","","","","0","0","","1","1x20CL","","","PMP","0","18.83","","WEEK 36 PROMOTION","01/09/2025","07/09/2025","","6.49","","No Shipping class","sku=140125a,pack_size=Pack 1|sku=140125c,pack_size=Pack 2|sku=140125b,pack_size=Pack 3","272","The special price field must be less than 0."
"148756","","en","variant_family","configurable","SPIRITS/WHISKY","0","JIM BEAM RED STAG","JIM BEAM RED STAG","JIM BEAM RED STAG","1","1","","","","0","0","0","01/09/2025","07/09/2025","jim-beam-red-stag-148756","","","","47","0","","","","0","0","","7","1x70CL","","","PLAIN","0","13.16","","WEEK 36 PROMOTION","01/09/2025","07/09/2025","","20.99","","No Shipping class","sku=148756a,pack_size=Pack 1|sku=148756c,pack_size=Pack 2","273","The special price field must be less than 0."
"20881","","en","variant_family","configurable","SPIRITS/BRANDY & COGNAC","0","COURVOISIER COGNAC VS 40%DST","COURVOISIER COGNAC VS 40%DST","COURVOISIER COGNAC VS 40%DST","1","1","","","","0","0","0","01/09/2025","07/09/2025","courvoisier-cognac-vs-40dst-20881","","","","362","0","","","","0","0","","60","1x70CL","","","PLAIN","0","18.01","","WEEK 36 PROMOTION","01/09/2025","07/09/2025","","29.99","","No Shipping class","sku=20881a,pack_size=Pack 1|sku=20881c,pack_size=Pack 2","274","The special price field must be less than 0."
"148438","","en","variant_family","configurable","SPIRITS/BRANDY & COGNAC","148438.webp","COURVOISIER COGNAC VS","COURVOISIER COGNAC VS","COURVOISIER COGNAC VS","1","1","","","","0","0","0","01/09/2025","07/09/2025","courvoisier-cognac-vs-148438","","","","626","0","","","","0","0","","26","1x20CL","","","PLAIN","0","20.65","","WEEK 36 PROMOTION","01/09/2025","07/09/2025","","12.99","","No Shipping class","sku=148438a,pack_size=Pack 1|sku=148438c,pack_size=Pack 2|sku=148438b,pack_size=Pack 3","275","The special price field must be less than 0."
"153620","","en","variant_family","simple","PET FOOD/CAT FOOD","0","CATSAN CAT LITTER","CATSAN CAT LITTER","CATSAN CAT LITTER","1","1","","","","10","2.99","2.49","01/09/2025","07/09/2025","catsan-cat-litter-153620","","","","44","default=54","","","","19","1","","44","1x5LTR","","","PLAIN","0","10.08","","WEEK 36 PROMOTION","01/09/2025","07/09/2025","","3.99","","No Shipping class","0","276",""
"900058","","en","variant_family","simple","PET FOOD/CAT FOOD","0","WHISKAS KITTEN POUCHES FISH IN JELL","WHISKAS KITTEN POUCHES FISH IN JELL","WHISKAS KITTEN POUCHES FISH IN JELL","1","1","","","","10","12.99","0","01/09/2025","07/09/2025","whiskas-kitten-pouches-fish-in-jell-900058","","","","8","default=11","","","","19","1","","8","4x12X85G","","","PLAIN","0","22.98","","WEEK 36 PROMOTION","01/09/2025","07/09/2025","","5.06","","No Shipping class","0","277",""
"902146","","en","variant_family","configurable","CRISPS AND SNACKS/ETHNIC SNACKS","902146.webp","JAIMIN DOUBLE METHI MASALA KHAKHRA","JAIMIN DOUBLE METHI MASALA KHAKHRA","JAIMIN DOUBLE METHI MASALA KHAKHRA","1","1","","","","0","0","0","01/09/2025","07/09/2025","jaimin-double-methi-masala-khakhra-902146","","","","15","0","","","","0","0","","0","1x200G","","","PLAIN","0","25.21","","WEEK 36 PROMOTION","01/09/2025","07/09/2025","","1.19","","No Shipping class","sku=902146a,pack_size=Pack 1|sku=902146c,pack_size=Pack 2","278","The special price field must be less than 0."
"902767","","en","variant_family","configurable","CRISPS AND SNACKS/ETHNIC SNACKS","902767.webp","JAIMIN RAGI CORIANDER KHAKHRA","JAIMIN RAGI CORIANDER KHAKHRA","JAIMIN RAGI CORIANDER KHAKHRA","1","1","","","","0","0","0","01/09/2025","07/09/2025","jaimin-ragi-coriander-khakhra-902767","","","","25","0","","","","0","0","","1","1x200G","","","PLAIN","0","25.21","","WEEK 36 PROMOTION","01/09/2025","07/09/2025","","1.19","","No Shipping class","sku=902767a,pack_size=Pack 1|sku=902767c,pack_size=Pack 2","279","The special price field must be less than 0."
"111138","","en","variant_family","configurable","CRISPS AND SNACKS/ETHNIC SNACKS","111138.webp","JAIMIN JEERA BHAKHRI","JAIMIN JEERA BHAKHRI","JAIMIN JEERA BHAKHRI","1","1","","","","0","0","0","01/09/2025","07/09/2025","jaimin-jeera-bhakhri-111138","","","","24","0","","","","0","0","","2","1x250G","","","PLAIN","0","25.21","","WEEK 36 PROMOTION","01/09/2025","07/09/2025","","1.19","","No Shipping class","sku=111138a,pack_size=Pack 1|sku=111138c,pack_size=Pack 2","280","The special price field must be less than 0."
"902125","","en","variant_family","simple","WATER/STILL WATER","902125.webp","NESTLE PURE LIFE12PK","NESTLE PURE LIFE12PK","NESTLE PURE LIFE12PK","1","1","","","","10","2.99","0","01/09/2025","07/09/2025","nestle-pure-life12pk-902125","","","","21","default=16","","","","19","1","","21","12x500ML","","","PLAIN","10","38.98","","WEEK 36 PROMOTION","01/09/2025","07/09/2025","","0.49","","No Shipping class","0","281",""
"90299","","en","variant_family","simple","CONFECTIONERY/SWEET BAGS","90299.webp","AERO BUBBLES PEPPERMINT BAG PM£1.50","AERO BUBBLES PEPPERMINT BAG PM£1.50","AERO BUBBLES PEPPERMINT BAG PM£1.50","1","1","","","","10","10.99","0","01/09/2025","07/09/2025","aero-bubbles-peppermint-bag-pmps150-90299","","","","2","default=17","","","","19","1","","2","12x80G","","","PMP","0","26.73","","WEEK 36 PROMOTION","01/09/2025","07/09/2025","","1.5","","No Shipping class","0","282",""
"107750","","en","variant_family","simple","WATER/STILL WATER","107750.webp","AVANT MINERAL WATER","AVANT MINERAL WATER","AVANT MINERAL WATER","1","1","","","","10","2.99","2.89","01/09/2025","07/09/2025","avant-mineral-water-107750","","","","56","default=76","","","","19","1","","56","24x330ML","","","PLAIN","10","48.45","","WEEK 36 PROMOTION","01/09/2025","07/09/2025","","0.29","","No Shipping class","0","283",""
"107751","","en","variant_family","simple","WATER/STILL WATER","107751.webp","AVANT MINERAL WATER","AVANT MINERAL WATER","AVANT MINERAL WATER","1","1","","","","10","2.99","2.89","01/09/2025","07/09/2025","avant-mineral-water-107751","","","","310","default=494","","","","19","1","","310","24x500ML","","","PLAIN","10","45","","WEEK 36 PROMOTION","01/09/2025","07/09/2025","","0.29","","No Shipping class","0","284",""
"901518","","en","variant_family","simple","HOUSEHOLD, CLEANING & PAPER/TOILET ROLL","901518.webp","SWIFT PROFFESSIONAL MINI JUMBO CENTREFEED ROLL","SWIFT PROFFESSIONAL MINI JUMBO CENTREFEED ROLL","SWIFT PROFFESSIONAL MINI JUMBO CENTREFEED ROLL","1","1","","","","10","6.79","6.39","01/09/2025","07/09/2025","swift-proffessional-mini-jumbo-centrefeed-roll-901518","","","","60","default=66","","","","19","1","","60","1x6S","","","PLAIN","0","32.04","","WEEK 36 PROMOTION","01/09/2025","07/09/2025","","11.99","","No Shipping class","0","285",""
"151065","","en","variant_family","simple","WINE/PORT, SHERRY, VERMOUTH & FORTIFIED WINE","151065.webp","MAGNUM TONIC DRINK","MAGNUM TONIC DRINK","MAGNUM TONIC DRINK","1","1","","","","10","53.89","52.99","01/09/2025","07/09/2025","magnum-tonic-drink-151065","","","","235","default=250","","","","19","1","","235","24x200ML","","","PLAIN","0","39.54","","WEEK 36 PROMOTION","01/09/2025","07/09/2025","","4.49","","No Shipping class","0","286",""
"155704","","en","variant_family","configurable","SPIRITS/RUM","0","WRAY AND NEPHEW OVERPROOF RUM","WRAY AND NEPHEW OVERPROOF RUM","WRAY AND NEPHEW OVERPROOF RUM","1","1","","","","0","0","0","01/09/2025","07/09/2025","wray-and-nephew-overproof-rum-155704","","","","336","0","","","","0","0","","56","1x70CL","","","PLAIN","0","22.56","","WEEK 36 PROMOTION","01/09/2025","07/09/2025","","32.99","","No Shipping class","sku=155704a,pack_size=Pack 1|sku=155704c,pack_size=Pack 2","287","The special price field must be less than 0."
"39208","","en","variant_family","configurable","SPIRITS/RUM","0","WRAY AND NEPHEW OVERPROOF RUM WHITE","WRAY AND NEPHEW OVERPROOF RUM WHITE","WRAY AND NEPHEW OVERPROOF RUM WHITE","1","1","","","","0","0","0","01/09/2025","07/09/2025","wray-and-nephew-overproof-rum-white-39208","","","","1349","0","","","","0","0","","56","1x35CL","","","PLAIN","0","20.24","","WEEK 36 PROMOTION","01/09/2025","07/09/2025","","18.49","","No Shipping class","sku=39208a,pack_size=Pack 1|sku=39208c,pack_size=Pack 2|sku=39208b,pack_size=Pack 3","288","The special price field must be less than 0."
"114423","","en","variant_family","configurable","SPIRITS/RUM","0","WRAY AND NEPHEW OVERPROOF RUM","WRAY AND NEPHEW OVERPROOF RUM","WRAY AND NEPHEW OVERPROOF RUM","1","1","","","","0","0","0","01/09/2025","07/09/2025","wray-and-nephew-overproof-rum-114423","","","","388","0","","","","0","0","","38","12x5CL","","","PLAIN","0","26.59","","WEEK 36 PROMOTION","01/09/2025","07/09/2025","","3.99","","No Shipping class","sku=114423a,pack_size=Pack 1|sku=114423c,pack_size=Pack 2","289","The special price field must be less than 0."
"19622","","en","variant_family","configurable","SPIRITS/WHISKY","19622.webp","JAMESON WHISKEY","JAMESON WHISKEY","JAMESON WHISKEY","1","1","","","","0","0","0","01/09/2025","07/09/2025","jameson-whiskey-19622","","","","197","0","","","","0","0","","32","1x70CL","","","PLAIN","0","27.56","","WEEK 36 PROMOTION","01/09/2025","07/09/2025","","25.99","","No Shipping class","sku=19622a,pack_size=Pack 1|sku=19622c,pack_size=Pack 2","290","The special price field must be less than 0."
"70080","","en","variant_family","configurable","SPIRITS/VODKA","70080.webp","ABSOLUT VODKA BLUE","ABSOLUT VODKA BLUE","ABSOLUT VODKA BLUE","1","1","","","","0","0","0","01/09/2025","07/09/2025","absolut-vodka-blue-70080","","","","89","0","","","","0","0","","14","1x70CL","","","PLAIN","0","20.85","","WEEK 36 PROMOTION","01/09/2025","07/09/2025","","19.39","","No Shipping class","sku=70080a,pack_size=Pack 1|sku=70080c,pack_size=Pack 2","291","The special price field must be less than 0."
"19520","","en","variant_family","configurable","SPIRITS/BRANDY & COGNAC","19520.webp","MARTELL COGNAC VS","MARTELL COGNAC VS","MARTELL COGNAC VS","1","1","","","","0","0","0","01/09/2025","07/09/2025","martell-cognac-vs-19520","","","","63","0","","","","0","0","","10","1x70CL","","","PLAIN","0","20.14","","WEEK 36 PROMOTION","01/09/2025","07/09/2025","","31.99","","No Shipping class","sku=19520a,pack_size=Pack 1|sku=19520c,pack_size=Pack 2","292","The special price field must be less than 0."
"28781","","en","variant_family","simple","WINE/RED WINE","28781.webp","BRANCOTT MERLOT","BRANCOTT MERLOT","BRANCOTT MERLOT","1","1","","","","10","40.05","0","01/09/2025","07/09/2025","brancott-merlot-28781","","","","7","default=7","","","","19","1","","7","6x75CL","","","PLAIN","0","21.89","","WEEK 36 PROMOTION","01/09/2025","07/09/2025","","10.29","","No Shipping class","0","293",""
"11394","","en","variant_family","simple","WINE/RED WINE","11394.webp","JACOBS CREEK SHIRAZ","JACOBS CREEK SHIRAZ","JACOBS CREEK SHIRAZ","1","1","","","","10","32.99","0","01/09/2025","07/09/2025","jacobs-creek-shiraz-11394","","","","9","default=12","","","","19","1","","9","6x75CL","","","PLAIN","0","24.38","","WEEK 36 PROMOTION","01/09/2025","07/09/2025","","8.99","","No Shipping class","0","294",""
"204126","","en","variant_family","simple","WINE/WHITE WINE","204126.webp","JACOBS CREEK CHARDONNAY","JACOBS CREEK CHARDONNAY","JACOBS CREEK CHARDONNAY","1","1","","","","10","32.99","0","01/09/2025","07/09/2025","jacobs-creek-chardonnay-204126","","","","10","default=15","","","","19","1","","10","6x75CL","","","PLAIN","0","24.38","","WEEK 36 PROMOTION","01/09/2025","07/09/2025","","8.99","","No Shipping class","0","295",""
"18467","","en","variant_family","simple","WINE/RED WINE","18467.webp","JACOBS CREEK MERLOT","JACOBS CREEK MERLOT","JACOBS CREEK MERLOT","1","1","","","","10","32.99","0","01/09/2025","07/09/2025","jacobs-creek-merlot-18467","","","","7","default=9","","","","19","1","","7","6x75CL","","","PLAIN","0","24.38","","WEEK 36 PROMOTION","01/09/2025","07/09/2025","","8.99","","No Shipping class","0","296",""
"64490","","en","variant_family","simple","TOBACCO & VAPES/CIGARETTE PAPERS & LIGHTERS","0","PRICES LIGHTING TAPERS","PRICES LIGHTING TAPERS","PRICES LIGHTING TAPERS","1","1","","","","10","4.49","0","01/09/2025","07/09/2025","prices-lighting-tapers-64490","","","","17","default=17","","","","19","1","","17","1x200GRM","","","PLAIN","0","10.05","","WEEK 36 PROMOTION","01/09/2025","07/09/2025","","5.99","","No Shipping class","0","297",""
"200156","","en","variant_family","configurable","NON-FOOD AND STATIONERY/FOOD & DRINK DISPOSABLE","200156.webp","CATERPACK HOT CUPS 50S 01157","CATERPACK HOT CUPS 50S 01157","CATERPACK HOT CUPS 50S 01157","1","1","","","","0","0","0","01/09/2025","07/09/2025","caterpack-hot-cups-50s-01157-200156","","","","69","0","","","","0","0","","3","1x12oz","","","PLAIN","0","28.1","","WEEK 36 PROMOTION","01/09/2025","07/09/2025","","4.99","","No Shipping class","sku=200156a,pack_size=Pack 1|sku=200156c,pack_size=Pack 2","298","The special price field must be less than 0."
"210375","","en","variant_family","configurable","NON-FOOD AND STATIONERY/FOOD & DRINK DISPOSABLE","210375.webp","CATERPACK ENVIRO WOODEN KNIVES 10567","CATERPACK ENVIRO WOODEN KNIVES 10567","CATERPACK ENVIRO WOODEN KNIVES 10567","1","1","","","","0","0","0","01/09/2025","07/09/2025","caterpack-enviro-wooden-knives-10567-210375","","","","18","0","","","","0","0","","1","1x100PK","","","PLAIN","0","40.2","","WEEK 36 PROMOTION","01/09/2025","07/09/2025","","2.99","","No Shipping class","sku=210375a,pack_size=Pack 1|sku=210375c,pack_size=Pack 2","299","The special price field must be less than 0."
"29553","","en","variant_family","configurable","NON-FOOD AND STATIONERY/FOOD & DRINK DISPOSABLE","29553.webp","CATERPACK RIPPLE CUPS 12OZ 25S 750","CATERPACK RIPPLE CUPS 12OZ 25S 750","CATERPACK RIPPLE CUPS 12OZ 25S 750","1","1","","","","0","0","0","01/09/2025","07/09/2025","caterpack-ripple-cups-12oz-25s-750-29553","","","","21","0","","","","0","0","","1","1x35CL","","","PLAIN","0","37.88","","WEEK 36 PROMOTION","01/09/2025","07/09/2025","","5.39","","No Shipping class","sku=29553a,pack_size=Pack 1|sku=29553c,pack_size=Pack 2","300","The special price field must be less than 0."
"135791","","en","variant_family","configurable","HOUSEHOLD, CLEANING & PAPER/CLEANING TOOLS & GLOVES","135791.webp","CK VINYL BLUE GLOVES MEDIUM 10181","CK VINYL BLUE GLOVES MEDIUM 10181","CK VINYL BLUE GLOVES MEDIUM 10181","1","1","","","","0","0","0","01/09/2025","07/09/2025","ck-vinyl-blue-gloves-medium-10181-135791","","","","62","0","","","","0","0","","6","1x100'S","","","PLAIN","0","25.11","","WEEK 36 PROMOTION","01/09/2025","07/09/2025","","3.99","","No Shipping class","sku=135791a,pack_size=Pack 1|sku=135791c,pack_size=Pack 2","301","The special price field must be less than 0."
"135792","","en","variant_family","configurable","HOUSEHOLD, CLEANING & PAPER/CLEANING TOOLS & GLOVES","135792.webp","CK VINYL BLUE GLOVES LARGE 10182","CK VINYL BLUE GLOVES LARGE 10182","CK VINYL BLUE GLOVES LARGE 10182","1","1","","","","0","0","0","01/09/2025","07/09/2025","ck-vinyl-blue-gloves-large-10182-135792","","","","45","0","","","","0","0","","4","1x100'S","","","PLAIN","0","25.11","","WEEK 36 PROMOTION","01/09/2025","07/09/2025","","3.99","","No Shipping class","sku=135792a,pack_size=Pack 1|sku=135792c,pack_size=Pack 2","302","The special price field must be less than 0."
"135876","","en","variant_family","configurable","HOUSEHOLD, CLEANING & PAPER/CLEANING TOOLS & GLOVES","135876.webp","EVERYDAY CLEAR VINYL GLOVES POWDER FREE LARGE","EVERYDAY CLEAR VINYL GLOVES POWDER FREE LARGE","EVERYDAY CLEAR VINYL GLOVES POWDER FREE LARGE","1","1","","","","0","0","0","01/09/2025","07/09/2025","everyday-clear-vinyl-gloves-powder-free-large-135876","","","","24","0","","","","0","0","","2","1x100'S","","","PLAIN","0","40.1","","WEEK 36 PROMOTION","01/09/2025","07/09/2025","","5.99","","No Shipping class","sku=135876a,pack_size=Pack 1|sku=135876c,pack_size=Pack 2","303","The special price field must be less than 0."
"21033","","en","variant_family","simple","NON-FOOD AND STATIONERY/FOOD & DRINK DISPOSABLE","21033.webp","CATERPACK ENVIRO BOWLS 12OZ","CATERPACK ENVIRO BOWLS 12OZ","CATERPACK ENVIRO BOWLS 12OZ","1","1","","","","10","2.85","0","01/09/2025","07/09/2025","caterpack-enviro-bowls-12oz-21033","","","","10","default=15","","","","19","1","","10","1x50`S","","","PLAIN","0","14.29","","WEEK 36 PROMOTION","01/09/2025","07/09/2025","","3.99","","No Shipping class","0","304",""
"23077","","en","variant_family","configurable","HOUSEHOLD, CLEANING & PAPER/CLEANING TOOLS & GLOVES","23077.webp","LIFESTYLE VALUE CLEANING CLOTHS HEAVY DUTY","LIFESTYLE VALUE CLEANING CLOTHS HEAVY DUTY","LIFESTYLE VALUE CLEANING CLOTHS HEAVY DUTY","1","1","","","","0","0","0","01/09/2025","07/09/2025","lifestyle-value-cleaning-cloths-heavy-duty-23077","","","","13","0","","","","0","0","","0","1x4PACK","","","PLAIN","0","28.07","","WEEK 36 PROMOTION","01/09/2025","07/09/2025","","6.99","","No Shipping class","sku=23077a,pack_size=Pack 1|sku=23077c,pack_size=Pack 2","305","The special price field must be less than 0."
"903705","","en","variant_family","simple","SOFT DRINK/ENERGY DRINKS","903705.webp","RED BULL ENERGY PM£2.10","RED BULL ENERGY PM£2.10","RED BULL ENERGY PM£2.10","1","1","","","","10","26.99","25.19","01/09/2025","07/09/2025","red-bull-energy-pmps210-903705","","","","97","default=444","","","","19","1","","97","24x355ML","","","PMP","10","32.17","","WEEK 36 PROMOTION","01/09/2025","07/09/2025","","2.1","","No Shipping class","0","306",""
"903707","","en","variant_family","simple","SOFT DRINK/ENERGY DRINKS","903707.webp","RED BULL JUNEBERRY BLUE EDITION PM£1.65","RED BULL JUNEBERRY BLUE EDITION PM£1.65","RED BULL JUNEBERRY BLUE EDITION PM£1.65","1","1","","","","10","10.69","0","01/09/2025","07/09/2025","red-bull-juneberry-blue-edition-pmps165-903707","","","","74","default=24","","","","19","1","","74","12x250ML","","","PMP","10","26.12","","WEEK 36 PROMOTION","01/09/2025","07/09/2025","","1.65","","No Shipping class","0","307",""
"903717","","en","variant_family","simple","SOFT DRINK/ENERGY DRINKS","903717.webp","RED BULL ENERGY DRINK PM£2.65","RED BULL ENERGY DRINK PM£2.65","RED BULL ENERGY DRINK PM£2.65","1","1","","","","10","18.99","18.79","01/09/2025","07/09/2025","red-bull-energy-drink-pmps265-903717","","","","380","default=68","","","","19","1","","380","12x473ML","","","PMP","10","27.58","","WEEK 36 PROMOTION","01/09/2025","07/09/2025","","2.65","","No Shipping class","0","308",""
"18110","","en","variant_family","simple","WATER/STILL WATER","18110.webp","AQUA PURA MINERAL WATER","AQUA PURA MINERAL WATER","AQUA PURA MINERAL WATER","1","1","","","","10","3.09","2.69","01/09/2025","07/09/2025","aqua-pura-mineral-water-18110","","","","223","default=650","","","","19","1","","223","3x5LTR","","","PLAIN","10","22.26","","WEEK 36 PROMOTION","01/09/2025","07/09/2025","","1.59","","No Shipping class","0","309",""
"151085","","en","variant_family","simple","WINE/PORT, SHERRY, VERMOUTH & FORTIFIED WINE","151085.webp","RUDE BOY TOUGH NUT TONIC WINE","RUDE BOY TOUGH NUT TONIC WINE","RUDE BOY TOUGH NUT TONIC WINE","1","1","","","","10","22.99","21.99","01/09/2025","07/09/2025","rude-boy-tough-nut-tonic-wine-151085","","","","14","default=16","","","","19","1","","14","12x200ML","","","PLAIN","0","28.97","","WEEK 36 PROMOTION","01/09/2025","07/09/2025","","3.49","","No Shipping class","0","310",""
"151086","","en","variant_family","simple","WINE/PORT, SHERRY, VERMOUTH & FORTIFIED WINE","151086.webp","RUDE BOY ORIGINAL TONIC WINE","RUDE BOY ORIGINAL TONIC WINE","RUDE BOY ORIGINAL TONIC WINE","1","1","","","","10","22.99","21.99","01/09/2025","07/09/2025","rude-boy-original-tonic-wine-151086","","","","110","default=120","","","","19","1","","110","12x200ML","","","PLAIN","0","28.97","","WEEK 36 PROMOTION","01/09/2025","07/09/2025","","3.49","","No Shipping class","0","311",""
"151087","","en","variant_family","simple","WINE/PORT, SHERRY, VERMOUTH & FORTIFIED WINE","151087.webp","RUDE BOY WATERMELON TONIC WINE","RUDE BOY WATERMELON TONIC WINE","RUDE BOY WATERMELON TONIC WINE","1","1","","","","10","22.99","21.99","01/09/2025","07/09/2025","rude-boy-watermelon-tonic-wine-151087","","","","33","default=32","","","","19","1","","33","12x200ML","","","PLAIN","0","28.97","","WEEK 36 PROMOTION","01/09/2025","07/09/2025","","3.49","","No Shipping class","0","312",""
"901506","","en","variant_family","simple","CONFECTIONERY/SWEET BAGS","901506.webp","TANGO SHOCKERS CHERRY PM 10P","TANGO SHOCKERS CHERRY PM 10P","TANGO SHOCKERS CHERRY PM 10P","1","1","","","","10","3.99","0","01/09/2025","07/09/2025","tango-shockers-cherry-pm-10p-901506","","","","22","default=6","","","","19","1","","1","72x10 G","","","PMP","0","33.5","","WEEK 36 PROMOTION","01/09/2025","07/09/2025","","0.1","","No Shipping class","0","313",""
"19785","","en","variant_family","simple","WINE/PORT, SHERRY, VERMOUTH & FORTIFIED WINE","19785.webp","WINCARNIS TONIC WINE","WINCARNIS TONIC WINE","WINCARNIS TONIC WINE","1","1","","","","10","27.49","0","01/09/2025","07/09/2025","wincarnis-tonic-wine-19785","","","","15","default=17","","","","19","1","","15","6x75CL","","","PLAIN","0","30.44","","WEEK 36 PROMOTION","01/09/2025","07/09/2025","","7.99","","No Shipping class","0","314",""
"38439","","en","variant_family","simple","HOT DRINKS/TEA","0","TWININGS INFU PURE CAMOMILE TEA","TWININGS INFU PURE CAMOMILE TEA","TWININGS INFU PURE CAMOMILE TEA","1","1","","","","10","7.49","0","01/09/2025","07/09/2025","twinings-infu-pure-camomile-tea-38439","","","","9","default=10","","","","19","3","","9","4x20S","","","PLAIN","0","24.8","","WEEK 36 PROMOTION","01/09/2025","07/09/2025","","2.49","","No Shipping class","0","315",""
"38672","","en","variant_family","simple","HOT DRINKS/TEA","0","TWININGS INFU STRAWBERRY&RASPBERRY","TWININGS INFU STRAWBERRY&RASPBERRY","TWININGS INFU STRAWBERRY&RASPBERRY","1","1","","","","10","7.49","0","01/09/2025","07/09/2025","twinings-infu-strawberryraspberry-38672","","","","4","default=5","","","","19","3","","4","4x20S","","","PLAIN","0","24.8","","WEEK 36 PROMOTION","01/09/2025","07/09/2025","","2.49","","No Shipping class","0","316",""
"145756","","en","variant_family","simple","HOT DRINKS/TEA","0","TWININGS INFU CAMO HONEY VANILLA","TWININGS INFU CAMO HONEY VANILLA","TWININGS INFU CAMO HONEY VANILLA","1","1","","","","10","7.49","0","01/09/2025","07/09/2025","twinings-infu-camo-honey-vanilla-145756","","","","4","default=6","","","","19","3","","4","4x20S","","","PLAIN","0","24.8","","WEEK 36 PROMOTION","01/09/2025","07/09/2025","","2.49","","No Shipping class","0","317",""
"145757","","en","variant_family","simple","HOT DRINKS/TEA","0","TWININGS INFUSION LEMON&GINGER TEA","TWININGS INFUSION LEMON&GINGER TEA","TWININGS INFUSION LEMON&GINGER TEA","1","1","","","","10","7.49","0","01/09/2025","07/09/2025","twinings-infusion-lemonginger-tea-145757","","","","3","default=5","","","","19","3","","3","4x20S","","","PLAIN","0","24.8","","WEEK 36 PROMOTION","01/09/2025","07/09/2025","","2.49","","No Shipping class","0","318",""
"145759","","en","variant_family","simple","HOT DRINKS/TEA","0","TWININGS INFUSION CRAN/RASP/ELDERFLOWER","TWININGS INFUSION CRAN/RASP/ELDERFLOWER","TWININGS INFUSION CRAN/RASP/ELDERFLOWER","1","1","","","","10","7.49","0","01/09/2025","07/09/2025","twinings-infusion-cranraspelderflower-145759","","","","7","default=7","","","","19","3","","7","4x20'S","","","PLAIN","0","24.8","","WEEK 36 PROMOTION","01/09/2025","07/09/2025","","2.49","","No Shipping class","0","319",""
"38406","","en","variant_family","simple","HOT DRINKS/TEA","0","TWININGS PURE GREEN TEA","TWININGS PURE GREEN TEA","TWININGS PURE GREEN TEA","1","1","","","","10","7.49","0","01/09/2025","07/09/2025","twinings-pure-green-tea-38406","","","","8","default=4","","","","19","3","","8","4x20S","","","PLAIN","0","16.78","","WEEK 36 PROMOTION","01/09/2025","07/09/2025","","2.25","","No Shipping class","0","320",""
"145758","","en","variant_family","simple","HOT DRINKS/TEA","0","TWININGS GREEN TEA JASMINE","TWININGS GREEN TEA JASMINE","TWININGS GREEN TEA JASMINE","1","1","","","","10","7.49","0","01/09/2025","07/09/2025","twinings-green-tea-jasmine-145758","","","","7","default=7","","","","19","3","","7","4x20S","","","PLAIN","0","16.78","","WEEK 36 PROMOTION","01/09/2025","07/09/2025","","2.25","","No Shipping class","0","321",""
"70035","","en","variant_family","simple","WATER/SPARKLING WATER","0","HIGHLAND SPRING SPARKLING WATER PET","HIGHLAND SPRING SPARKLING WATER PET","HIGHLAND SPRING SPARKLING WATER PET","1","1","","","","10","8.09","0","01/09/2025","07/09/2025","highland-spring-sparkling-water-pet-70035","","","","286","default=5","","","","19","1","","286","24x50CL","","","PLAIN","10","28.05","","WEEK 36 PROMOTION","01/09/2025","07/09/2025","","0.59","","No Shipping class","0","322",""
"900419","","en","variant_family","simple","HOT DRINKS/TEA","0","TWININGS PURE FENNEL CAFFEINE FREE 4x20x2G","TWININGS PURE FENNEL CAFFEINE FREE 4x20x2G","TWININGS PURE FENNEL CAFFEINE FREE 4x20x2G","1","1","","","","10","7.49","0","01/09/2025","07/09/2025","twinings-pure-fennel-caffeine-free-4x20x2g-900419","","","","3","default=3","","","","19","3","","3","4x20S","","","PLAIN","0","12.33","","WEEK 36 PROMOTION","01/09/2025","07/09/2025","","2.25","","No Shipping class","0","323",""
"902395","","en","variant_family","simple","BREAD & CAKES/MORNING GOODS","0","7 DAYS VANILLA & SOUR CHERRY CROISSANTS","7 DAYS VANILLA & SOUR CHERRY CROISSANTS","7 DAYS VANILLA & SOUR CHERRY CROISSANTS","1","1","","","","10","11.99","0","01/09/2025","07/09/2025","7-days-vanilla-sour-cherry-croissants-902395","","","","2","default=5","","","","19","3","","2","20x80GRM","","","PLAIN","0","39.44","","WEEK 36 PROMOTION","01/09/2025","07/09/2025","","0.99","","No Shipping class","0","324",""
"902441","","en","variant_family","simple","BREAD & CAKES/MORNING GOODS","902441.webp","7 DAYS DOUBLE COCOA VANILLA","7 DAYS DOUBLE COCOA VANILLA","7 DAYS DOUBLE COCOA VANILLA","1","1","","","","10","11.99","0","01/09/2025","07/09/2025","7-days-double-cocoa-vanilla-902441","","","","3","default=9","","","","19","3","","3","20x80G","","","PLAIN","0","39.44","","WEEK 36 PROMOTION","01/09/2025","07/09/2025","","0.99","","No Shipping class","0","325",""
"11433","","en","variant_family","simple","BREAD & CAKES/CAKES & TART","0","BALCONI ROLL MAX CACAO","BALCONI ROLL MAX CACAO","BALCONI ROLL MAX CACAO","1","1","","","","10","1.19","0","01/09/2025","07/09/2025","balconi-roll-max-cacao-11433","","","","19","default=16","","","","19","3","","1","1x300G","","","PLAIN","0","48.44","","WEEK 36 PROMOTION","01/09/2025","07/09/2025","","2.89","","No Shipping class","0","326",""
"11472","","en","variant_family","simple","BREAD & CAKES/MORNING GOODS","11472.webp","TAGO PEANUT WAFER ROLLS","TAGO PEANUT WAFER ROLLS","TAGO PEANUT WAFER ROLLS","1","1","","","","10","0.69","0","01/09/2025","07/09/2025","tago-peanut-wafer-rolls-11472","","","","24","default=3","","","","19","3","","24","1xPKT","","","PMP","0","20.2","","WEEK 36 PROMOTION","01/09/2025","07/09/2025","","0.99","","No Shipping class","0","327",""
"11486","","en","variant_family","simple","BREAD & CAKES/MORNING GOODS","11486.webp","7 DAYS MINI DOUBLE CHERRY VANILIA CROISSANT","7 DAYS MINI DOUBLE CHERRY VANILIA CROISSANT","7 DAYS MINI DOUBLE CHERRY VANILIA CROISSANT","1","1","","","","10","11.99","0","01/09/2025","07/09/2025","7-days-mini-double-cherry-vanilia-croissant-11486","","","","3","default=1","","","","19","3","","3","8x185GRM","","","PLAIN","0","11.32","","WEEK 36 PROMOTION","01/09/2025","07/09/2025","","1.69","","No Shipping class","0","328",""
"901534","","en","variant_family","simple","BREAD & CAKES/MORNING GOODS","901534.webp","7 DAYS MAX COOKES VANILA","7 DAYS MAX COOKES VANILA","7 DAYS MAX COOKES VANILA","1","1","","","","10","11.99","0","01/09/2025","07/09/2025","7-days-max-cookes-vanila-901534","","","","1","default=1","","","","19","3","","1","20x80 GRM","","","PLAIN","0","39.44","","WEEK 36 PROMOTION","01/09/2025","07/09/2025","","0.99","","No Shipping class","0","329",""
"900827","","en","variant_family","simple","HOUSEHOLD, CLEANING & PAPER/TOILET ROLL","900827.webp","REGINA SOFT & GENTLE TOILET TISSUR ROLL PM1.95","REGINA SOFT & GENTLE TOILET TISSUR ROLL PM1.95","REGINA SOFT & GENTLE TOILET TISSUR ROLL PM1.95","1","1","","","","10","10.19","0","01/09/2025","07/09/2025","regina-soft-gentle-toilet-tissur-roll-pm195-900827","","","","19","default=41","","","","19","1","","19","10x4 ROLL","","","PMP","0","37.29","","WEEK 36 PROMOTION","01/09/2025","07/09/2025","","1.95","","No Shipping class","0","330",""
"22110","","en","variant_family","simple","HOUSEHOLD, CLEANING & PAPER/KITCHEN ACCESSORIES","22110.webp","NICKY ULTRA KITCHEN TOWEL DEC 3PLY","NICKY ULTRA KITCHEN TOWEL DEC 3PLY","NICKY ULTRA KITCHEN TOWEL DEC 3PLY","1","1","","","","10","5.99","0","01/09/2025","07/09/2025","nicky-ultra-kitchen-towel-dec-3ply-22110","","","","40","default=62","","","","19","1","","40","5x3ROLL","","","PLAIN","0","31.98","","WEEK 36 PROMOTION","01/09/2025","07/09/2025","","2.29","","No Shipping class","0","331",""
"22139","","en","variant_family","simple","HOUSEHOLD, CLEANING & PAPER/TOILET ROLL","22139.webp","NICKY ELITE TOILET TISSUE WHITE 3PLY PAPER PACK","NICKY ELITE TOILET TISSUE WHITE 3PLY PAPER PACK","NICKY ELITE TOILET TISSUE WHITE 3PLY PAPER PACK","1","1","","","","10","11.99","0","01/09/2025","07/09/2025","nicky-elite-toilet-tissue-white-3ply-paper-pack-22139","","","","29","default=41","","","","19","1","","29","5x9ROLL","","","PLAIN","0","42.33","","WEEK 36 PROMOTION","01/09/2025","07/09/2025","","4.99","","No Shipping class","0","332",""
"22148","","en","variant_family","simple","HOUSEHOLD, CLEANING & PAPER/TOILET ROLL","22148.webp","NICKY SOFT TOUCH T/TISS PM£1.75","NICKY SOFT TOUCH T/TISS PM£1.75","NICKY SOFT TOUCH T/TISS PM£1.75","1","1","","","","10","7.99","7.49","01/09/2025","07/09/2025","nicky-soft-touch-ttiss-pmps175-22148","","","","44","default=113","","","","19","1","","44","10x4ROLL","","","PMP","0","45.21","","WEEK 36 PROMOTION","01/09/2025","07/09/2025","","1.75","","No Shipping class","0","333",""
"22152","","en","variant_family","simple","HOUSEHOLD, CLEANING & PAPER/TOILET ROLL","22152.webp","NICKY ELITE T/TISS PM2.49","NICKY ELITE T/TISS PM2.49","NICKY ELITE T/TISS PM2.49","1","1","","","","10","12.99","12.39","01/09/2025","07/09/2025","nicky-elite-ttiss-pm249-22152","","","","138","default=151","","","","19","1","","138","10x4ROLL","","","PMP","0","37.4","","WEEK 36 PROMOTION","01/09/2025","07/09/2025","","2.49","","No Shipping class","0","334",""
"22432","","en","variant_family","simple","HOUSEHOLD, CLEANING & PAPER/KITCHEN ACCESSORIES","22432.webp","NICKY JUMBO KITCHEN TOWELS PM£1.99","NICKY JUMBO KITCHEN TOWELS PM£1.99","NICKY JUMBO KITCHEN TOWELS PM£1.99","1","1","","","","10","10.29","10.19","01/09/2025","07/09/2025","nicky-jumbo-kitchen-towels-pmps199-22432","","","","48","default=74","","","","19","1","","48","12x200SH","","","PMP","0","46.28","","WEEK 36 PROMOTION","01/09/2025","07/09/2025","","1.99","","No Shipping class","0","335",""
"22517","","en","variant_family","simple","HOUSEHOLD, CLEANING & PAPER/TOILET ROLL","22517.webp","NICKY SUPREME TOILET TISSUE","NICKY SUPREME TOILET TISSUE","NICKY SUPREME TOILET TISSUE","1","1","","","","10","5.99","0","01/09/2025","07/09/2025","nicky-supreme-toilet-tissue-22517","","","","28","default=33","","","","19","1","","28","5x4ROLL","","","PLAIN","0","47.72","","WEEK 36 PROMOTION","01/09/2025","07/09/2025","","2.75","","No Shipping class","0","336",""
"900728","","en","variant_family","simple","HOUSEHOLD, CLEANING & PAPER/KITCHEN ACCESSORIES","0","NICKY K/TOWEL HOUSEHOLD","NICKY K/TOWEL HOUSEHOLD","NICKY K/TOWEL HOUSEHOLD","1","1","","","","10","8.99","0","01/09/2025","07/09/2025","nicky-ktowel-household-900728","","","","43","default=45","","","","19","1","","43","3x8'S","","","PLAIN","0","19.91","","WEEK 36 PROMOTION","01/09/2025","07/09/2025","","4.49","","No Shipping class","0","337",""
"900828","","en","variant_family","simple","HOUSEHOLD, CLEANING & PAPER/TOILET ROLL","0","REGINA SOFT & GENTLE TOILET TISSUE PM3.95","REGINA SOFT & GENTLE TOILET TISSUE PM3.95","REGINA SOFT & GENTLE TOILET TISSUE PM3.95","1","1","","","","10","10.49","0","01/09/2025","07/09/2025","regina-soft-gentle-toilet-tissue-pm395-900828","","","","40","default=1","","","","19","1","","40","5x9 ROLLS","","","PMP","0","27.15","","WEEK 36 PROMOTION","01/09/2025","07/09/2025","","3.95","","No Shipping class","0","338",""
"115241","","en","variant_family","simple","TOBACCO & VAPES/CIGARETTE PAPERS & LIGHTERS","0","SWAN FILTER TIPS ULTRA SLIM","SWAN FILTER TIPS ULTRA SLIM","SWAN FILTER TIPS ULTRA SLIM","1","1","","","","10","7.49","0","01/09/2025","07/09/2025","swan-filter-tips-ultra-slim-115241","","","","36","default=44","","","","19","1","","36","20xPKT","","","PLAIN","0","34.87","","WEEK 36 PROMOTION","01/09/2025","07/09/2025","","0.69","","No Shipping class","0","339",""
"102336","","en","variant_family","simple","HOT DRINKS/TEA","102336.webp","TETLEY TEA BAGS PM£1.75","TETLEY TEA BAGS PM£1.75","TETLEY TEA BAGS PM£1.75","1","1","","","","10","7.99","0","01/09/2025","07/09/2025","tetley-tea-bags-pmps175-102336","","","","52","default=66","","","","19","3","","52","6x40'S","","","PMP","0","22","","WEEK 36 PROMOTION","01/09/2025","07/09/2025","","1.75","","No Shipping class","0","340",""
"902244","","en","variant_family","configurable","GROCERY/SALT, HERB & SPICES","902244.webp","TRS CUMIN SEEDS(JEERA)","TRS CUMIN SEEDS(JEERA)","TRS CUMIN SEEDS(JEERA)","1","1","","","","0","0","0","01/09/2025","07/09/2025","trs-cumin-seedsjeera-902244","","","","2","0","","","","0","0","","0","1x4KG","","","PLAIN","0","22.33","","WEEK 36 PROMOTION","01/09/2025","07/09/2025","","42.99","","No Shipping class","sku=902244a,pack_size=Pack 1|sku=902244c,pack_size=Pack 2","341","The special price field must be less than 0."
"156618","","en","variant_family","simple","CATERING & ETHNIC/RICE","0","TILDA PURE BASMATI RICE PMP£1.29","TILDA PURE BASMATI RICE PMP£1.29","TILDA PURE BASMATI RICE PMP£1.29","1","1","","","","10","5.99","0","01/09/2025","07/09/2025","tilda-pure-basmati-rice-pmpps129-156618","","","","15","default=1","","","","19","3","","15","6x250GRM","","","PMP","0","20.03","","WEEK 36 PROMOTION","01/09/2025","07/09/2025","","1.29","","No Shipping class","0","342",""
"60065","","en","variant_family","simple","GROCERY/SUGAR & SYRUP","60065.webp","TATE&LYLE GRANULATED SUGAR","TATE&LYLE GRANULATED SUGAR","TATE&LYLE GRANULATED SUGAR","1","1","","","","10","13.99","0","01/09/2025","07/09/2025","tatelyle-granulated-sugar-60065","","","","40","default=34","","","","19","3","","40","15x1KG","","","PLAIN","0","26.67","","WEEK 36 PROMOTION","01/09/2025","07/09/2025","","1.29","","No Shipping class","0","343",""
"902239","","en","variant_family","configurable","CHILLED & FROZEN/FROZEN VEGETABLES","902239.webp","TAJ SAMOSA PADS","TAJ SAMOSA PADS","TAJ SAMOSA PADS","1","1","","","","0","0","0","01/09/2025","07/09/2025","taj-samosa-pads-902239","","","","21","0","","","","0","0","","0","1x30S","","","PLAIN","0","45.23","","WEEK 36 PROMOTION","01/09/2025","07/09/2025","","1.99","","No Shipping class","sku=902239a,pack_size=Pack 1|sku=902239c,pack_size=Pack 2","344","The special price field must be less than 0."
"901937","","en","variant_family","simple","BISCUITS/BISCUITES","0","RITZ ORIGINAL£1.49P","RITZ ORIGINAL£1.49P","RITZ ORIGINAL£1.49P","1","1","","","","10","9.89","8.59","01/09/2025","07/09/2025","ritz-originalps149p-901937","","","","20","default=14","","","","19","3","","20","8x150G","","","PMP","0","26.26","","WEEK 36 PROMOTION","01/09/2025","07/09/2025","","1.49","","No Shipping class","0","345",""
"903324","","en","variant_family","simple","BISCUITS/COOKIES","903324.webp","MCVITIES CHOC CHIP COOKIES £1.35 PMP","MCVITIES CHOC CHIP COOKIES £1.35 PMP","MCVITIES CHOC CHIP COOKIES £1.35 PMP","1","1","","","","10","12.29","0","01/09/2025","07/09/2025","mcvities-choc-chip-cookies-ps135-pmp-903324","","","","10","default=3","","","","19","3","","10","12x150G","","","PMP","0","30.93","","WEEK 36 PROMOTION","01/09/2025","07/09/2025","","1.35","","No Shipping class","0","346",""
"53255","","en","variant_family","simple","BISCUITS/COOKIES","0","MCVITIES WHITE CHOCOLATE CHIP COOKIE PM £1.35","MCVITIES WHITE CHOCOLATE CHIP COOKIE PM £1.35","MCVITIES WHITE CHOCOLATE CHIP COOKIE PM £1.35","1","1","","","","10","11.49","0","01/09/2025","07/09/2025","mcvities-white-chocolate-chip-cookie-pm-ps135-53255","","","","12","default=5","","","","19","3","","12","12x150GRM","","","PMP","0","30.93","","WEEK 36 PROMOTION","01/09/2025","07/09/2025","","1.35","","No Shipping class","0","347",""
"901860","","en","variant_family","simple","CRISPS AND SNACKS/CRISP","901860.webp","WALKERS KURKURE CHILLI CHATKA PM £1.25","WALKERS KURKURE CHILLI CHATKA PM £1.25","WALKERS KURKURE CHILLI CHATKA PM £1.25","1","1","","","","10","12.35","0","01/09/2025","07/09/2025","walkers-kurkure-chilli-chatka-pm-ps125-901860","","","","4","default=4","","","","19","1","","4","15x80G","","","PMP","0","21.98","","WEEK 36 PROMOTION","01/09/2025","07/09/2025","","1.25","","No Shipping class","0","348",""
"903397","","en","variant_family","simple","CRISPS AND SNACKS/CRISP","903397.webp","WALKERS BAKED READY SALTED","WALKERS BAKED READY SALTED","WALKERS BAKED READY SALTED","1","1","","","","10","16.99","0","01/09/2025","07/09/2025","walkers-baked-ready-salted-903397","","","","4","default=3","","","","19","1","","4","32x37.5G","","","PLAIN","0","34.89","","WEEK 36 PROMOTION","01/09/2025","07/09/2025","","0.99","","No Shipping class","0","349",""
"903399","","en","variant_family","simple","CRISPS AND SNACKS/CRISP","903399.webp","WALKERS BAKED CHEESE & ONION","WALKERS BAKED CHEESE & ONION","WALKERS BAKED CHEESE & ONION","1","1","","","","10","16.49","0","01/09/2025","07/09/2025","walkers-baked-cheese-onion-903399","","","","6","default=8","","","","19","1","","6","32x37.5G","","","PLAIN","0","34.89","","WEEK 36 PROMOTION","01/09/2025","07/09/2025","","0.99","","No Shipping class","0","350",""
"903521","","en","variant_family","simple","CRISPS AND SNACKS/CRISP","903521.webp","WALKERS PICKLED ONION PMP£1.25","WALKERS PICKLED ONION PMP£1.25","WALKERS PICKLED ONION PMP£1.25","1","1","","","","10","11.99","0","01/09/2025","07/09/2025","walkers-pickled-onion-pmpps125-903521","","","","2","default=9","","","","19","1","","2","18x72G","","","PMP","0","36.84","","WEEK 36 PROMOTION","01/09/2025","07/09/2025","","1.35","","No Shipping class","0","351",""
"177892","","en","variant_family","simple","CRISPS AND SNACKS/CRISP","177892.webp","WALKERS STANDARD SALT&VINIGAR CRISPS","WALKERS STANDARD SALT&VINIGAR CRISPS","WALKERS STANDARD SALT&VINIGAR CRISPS","1","1","","","","10","14.99","0","01/09/2025","07/09/2025","walkers-standard-saltvinigar-crisps-177892","","","","4","default=5","","","","19","1","","4","32x32.5GR","","","PLAIN","0","29.01","","WEEK 36 PROMOTION","01/09/2025","07/09/2025","","0.85","","No Shipping class","0","352",""
"900975","","en","variant_family","simple","CRISPS AND SNACKS/CRISP","900975.webp","WALKERS WOTSITS CHEESE STANDARD 22.5G","WALKERS WOTSITS CHEESE STANDARD 22.5G","WALKERS WOTSITS CHEESE STANDARD 22.5G","1","1","","","","10","14.99","0","01/09/2025","07/09/2025","walkers-wotsits-cheese-standard-225g-900975","","","","1","default=3","","","","19","1","","1","32x22.5G","","","PLAIN","0","66.29","","WEEK 36 PROMOTION","01/09/2025","07/09/2025","","1.89","","No Shipping class","0","353",""
"900981","","en","variant_family","simple","CRISPS AND SNACKS/CRISP","900981.webp","WALKERS STANDARD READY SALTED","WALKERS STANDARD READY SALTED","WALKERS STANDARD READY SALTED","1","1","","","","10","14.99","0","01/09/2025","07/09/2025","walkers-standard-ready-salted-900981","","","","3","default=5","","","","19","1","","3","32x32.5G","","","PLAIN","0","52.46","","WEEK 36 PROMOTION","01/09/2025","07/09/2025","","1.49","","No Shipping class","0","354",""
"115551","","en","variant_family","simple","WATER/FLAVOURED WATER","115551.webp","TROPICAL SUN COCONUT WATER pieces","TROPICAL SUN COCONUT WATER pieces","TROPICAL SUN COCONUT WATER pieces","1","1","","","","10","12.49","0","01/09/2025","07/09/2025","tropical-sun-coconut-water-pieces-115551","","","","11","default=7","","","","19","1","","11","12x520ML","","","PLAIN","10","25.79","","WEEK 36 PROMOTION","01/09/2025","07/09/2025","","1.71","","No Shipping class","0","355",""
"115553","","en","variant_family","simple","WATER/FLAVOURED WATER","115553.webp","TROPICAL SUN COCONUT WATER","TROPICAL SUN COCONUT WATER","TROPICAL SUN COCONUT WATER","1","1","","","","10","11.99","11.59","01/09/2025","07/09/2025","tropical-sun-coconut-water-115553","","","","11","default=10","","","","19","1","","11","6xLTR","","","PLAIN","10","32.09","","WEEK 36 PROMOTION","01/09/2025","07/09/2025","","3.59","","No Shipping class","0","356",""
"173214","","en","variant_family","simple","CATERING & ETHNIC/RICE","0","AANI GOLDEN SELLA RICE","AANI GOLDEN SELLA RICE","AANI GOLDEN SELLA RICE","1","1","","","","10","30.99","0","01/09/2025","07/09/2025","aani-golden-sella-rice-173214","","","","20","default=5","","","","19","3","","5","1x5KG","","","PLAIN","0","22.75","","WEEK 36 PROMOTION","01/09/2025","07/09/2025","","10.99","","No Shipping class","0","357",""
"158750","","en","variant_family","simple","SOFT DRINK/JUICES","158750.webp","TROPICAL VIBES MANGO CARROT","TROPICAL VIBES MANGO CARROT","TROPICAL VIBES MANGO CARROT","1","1","","","","10","9.49","8.69","01/09/2025","07/09/2025","tropical-vibes-mango-carrot-158750","","","","18","default=14","","","","19","1","","18","15x300ML","","","PLAIN","10","39.91","","WEEK 36 PROMOTION","01/09/2025","07/09/2025","","1.29","","No Shipping class","0","358",""
"158752","","en","variant_family","simple","SOFT DRINK/JUICES","158752.webp","TROPICAL VIBES SORREL GINGER","TROPICAL VIBES SORREL GINGER","TROPICAL VIBES SORREL GINGER","1","1","","","","10","8.99","0","01/09/2025","07/09/2025","tropical-vibes-sorrel-ginger-158752","","","","8","default=1","","","","19","1","","8","15x300ML","","","PLAIN","10","43.01","","WEEK 36 PROMOTION","01/09/2025","07/09/2025","","1.29","","No Shipping class","0","359",""
"158786","","en","variant_family","simple","SOFT DRINK/JUICES","158786.webp","TROPICAL VIBES SOUR SOUP ORIGINAL","TROPICAL VIBES SOUR SOUP ORIGINAL","TROPICAL VIBES SOUR SOUP ORIGINAL","1","1","","","","10","8.99","8.69","01/09/2025","07/09/2025","tropical-vibes-sour-soup-original-158786","","","","6","default=5","","","","19","1","","6","15x300ML","","","PLAIN","10","43.01","","WEEK 36 PROMOTION","01/09/2025","07/09/2025","","1.29","","No Shipping class","0","360",""
