[2025-06-13 17:11:52] local.ERROR: syntax error, unexpected token "<", expecting end of file {"exception":"[object] (ParseError(code: 0): syntax error, unexpected token \"<\", expecting end of file at /var/www/html/Thames/thamescc-backend/app/Console/Commands/ImportProductsDaily.php:2)
[stacktrace]
#0 /var/www/html/Thames/thamescc-backend/vendor/composer/ClassLoader.php(433): Composer\\Autoload\\{closure}()
#1 [internal function]: Composer\\Autoload\\ClassLoader->loadClass()
#2 /var/www/html/Thames/thamescc-backend/vendor/laravel/framework/src/Illuminate/Foundation/Console/Kernel.php(373): is_subclass_of()
#3 /var/www/html/Thames/thamescc-backend/vendor/laravel/framework/src/Illuminate/Foundation/Console/Kernel.php(498): Illuminate\\Foundation\\Console\\Kernel->load()
#4 /var/www/html/Thames/thamescc-backend/vendor/laravel/framework/src/Illuminate/Foundation/Console/Kernel.php(483): Illuminate\\Foundation\\Console\\Kernel->discoverCommands()
#5 /var/www/html/Thames/thamescc-backend/vendor/laravel/framework/src/Illuminate/Foundation/Console/Kernel.php(196): Illuminate\\Foundation\\Console\\Kernel->bootstrap()
#6 /var/www/html/Thames/thamescc-backend/artisan(35): Illuminate\\Foundation\\Console\\Kernel->handle()
#7 {main}
"} 
[2025-06-16 13:22:23] local.ERROR: file_put_contents(/var/www/html/Thames/thamescc-backend/storage/framework/cache/data/df/93/df93c4300e48b3b46d35cec43be00de945902f68): Failed to open stream: No such file or directory (View: /var/www/html/Thames/thamescc-backend/packages/Webkul/Admin/src/Resources/views/components/layouts/index.blade.php) (View: /var/www/html/Thames/thamescc-backend/packages/Webkul/Admin/src/Resources/views/components/layouts/index.blade.php) {"userId":2,"exception":"[object] (Illuminate\\View\\ViewException(code: 0): file_put_contents(/var/www/html/Thames/thamescc-backend/storage/framework/cache/data/df/93/df93c4300e48b3b46d35cec43be00de945902f68): Failed to open stream: No such file or directory (View: /var/www/html/Thames/thamescc-backend/packages/Webkul/Admin/src/Resources/views/components/layouts/index.blade.php) (View: /var/www/html/Thames/thamescc-backend/packages/Webkul/Admin/src/Resources/views/components/layouts/index.blade.php) at /var/www/html/Thames/thamescc-backend/vendor/laravel/framework/src/Illuminate/Filesystem/Filesystem.php:204)
[stacktrace]
#0 /var/www/html/Thames/thamescc-backend/vendor/laravel/framework/src/Illuminate/View/Engines/PhpEngine.php(60): Illuminate\\View\\Engines\\CompilerEngine->handleViewException()
#1 /var/www/html/Thames/thamescc-backend/vendor/laravel/framework/src/Illuminate/View/Engines/CompilerEngine.php(75): Illuminate\\View\\Engines\\PhpEngine->evaluatePath()
#2 /var/www/html/Thames/thamescc-backend/vendor/laravel/framework/src/Illuminate/View/View.php(209): Illuminate\\View\\Engines\\CompilerEngine->get()
#3 /var/www/html/Thames/thamescc-backend/vendor/laravel/framework/src/Illuminate/View/View.php(192): Illuminate\\View\\View->getContents()
#4 /var/www/html/Thames/thamescc-backend/vendor/laravel/framework/src/Illuminate/View/View.php(161): Illuminate\\View\\View->renderContents()
#5 /var/www/html/Thames/thamescc-backend/vendor/laravel/framework/src/Illuminate/Http/Response.php(79): Illuminate\\View\\View->render()
#6 /var/www/html/Thames/thamescc-backend/vendor/laravel/framework/src/Illuminate/Http/Response.php(35): Illuminate\\Http\\Response->setContent()
#7 /var/www/html/Thames/thamescc-backend/vendor/laravel/framework/src/Illuminate/Routing/Router.php(920): Illuminate\\Http\\Response->__construct()
#8 /var/www/html/Thames/thamescc-backend/vendor/laravel/framework/src/Illuminate/Routing/Router.php(887): Illuminate\\Routing\\Router::toResponse()
#9 /var/www/html/Thames/thamescc-backend/vendor/laravel/framework/src/Illuminate/Routing/Router.php(807): Illuminate\\Routing\\Router->prepareResponse()
#10 /var/www/html/Thames/thamescc-backend/vendor/laravel/framework/src/Illuminate/Pipeline/Pipeline.php(170): Illuminate\\Routing\\Router->Illuminate\\Routing\\{closure}()
#11 /var/www/html/Thames/thamescc-backend/packages/Webkul/User/src/Http/Middleware/Bouncer.php(44): Illuminate\\Pipeline\\Pipeline->Illuminate\\Pipeline\\{closure}()
#12 /var/www/html/Thames/thamescc-backend/vendor/laravel/framework/src/Illuminate/Pipeline/Pipeline.php(209): Webkul\\User\\Http\\Middleware\\Bouncer->handle()
#13 /var/www/html/Thames/thamescc-backend/packages/Webkul/Core/src/Http/Middleware/PreventRequestsDuringMaintenance.php(119): Illuminate\\Pipeline\\Pipeline->Illuminate\\Pipeline\\{closure}()
#14 /var/www/html/Thames/thamescc-backend/vendor/laravel/framework/src/Illuminate/Pipeline/Pipeline.php(209): Webkul\\Core\\Http\\Middleware\\PreventRequestsDuringMaintenance->handle()
#15 /var/www/html/Thames/thamescc-backend/vendor/barryvdh/laravel-debugbar/src/Middleware/InjectDebugbar.php(66): Illuminate\\Pipeline\\Pipeline->Illuminate\\Pipeline\\{closure}()
#16 /var/www/html/Thames/thamescc-backend/vendor/laravel/framework/src/Illuminate/Pipeline/Pipeline.php(209): Barryvdh\\Debugbar\\Middleware\\InjectDebugbar->handle()
#17 /var/www/html/Thames/thamescc-backend/vendor/laravel/framework/src/Illuminate/Routing/Middleware/SubstituteBindings.php(51): Illuminate\\Pipeline\\Pipeline->Illuminate\\Pipeline\\{closure}()
#18 /var/www/html/Thames/thamescc-backend/vendor/laravel/framework/src/Illuminate/Pipeline/Pipeline.php(209): Illuminate\\Routing\\Middleware\\SubstituteBindings->handle()
#19 /var/www/html/Thames/thamescc-backend/vendor/laravel/framework/src/Illuminate/Foundation/Http/Middleware/VerifyCsrfToken.php(88): Illuminate\\Pipeline\\Pipeline->Illuminate\\Pipeline\\{closure}()
#20 /var/www/html/Thames/thamescc-backend/vendor/laravel/framework/src/Illuminate/Pipeline/Pipeline.php(209): Illuminate\\Foundation\\Http\\Middleware\\VerifyCsrfToken->handle()
#21 /var/www/html/Thames/thamescc-backend/vendor/laravel/framework/src/Illuminate/View/Middleware/ShareErrorsFromSession.php(49): Illuminate\\Pipeline\\Pipeline->Illuminate\\Pipeline\\{closure}()
#22 /var/www/html/Thames/thamescc-backend/vendor/laravel/framework/src/Illuminate/Pipeline/Pipeline.php(209): Illuminate\\View\\Middleware\\ShareErrorsFromSession->handle()
#23 /var/www/html/Thames/thamescc-backend/vendor/laravel/framework/src/Illuminate/Session/Middleware/StartSession.php(121): Illuminate\\Pipeline\\Pipeline->Illuminate\\Pipeline\\{closure}()
#24 /var/www/html/Thames/thamescc-backend/vendor/laravel/framework/src/Illuminate/Session/Middleware/StartSession.php(64): Illuminate\\Session\\Middleware\\StartSession->handleStatefulRequest()
#25 /var/www/html/Thames/thamescc-backend/vendor/laravel/framework/src/Illuminate/Pipeline/Pipeline.php(209): Illuminate\\Session\\Middleware\\StartSession->handle()
#26 /var/www/html/Thames/thamescc-backend/vendor/laravel/framework/src/Illuminate/Cookie/Middleware/AddQueuedCookiesToResponse.php(37): Illuminate\\Pipeline\\Pipeline->Illuminate\\Pipeline\\{closure}()
#27 /var/www/html/Thames/thamescc-backend/vendor/laravel/framework/src/Illuminate/Pipeline/Pipeline.php(209): Illuminate\\Cookie\\Middleware\\AddQueuedCookiesToResponse->handle()
#28 /var/www/html/Thames/thamescc-backend/vendor/laravel/framework/src/Illuminate/Cookie/Middleware/EncryptCookies.php(75): Illuminate\\Pipeline\\Pipeline->Illuminate\\Pipeline\\{closure}()
#29 /var/www/html/Thames/thamescc-backend/vendor/laravel/framework/src/Illuminate/Pipeline/Pipeline.php(209): Illuminate\\Cookie\\Middleware\\EncryptCookies->handle()
#30 /var/www/html/Thames/thamescc-backend/vendor/laravel/framework/src/Illuminate/Pipeline/Pipeline.php(127): Illuminate\\Pipeline\\Pipeline->Illuminate\\Pipeline\\{closure}()
#31 /var/www/html/Thames/thamescc-backend/vendor/laravel/framework/src/Illuminate/Routing/Router.php(807): Illuminate\\Pipeline\\Pipeline->then()
#32 /var/www/html/Thames/thamescc-backend/vendor/laravel/framework/src/Illuminate/Routing/Router.php(786): Illuminate\\Routing\\Router->runRouteWithinStack()
#33 /var/www/html/Thames/thamescc-backend/vendor/laravel/framework/src/Illuminate/Routing/Router.php(750): Illuminate\\Routing\\Router->runRoute()
#34 /var/www/html/Thames/thamescc-backend/vendor/laravel/framework/src/Illuminate/Routing/Router.php(739): Illuminate\\Routing\\Router->dispatchToRoute()
#35 /var/www/html/Thames/thamescc-backend/vendor/laravel/framework/src/Illuminate/Foundation/Http/Kernel.php(201): Illuminate\\Routing\\Router->dispatch()
#36 /var/www/html/Thames/thamescc-backend/vendor/laravel/framework/src/Illuminate/Pipeline/Pipeline.php(170): Illuminate\\Foundation\\Http\\Kernel->Illuminate\\Foundation\\Http\\{closure}()
#37 /var/www/html/Thames/thamescc-backend/vendor/barryvdh/laravel-debugbar/src/Middleware/InjectDebugbar.php(66): Illuminate\\Pipeline\\Pipeline->Illuminate\\Pipeline\\{closure}()
#38 /var/www/html/Thames/thamescc-backend/vendor/laravel/framework/src/Illuminate/Pipeline/Pipeline.php(209): Barryvdh\\Debugbar\\Middleware\\InjectDebugbar->handle()
#39 /var/www/html/Thames/thamescc-backend/packages/Webkul/Installer/src/Http/Middleware/CanInstall.php(30): Illuminate\\Pipeline\\Pipeline->Illuminate\\Pipeline\\{closure}()
#40 /var/www/html/Thames/thamescc-backend/vendor/laravel/framework/src/Illuminate/Pipeline/Pipeline.php(209): Webkul\\Installer\\Http\\Middleware\\CanInstall->handle()
#41 /var/www/html/Thames/thamescc-backend/packages/Webkul/Core/src/Http/Middleware/SecureHeaders.php(29): Illuminate\\Pipeline\\Pipeline->Illuminate\\Pipeline\\{closure}()
#42 /var/www/html/Thames/thamescc-backend/vendor/laravel/framework/src/Illuminate/Pipeline/Pipeline.php(209): Webkul\\Core\\Http\\Middleware\\SecureHeaders->handle()
#43 /var/www/html/Thames/thamescc-backend/vendor/laravel/framework/src/Illuminate/Foundation/Http/Middleware/TransformsRequest.php(21): Illuminate\\Pipeline\\Pipeline->Illuminate\\Pipeline\\{closure}()
#44 /var/www/html/Thames/thamescc-backend/vendor/laravel/framework/src/Illuminate/Foundation/Http/Middleware/TrimStrings.php(51): Illuminate\\Foundation\\Http\\Middleware\\TransformsRequest->handle()
#45 /var/www/html/Thames/thamescc-backend/vendor/laravel/framework/src/Illuminate/Pipeline/Pipeline.php(209): Illuminate\\Foundation\\Http\\Middleware\\TrimStrings->handle()
#46 /var/www/html/Thames/thamescc-backend/vendor/laravel/framework/src/Illuminate/Http/Middleware/ValidatePostSize.php(27): Illuminate\\Pipeline\\Pipeline->Illuminate\\Pipeline\\{closure}()
#47 /var/www/html/Thames/thamescc-backend/vendor/laravel/framework/src/Illuminate/Pipeline/Pipeline.php(209): Illuminate\\Http\\Middleware\\ValidatePostSize->handle()
#48 /var/www/html/Thames/thamescc-backend/vendor/laravel/framework/src/Illuminate/Http/Middleware/HandleCors.php(49): Illuminate\\Pipeline\\Pipeline->Illuminate\\Pipeline\\{closure}()
#49 /var/www/html/Thames/thamescc-backend/vendor/laravel/framework/src/Illuminate/Pipeline/Pipeline.php(209): Illuminate\\Http\\Middleware\\HandleCors->handle()
#50 /var/www/html/Thames/thamescc-backend/vendor/laravel/framework/src/Illuminate/Http/Middleware/TrustProxies.php(58): Illuminate\\Pipeline\\Pipeline->Illuminate\\Pipeline\\{closure}()
#51 /var/www/html/Thames/thamescc-backend/vendor/laravel/framework/src/Illuminate/Pipeline/Pipeline.php(209): Illuminate\\Http\\Middleware\\TrustProxies->handle()
#52 /var/www/html/Thames/thamescc-backend/vendor/laravel/framework/src/Illuminate/Foundation/Http/Middleware/InvokeDeferredCallbacks.php(22): Illuminate\\Pipeline\\Pipeline->Illuminate\\Pipeline\\{closure}()
#53 /var/www/html/Thames/thamescc-backend/vendor/laravel/framework/src/Illuminate/Pipeline/Pipeline.php(209): Illuminate\\Foundation\\Http\\Middleware\\InvokeDeferredCallbacks->handle()
#54 /var/www/html/Thames/thamescc-backend/vendor/laravel/framework/src/Illuminate/Pipeline/Pipeline.php(127): Illuminate\\Pipeline\\Pipeline->Illuminate\\Pipeline\\{closure}()
#55 /var/www/html/Thames/thamescc-backend/vendor/laravel/framework/src/Illuminate/Foundation/Http/Kernel.php(176): Illuminate\\Pipeline\\Pipeline->then()
#56 /var/www/html/Thames/thamescc-backend/vendor/laravel/framework/src/Illuminate/Foundation/Http/Kernel.php(145): Illuminate\\Foundation\\Http\\Kernel->sendRequestThroughRouter()
#57 /var/www/html/Thames/thamescc-backend/public/index.php(51): Illuminate\\Foundation\\Http\\Kernel->handle()
#58 /var/www/html/Thames/thamescc-backend/vendor/laravel/framework/src/Illuminate/Foundation/resources/server.php(23): require_once('...')
#59 {main}

[previous exception] [object] (Illuminate\\View\\ViewException(code: 0): file_put_contents(/var/www/html/Thames/thamescc-backend/storage/framework/cache/data/df/93/df93c4300e48b3b46d35cec43be00de945902f68): Failed to open stream: No such file or directory (View: /var/www/html/Thames/thamescc-backend/packages/Webkul/Admin/src/Resources/views/components/layouts/index.blade.php) at /var/www/html/Thames/thamescc-backend/vendor/laravel/framework/src/Illuminate/Filesystem/Filesystem.php:204)
[stacktrace]
#0 /var/www/html/Thames/thamescc-backend/vendor/laravel/framework/src/Illuminate/View/Engines/PhpEngine.php(60): Illuminate\\View\\Engines\\CompilerEngine->handleViewException()
#1 /var/www/html/Thames/thamescc-backend/vendor/laravel/framework/src/Illuminate/View/Engines/CompilerEngine.php(75): Illuminate\\View\\Engines\\PhpEngine->evaluatePath()
#2 /var/www/html/Thames/thamescc-backend/vendor/laravel/framework/src/Illuminate/View/View.php(209): Illuminate\\View\\Engines\\CompilerEngine->get()
#3 /var/www/html/Thames/thamescc-backend/vendor/laravel/framework/src/Illuminate/View/View.php(192): Illuminate\\View\\View->getContents()
#4 /var/www/html/Thames/thamescc-backend/vendor/laravel/framework/src/Illuminate/View/View.php(161): Illuminate\\View\\View->renderContents()
#5 /var/www/html/Thames/thamescc-backend/vendor/laravel/framework/src/Illuminate/View/Concerns/ManagesComponents.php(103): Illuminate\\View\\View->render()
#6 /var/www/html/Thames/thamescc-backend/storage/framework/views/eff6084f542af44adbea5fa9127816c4.php(606): Illuminate\\View\\Factory->renderComponent()
#7 /var/www/html/Thames/thamescc-backend/vendor/laravel/framework/src/Illuminate/Filesystem/Filesystem.php(123): require('...')
#8 /var/www/html/Thames/thamescc-backend/vendor/laravel/framework/src/Illuminate/Filesystem/Filesystem.php(124): Illuminate\\Filesystem\\Filesystem::Illuminate\\Filesystem\\{closure}()
#9 /var/www/html/Thames/thamescc-backend/vendor/laravel/framework/src/Illuminate/View/Engines/PhpEngine.php(58): Illuminate\\Filesystem\\Filesystem->getRequire()
#10 /var/www/html/Thames/thamescc-backend/vendor/laravel/framework/src/Illuminate/View/Engines/CompilerEngine.php(75): Illuminate\\View\\Engines\\PhpEngine->evaluatePath()
#11 /var/www/html/Thames/thamescc-backend/vendor/laravel/framework/src/Illuminate/View/View.php(209): Illuminate\\View\\Engines\\CompilerEngine->get()
#12 /var/www/html/Thames/thamescc-backend/vendor/laravel/framework/src/Illuminate/View/View.php(192): Illuminate\\View\\View->getContents()
#13 /var/www/html/Thames/thamescc-backend/vendor/laravel/framework/src/Illuminate/View/View.php(161): Illuminate\\View\\View->renderContents()
#14 /var/www/html/Thames/thamescc-backend/vendor/laravel/framework/src/Illuminate/Http/Response.php(79): Illuminate\\View\\View->render()
#15 /var/www/html/Thames/thamescc-backend/vendor/laravel/framework/src/Illuminate/Http/Response.php(35): Illuminate\\Http\\Response->setContent()
#16 /var/www/html/Thames/thamescc-backend/vendor/laravel/framework/src/Illuminate/Routing/Router.php(920): Illuminate\\Http\\Response->__construct()
#17 /var/www/html/Thames/thamescc-backend/vendor/laravel/framework/src/Illuminate/Routing/Router.php(887): Illuminate\\Routing\\Router::toResponse()
#18 /var/www/html/Thames/thamescc-backend/vendor/laravel/framework/src/Illuminate/Routing/Router.php(807): Illuminate\\Routing\\Router->prepareResponse()
#19 /var/www/html/Thames/thamescc-backend/vendor/laravel/framework/src/Illuminate/Pipeline/Pipeline.php(170): Illuminate\\Routing\\Router->Illuminate\\Routing\\{closure}()
#20 /var/www/html/Thames/thamescc-backend/packages/Webkul/User/src/Http/Middleware/Bouncer.php(44): Illuminate\\Pipeline\\Pipeline->Illuminate\\Pipeline\\{closure}()
#21 /var/www/html/Thames/thamescc-backend/vendor/laravel/framework/src/Illuminate/Pipeline/Pipeline.php(209): Webkul\\User\\Http\\Middleware\\Bouncer->handle()
#22 /var/www/html/Thames/thamescc-backend/packages/Webkul/Core/src/Http/Middleware/PreventRequestsDuringMaintenance.php(119): Illuminate\\Pipeline\\Pipeline->Illuminate\\Pipeline\\{closure}()
#23 /var/www/html/Thames/thamescc-backend/vendor/laravel/framework/src/Illuminate/Pipeline/Pipeline.php(209): Webkul\\Core\\Http\\Middleware\\PreventRequestsDuringMaintenance->handle()
#24 /var/www/html/Thames/thamescc-backend/vendor/barryvdh/laravel-debugbar/src/Middleware/InjectDebugbar.php(66): Illuminate\\Pipeline\\Pipeline->Illuminate\\Pipeline\\{closure}()
#25 /var/www/html/Thames/thamescc-backend/vendor/laravel/framework/src/Illuminate/Pipeline/Pipeline.php(209): Barryvdh\\Debugbar\\Middleware\\InjectDebugbar->handle()
#26 /var/www/html/Thames/thamescc-backend/vendor/laravel/framework/src/Illuminate/Routing/Middleware/SubstituteBindings.php(51): Illuminate\\Pipeline\\Pipeline->Illuminate\\Pipeline\\{closure}()
#27 /var/www/html/Thames/thamescc-backend/vendor/laravel/framework/src/Illuminate/Pipeline/Pipeline.php(209): Illuminate\\Routing\\Middleware\\SubstituteBindings->handle()
#28 /var/www/html/Thames/thamescc-backend/vendor/laravel/framework/src/Illuminate/Foundation/Http/Middleware/VerifyCsrfToken.php(88): Illuminate\\Pipeline\\Pipeline->Illuminate\\Pipeline\\{closure}()
#29 /var/www/html/Thames/thamescc-backend/vendor/laravel/framework/src/Illuminate/Pipeline/Pipeline.php(209): Illuminate\\Foundation\\Http\\Middleware\\VerifyCsrfToken->handle()
#30 /var/www/html/Thames/thamescc-backend/vendor/laravel/framework/src/Illuminate/View/Middleware/ShareErrorsFromSession.php(49): Illuminate\\Pipeline\\Pipeline->Illuminate\\Pipeline\\{closure}()
#31 /var/www/html/Thames/thamescc-backend/vendor/laravel/framework/src/Illuminate/Pipeline/Pipeline.php(209): Illuminate\\View\\Middleware\\ShareErrorsFromSession->handle()
#32 /var/www/html/Thames/thamescc-backend/vendor/laravel/framework/src/Illuminate/Session/Middleware/StartSession.php(121): Illuminate\\Pipeline\\Pipeline->Illuminate\\Pipeline\\{closure}()
#33 /var/www/html/Thames/thamescc-backend/vendor/laravel/framework/src/Illuminate/Session/Middleware/StartSession.php(64): Illuminate\\Session\\Middleware\\StartSession->handleStatefulRequest()
#34 /var/www/html/Thames/thamescc-backend/vendor/laravel/framework/src/Illuminate/Pipeline/Pipeline.php(209): Illuminate\\Session\\Middleware\\StartSession->handle()
#35 /var/www/html/Thames/thamescc-backend/vendor/laravel/framework/src/Illuminate/Cookie/Middleware/AddQueuedCookiesToResponse.php(37): Illuminate\\Pipeline\\Pipeline->Illuminate\\Pipeline\\{closure}()
#36 /var/www/html/Thames/thamescc-backend/vendor/laravel/framework/src/Illuminate/Pipeline/Pipeline.php(209): Illuminate\\Cookie\\Middleware\\AddQueuedCookiesToResponse->handle()
#37 /var/www/html/Thames/thamescc-backend/vendor/laravel/framework/src/Illuminate/Cookie/Middleware/EncryptCookies.php(75): Illuminate\\Pipeline\\Pipeline->Illuminate\\Pipeline\\{closure}()
#38 /var/www/html/Thames/thamescc-backend/vendor/laravel/framework/src/Illuminate/Pipeline/Pipeline.php(209): Illuminate\\Cookie\\Middleware\\EncryptCookies->handle()
#39 /var/www/html/Thames/thamescc-backend/vendor/laravel/framework/src/Illuminate/Pipeline/Pipeline.php(127): Illuminate\\Pipeline\\Pipeline->Illuminate\\Pipeline\\{closure}()
#40 /var/www/html/Thames/thamescc-backend/vendor/laravel/framework/src/Illuminate/Routing/Router.php(807): Illuminate\\Pipeline\\Pipeline->then()
#41 /var/www/html/Thames/thamescc-backend/vendor/laravel/framework/src/Illuminate/Routing/Router.php(786): Illuminate\\Routing\\Router->runRouteWithinStack()
#42 /var/www/html/Thames/thamescc-backend/vendor/laravel/framework/src/Illuminate/Routing/Router.php(750): Illuminate\\Routing\\Router->runRoute()
#43 /var/www/html/Thames/thamescc-backend/vendor/laravel/framework/src/Illuminate/Routing/Router.php(739): Illuminate\\Routing\\Router->dispatchToRoute()
#44 /var/www/html/Thames/thamescc-backend/vendor/laravel/framework/src/Illuminate/Foundation/Http/Kernel.php(201): Illuminate\\Routing\\Router->dispatch()
#45 /var/www/html/Thames/thamescc-backend/vendor/laravel/framework/src/Illuminate/Pipeline/Pipeline.php(170): Illuminate\\Foundation\\Http\\Kernel->Illuminate\\Foundation\\Http\\{closure}()
#46 /var/www/html/Thames/thamescc-backend/vendor/barryvdh/laravel-debugbar/src/Middleware/InjectDebugbar.php(66): Illuminate\\Pipeline\\Pipeline->Illuminate\\Pipeline\\{closure}()
#47 /var/www/html/Thames/thamescc-backend/vendor/laravel/framework/src/Illuminate/Pipeline/Pipeline.php(209): Barryvdh\\Debugbar\\Middleware\\InjectDebugbar->handle()
#48 /var/www/html/Thames/thamescc-backend/packages/Webkul/Installer/src/Http/Middleware/CanInstall.php(30): Illuminate\\Pipeline\\Pipeline->Illuminate\\Pipeline\\{closure}()
#49 /var/www/html/Thames/thamescc-backend/vendor/laravel/framework/src/Illuminate/Pipeline/Pipeline.php(209): Webkul\\Installer\\Http\\Middleware\\CanInstall->handle()
#50 /var/www/html/Thames/thamescc-backend/packages/Webkul/Core/src/Http/Middleware/SecureHeaders.php(29): Illuminate\\Pipeline\\Pipeline->Illuminate\\Pipeline\\{closure}()
#51 /var/www/html/Thames/thamescc-backend/vendor/laravel/framework/src/Illuminate/Pipeline/Pipeline.php(209): Webkul\\Core\\Http\\Middleware\\SecureHeaders->handle()
#52 /var/www/html/Thames/thamescc-backend/vendor/laravel/framework/src/Illuminate/Foundation/Http/Middleware/TransformsRequest.php(21): Illuminate\\Pipeline\\Pipeline->Illuminate\\Pipeline\\{closure}()
#53 /var/www/html/Thames/thamescc-backend/vendor/laravel/framework/src/Illuminate/Foundation/Http/Middleware/TrimStrings.php(51): Illuminate\\Foundation\\Http\\Middleware\\TransformsRequest->handle()
#54 /var/www/html/Thames/thamescc-backend/vendor/laravel/framework/src/Illuminate/Pipeline/Pipeline.php(209): Illuminate\\Foundation\\Http\\Middleware\\TrimStrings->handle()
#55 /var/www/html/Thames/thamescc-backend/vendor/laravel/framework/src/Illuminate/Http/Middleware/ValidatePostSize.php(27): Illuminate\\Pipeline\\Pipeline->Illuminate\\Pipeline\\{closure}()
#56 /var/www/html/Thames/thamescc-backend/vendor/laravel/framework/src/Illuminate/Pipeline/Pipeline.php(209): Illuminate\\Http\\Middleware\\ValidatePostSize->handle()
#57 /var/www/html/Thames/thamescc-backend/vendor/laravel/framework/src/Illuminate/Http/Middleware/HandleCors.php(49): Illuminate\\Pipeline\\Pipeline->Illuminate\\Pipeline\\{closure}()
#58 /var/www/html/Thames/thamescc-backend/vendor/laravel/framework/src/Illuminate/Pipeline/Pipeline.php(209): Illuminate\\Http\\Middleware\\HandleCors->handle()
#59 /var/www/html/Thames/thamescc-backend/vendor/laravel/framework/src/Illuminate/Http/Middleware/TrustProxies.php(58): Illuminate\\Pipeline\\Pipeline->Illuminate\\Pipeline\\{closure}()
#60 /var/www/html/Thames/thamescc-backend/vendor/laravel/framework/src/Illuminate/Pipeline/Pipeline.php(209): Illuminate\\Http\\Middleware\\TrustProxies->handle()
#61 /var/www/html/Thames/thamescc-backend/vendor/laravel/framework/src/Illuminate/Foundation/Http/Middleware/InvokeDeferredCallbacks.php(22): Illuminate\\Pipeline\\Pipeline->Illuminate\\Pipeline\\{closure}()
#62 /var/www/html/Thames/thamescc-backend/vendor/laravel/framework/src/Illuminate/Pipeline/Pipeline.php(209): Illuminate\\Foundation\\Http\\Middleware\\InvokeDeferredCallbacks->handle()
#63 /var/www/html/Thames/thamescc-backend/vendor/laravel/framework/src/Illuminate/Pipeline/Pipeline.php(127): Illuminate\\Pipeline\\Pipeline->Illuminate\\Pipeline\\{closure}()
#64 /var/www/html/Thames/thamescc-backend/vendor/laravel/framework/src/Illuminate/Foundation/Http/Kernel.php(176): Illuminate\\Pipeline\\Pipeline->then()
#65 /var/www/html/Thames/thamescc-backend/vendor/laravel/framework/src/Illuminate/Foundation/Http/Kernel.php(145): Illuminate\\Foundation\\Http\\Kernel->sendRequestThroughRouter()
#66 /var/www/html/Thames/thamescc-backend/public/index.php(51): Illuminate\\Foundation\\Http\\Kernel->handle()
#67 /var/www/html/Thames/thamescc-backend/vendor/laravel/framework/src/Illuminate/Foundation/resources/server.php(23): require_once('...')
#68 {main}

[previous exception] [object] (ErrorException(code: 0): file_put_contents(/var/www/html/Thames/thamescc-backend/storage/framework/cache/data/df/93/df93c4300e48b3b46d35cec43be00de945902f68): Failed to open stream: No such file or directory at /var/www/html/Thames/thamescc-backend/vendor/laravel/framework/src/Illuminate/Filesystem/Filesystem.php:204)
[stacktrace]
#0 /var/www/html/Thames/thamescc-backend/vendor/laravel/framework/src/Illuminate/Foundation/Bootstrap/HandleExceptions.php(256): Illuminate\\Foundation\\Bootstrap\\HandleExceptions->handleError()
#1 [internal function]: Illuminate\\Foundation\\Bootstrap\\HandleExceptions->Illuminate\\Foundation\\Bootstrap\\{closure}()
#2 /var/www/html/Thames/thamescc-backend/vendor/laravel/framework/src/Illuminate/Filesystem/Filesystem.php(204): file_put_contents()
#3 /var/www/html/Thames/thamescc-backend/vendor/laravel/framework/src/Illuminate/Cache/FileStore.php(83): Illuminate\\Filesystem\\Filesystem->put()
#4 /var/www/html/Thames/thamescc-backend/vendor/laravel/framework/src/Illuminate/Cache/Repository.php(237): Illuminate\\Cache\\FileStore->put()
#5 /var/www/html/Thames/thamescc-backend/vendor/laravel/framework/src/Illuminate/Cache/Repository.php(429): Illuminate\\Cache\\Repository->put()
#6 /var/www/html/Thames/thamescc-backend/vendor/laravel/framework/src/Illuminate/Cache/CacheManager.php(453): Illuminate\\Cache\\Repository->remember()
#7 /var/www/html/Thames/thamescc-backend/vendor/prettus/l5-repository/src/Prettus/Repository/Traits/CacheableRepository.php(295): Illuminate\\Cache\\CacheManager->__call()
#8 /var/www/html/Thames/thamescc-backend/packages/Webkul/Core/src/Eloquent/Repository.php(104): Webkul\\Core\\Eloquent\\Repository->findByField()
#9 /var/www/html/Thames/thamescc-backend/packages/Webkul/Core/src/Core.php(364): Webkul\\Core\\Eloquent\\Repository->findOneByField()
#10 /var/www/html/Thames/thamescc-backend/storage/framework/views/96ad804cb3f668250d523e7b781f8e15.php(37): Webkul\\Core\\Core->getBaseCurrency()
#11 /var/www/html/Thames/thamescc-backend/vendor/laravel/framework/src/Illuminate/Filesystem/Filesystem.php(123): require('...')
#12 /var/www/html/Thames/thamescc-backend/vendor/laravel/framework/src/Illuminate/Filesystem/Filesystem.php(124): Illuminate\\Filesystem\\Filesystem::Illuminate\\Filesystem\\{closure}()
#13 /var/www/html/Thames/thamescc-backend/vendor/laravel/framework/src/Illuminate/View/Engines/PhpEngine.php(58): Illuminate\\Filesystem\\Filesystem->getRequire()
#14 /var/www/html/Thames/thamescc-backend/vendor/laravel/framework/src/Illuminate/View/Engines/CompilerEngine.php(75): Illuminate\\View\\Engines\\PhpEngine->evaluatePath()
#15 /var/www/html/Thames/thamescc-backend/vendor/laravel/framework/src/Illuminate/View/View.php(209): Illuminate\\View\\Engines\\CompilerEngine->get()
#16 /var/www/html/Thames/thamescc-backend/vendor/laravel/framework/src/Illuminate/View/View.php(192): Illuminate\\View\\View->getContents()
#17 /var/www/html/Thames/thamescc-backend/vendor/laravel/framework/src/Illuminate/View/View.php(161): Illuminate\\View\\View->renderContents()
#18 /var/www/html/Thames/thamescc-backend/vendor/laravel/framework/src/Illuminate/View/Concerns/ManagesComponents.php(103): Illuminate\\View\\View->render()
#19 /var/www/html/Thames/thamescc-backend/storage/framework/views/eff6084f542af44adbea5fa9127816c4.php(606): Illuminate\\View\\Factory->renderComponent()
#20 /var/www/html/Thames/thamescc-backend/vendor/laravel/framework/src/Illuminate/Filesystem/Filesystem.php(123): require('...')
#21 /var/www/html/Thames/thamescc-backend/vendor/laravel/framework/src/Illuminate/Filesystem/Filesystem.php(124): Illuminate\\Filesystem\\Filesystem::Illuminate\\Filesystem\\{closure}()
#22 /var/www/html/Thames/thamescc-backend/vendor/laravel/framework/src/Illuminate/View/Engines/PhpEngine.php(58): Illuminate\\Filesystem\\Filesystem->getRequire()
#23 /var/www/html/Thames/thamescc-backend/vendor/laravel/framework/src/Illuminate/View/Engines/CompilerEngine.php(75): Illuminate\\View\\Engines\\PhpEngine->evaluatePath()
#24 /var/www/html/Thames/thamescc-backend/vendor/laravel/framework/src/Illuminate/View/View.php(209): Illuminate\\View\\Engines\\CompilerEngine->get()
#25 /var/www/html/Thames/thamescc-backend/vendor/laravel/framework/src/Illuminate/View/View.php(192): Illuminate\\View\\View->getContents()
#26 /var/www/html/Thames/thamescc-backend/vendor/laravel/framework/src/Illuminate/View/View.php(161): Illuminate\\View\\View->renderContents()
#27 /var/www/html/Thames/thamescc-backend/vendor/laravel/framework/src/Illuminate/Http/Response.php(79): Illuminate\\View\\View->render()
#28 /var/www/html/Thames/thamescc-backend/vendor/laravel/framework/src/Illuminate/Http/Response.php(35): Illuminate\\Http\\Response->setContent()
#29 /var/www/html/Thames/thamescc-backend/vendor/laravel/framework/src/Illuminate/Routing/Router.php(920): Illuminate\\Http\\Response->__construct()
#30 /var/www/html/Thames/thamescc-backend/vendor/laravel/framework/src/Illuminate/Routing/Router.php(887): Illuminate\\Routing\\Router::toResponse()
#31 /var/www/html/Thames/thamescc-backend/vendor/laravel/framework/src/Illuminate/Routing/Router.php(807): Illuminate\\Routing\\Router->prepareResponse()
#32 /var/www/html/Thames/thamescc-backend/vendor/laravel/framework/src/Illuminate/Pipeline/Pipeline.php(170): Illuminate\\Routing\\Router->Illuminate\\Routing\\{closure}()
#33 /var/www/html/Thames/thamescc-backend/packages/Webkul/User/src/Http/Middleware/Bouncer.php(44): Illuminate\\Pipeline\\Pipeline->Illuminate\\Pipeline\\{closure}()
#34 /var/www/html/Thames/thamescc-backend/vendor/laravel/framework/src/Illuminate/Pipeline/Pipeline.php(209): Webkul\\User\\Http\\Middleware\\Bouncer->handle()
#35 /var/www/html/Thames/thamescc-backend/packages/Webkul/Core/src/Http/Middleware/PreventRequestsDuringMaintenance.php(119): Illuminate\\Pipeline\\Pipeline->Illuminate\\Pipeline\\{closure}()
#36 /var/www/html/Thames/thamescc-backend/vendor/laravel/framework/src/Illuminate/Pipeline/Pipeline.php(209): Webkul\\Core\\Http\\Middleware\\PreventRequestsDuringMaintenance->handle()
#37 /var/www/html/Thames/thamescc-backend/vendor/barryvdh/laravel-debugbar/src/Middleware/InjectDebugbar.php(66): Illuminate\\Pipeline\\Pipeline->Illuminate\\Pipeline\\{closure}()
#38 /var/www/html/Thames/thamescc-backend/vendor/laravel/framework/src/Illuminate/Pipeline/Pipeline.php(209): Barryvdh\\Debugbar\\Middleware\\InjectDebugbar->handle()
#39 /var/www/html/Thames/thamescc-backend/vendor/laravel/framework/src/Illuminate/Routing/Middleware/SubstituteBindings.php(51): Illuminate\\Pipeline\\Pipeline->Illuminate\\Pipeline\\{closure}()
#40 /var/www/html/Thames/thamescc-backend/vendor/laravel/framework/src/Illuminate/Pipeline/Pipeline.php(209): Illuminate\\Routing\\Middleware\\SubstituteBindings->handle()
#41 /var/www/html/Thames/thamescc-backend/vendor/laravel/framework/src/Illuminate/Foundation/Http/Middleware/VerifyCsrfToken.php(88): Illuminate\\Pipeline\\Pipeline->Illuminate\\Pipeline\\{closure}()
#42 /var/www/html/Thames/thamescc-backend/vendor/laravel/framework/src/Illuminate/Pipeline/Pipeline.php(209): Illuminate\\Foundation\\Http\\Middleware\\VerifyCsrfToken->handle()
#43 /var/www/html/Thames/thamescc-backend/vendor/laravel/framework/src/Illuminate/View/Middleware/ShareErrorsFromSession.php(49): Illuminate\\Pipeline\\Pipeline->Illuminate\\Pipeline\\{closure}()
#44 /var/www/html/Thames/thamescc-backend/vendor/laravel/framework/src/Illuminate/Pipeline/Pipeline.php(209): Illuminate\\View\\Middleware\\ShareErrorsFromSession->handle()
#45 /var/www/html/Thames/thamescc-backend/vendor/laravel/framework/src/Illuminate/Session/Middleware/StartSession.php(121): Illuminate\\Pipeline\\Pipeline->Illuminate\\Pipeline\\{closure}()
#46 /var/www/html/Thames/thamescc-backend/vendor/laravel/framework/src/Illuminate/Session/Middleware/StartSession.php(64): Illuminate\\Session\\Middleware\\StartSession->handleStatefulRequest()
#47 /var/www/html/Thames/thamescc-backend/vendor/laravel/framework/src/Illuminate/Pipeline/Pipeline.php(209): Illuminate\\Session\\Middleware\\StartSession->handle()
#48 /var/www/html/Thames/thamescc-backend/vendor/laravel/framework/src/Illuminate/Cookie/Middleware/AddQueuedCookiesToResponse.php(37): Illuminate\\Pipeline\\Pipeline->Illuminate\\Pipeline\\{closure}()
#49 /var/www/html/Thames/thamescc-backend/vendor/laravel/framework/src/Illuminate/Pipeline/Pipeline.php(209): Illuminate\\Cookie\\Middleware\\AddQueuedCookiesToResponse->handle()
#50 /var/www/html/Thames/thamescc-backend/vendor/laravel/framework/src/Illuminate/Cookie/Middleware/EncryptCookies.php(75): Illuminate\\Pipeline\\Pipeline->Illuminate\\Pipeline\\{closure}()
#51 /var/www/html/Thames/thamescc-backend/vendor/laravel/framework/src/Illuminate/Pipeline/Pipeline.php(209): Illuminate\\Cookie\\Middleware\\EncryptCookies->handle()
#52 /var/www/html/Thames/thamescc-backend/vendor/laravel/framework/src/Illuminate/Pipeline/Pipeline.php(127): Illuminate\\Pipeline\\Pipeline->Illuminate\\Pipeline\\{closure}()
#53 /var/www/html/Thames/thamescc-backend/vendor/laravel/framework/src/Illuminate/Routing/Router.php(807): Illuminate\\Pipeline\\Pipeline->then()
#54 /var/www/html/Thames/thamescc-backend/vendor/laravel/framework/src/Illuminate/Routing/Router.php(786): Illuminate\\Routing\\Router->runRouteWithinStack()
#55 /var/www/html/Thames/thamescc-backend/vendor/laravel/framework/src/Illuminate/Routing/Router.php(750): Illuminate\\Routing\\Router->runRoute()
#56 /var/www/html/Thames/thamescc-backend/vendor/laravel/framework/src/Illuminate/Routing/Router.php(739): Illuminate\\Routing\\Router->dispatchToRoute()
#57 /var/www/html/Thames/thamescc-backend/vendor/laravel/framework/src/Illuminate/Foundation/Http/Kernel.php(201): Illuminate\\Routing\\Router->dispatch()
#58 /var/www/html/Thames/thamescc-backend/vendor/laravel/framework/src/Illuminate/Pipeline/Pipeline.php(170): Illuminate\\Foundation\\Http\\Kernel->Illuminate\\Foundation\\Http\\{closure}()
#59 /var/www/html/Thames/thamescc-backend/vendor/barryvdh/laravel-debugbar/src/Middleware/InjectDebugbar.php(66): Illuminate\\Pipeline\\Pipeline->Illuminate\\Pipeline\\{closure}()
#60 /var/www/html/Thames/thamescc-backend/vendor/laravel/framework/src/Illuminate/Pipeline/Pipeline.php(209): Barryvdh\\Debugbar\\Middleware\\InjectDebugbar->handle()
#61 /var/www/html/Thames/thamescc-backend/packages/Webkul/Installer/src/Http/Middleware/CanInstall.php(30): Illuminate\\Pipeline\\Pipeline->Illuminate\\Pipeline\\{closure}()
#62 /var/www/html/Thames/thamescc-backend/vendor/laravel/framework/src/Illuminate/Pipeline/Pipeline.php(209): Webkul\\Installer\\Http\\Middleware\\CanInstall->handle()
#63 /var/www/html/Thames/thamescc-backend/packages/Webkul/Core/src/Http/Middleware/SecureHeaders.php(29): Illuminate\\Pipeline\\Pipeline->Illuminate\\Pipeline\\{closure}()
#64 /var/www/html/Thames/thamescc-backend/vendor/laravel/framework/src/Illuminate/Pipeline/Pipeline.php(209): Webkul\\Core\\Http\\Middleware\\SecureHeaders->handle()
#65 /var/www/html/Thames/thamescc-backend/vendor/laravel/framework/src/Illuminate/Foundation/Http/Middleware/TransformsRequest.php(21): Illuminate\\Pipeline\\Pipeline->Illuminate\\Pipeline\\{closure}()
#66 /var/www/html/Thames/thamescc-backend/vendor/laravel/framework/src/Illuminate/Foundation/Http/Middleware/TrimStrings.php(51): Illuminate\\Foundation\\Http\\Middleware\\TransformsRequest->handle()
#67 /var/www/html/Thames/thamescc-backend/vendor/laravel/framework/src/Illuminate/Pipeline/Pipeline.php(209): Illuminate\\Foundation\\Http\\Middleware\\TrimStrings->handle()
#68 /var/www/html/Thames/thamescc-backend/vendor/laravel/framework/src/Illuminate/Http/Middleware/ValidatePostSize.php(27): Illuminate\\Pipeline\\Pipeline->Illuminate\\Pipeline\\{closure}()
#69 /var/www/html/Thames/thamescc-backend/vendor/laravel/framework/src/Illuminate/Pipeline/Pipeline.php(209): Illuminate\\Http\\Middleware\\ValidatePostSize->handle()
#70 /var/www/html/Thames/thamescc-backend/vendor/laravel/framework/src/Illuminate/Http/Middleware/HandleCors.php(49): Illuminate\\Pipeline\\Pipeline->Illuminate\\Pipeline\\{closure}()
#71 /var/www/html/Thames/thamescc-backend/vendor/laravel/framework/src/Illuminate/Pipeline/Pipeline.php(209): Illuminate\\Http\\Middleware\\HandleCors->handle()
#72 /var/www/html/Thames/thamescc-backend/vendor/laravel/framework/src/Illuminate/Http/Middleware/TrustProxies.php(58): Illuminate\\Pipeline\\Pipeline->Illuminate\\Pipeline\\{closure}()
#73 /var/www/html/Thames/thamescc-backend/vendor/laravel/framework/src/Illuminate/Pipeline/Pipeline.php(209): Illuminate\\Http\\Middleware\\TrustProxies->handle()
#74 /var/www/html/Thames/thamescc-backend/vendor/laravel/framework/src/Illuminate/Foundation/Http/Middleware/InvokeDeferredCallbacks.php(22): Illuminate\\Pipeline\\Pipeline->Illuminate\\Pipeline\\{closure}()
#75 /var/www/html/Thames/thamescc-backend/vendor/laravel/framework/src/Illuminate/Pipeline/Pipeline.php(209): Illuminate\\Foundation\\Http\\Middleware\\InvokeDeferredCallbacks->handle()
#76 /var/www/html/Thames/thamescc-backend/vendor/laravel/framework/src/Illuminate/Pipeline/Pipeline.php(127): Illuminate\\Pipeline\\Pipeline->Illuminate\\Pipeline\\{closure}()
#77 /var/www/html/Thames/thamescc-backend/vendor/laravel/framework/src/Illuminate/Foundation/Http/Kernel.php(176): Illuminate\\Pipeline\\Pipeline->then()
#78 /var/www/html/Thames/thamescc-backend/vendor/laravel/framework/src/Illuminate/Foundation/Http/Kernel.php(145): Illuminate\\Foundation\\Http\\Kernel->sendRequestThroughRouter()
#79 /var/www/html/Thames/thamescc-backend/public/index.php(51): Illuminate\\Foundation\\Http\\Kernel->handle()
#80 /var/www/html/Thames/thamescc-backend/vendor/laravel/framework/src/Illuminate/Foundation/resources/server.php(23): require_once('...')
#81 {main}
"} 
[2025-06-16 13:39:20] local.ERROR: file_put_contents(/var/www/html/Thames/thamescc-backend/bootstrap/cache/config.php): Failed to open stream: Permission denied {"exception":"[object] (ErrorException(code: 0): file_put_contents(/var/www/html/Thames/thamescc-backend/bootstrap/cache/config.php): Failed to open stream: Permission denied at /var/www/html/Thames/thamescc-backend/vendor/laravel/framework/src/Illuminate/Filesystem/Filesystem.php:204)
[stacktrace]
#0 /var/www/html/Thames/thamescc-backend/vendor/laravel/framework/src/Illuminate/Foundation/Bootstrap/HandleExceptions.php(256): Illuminate\\Foundation\\Bootstrap\\HandleExceptions->handleError()
#1 [internal function]: Illuminate\\Foundation\\Bootstrap\\HandleExceptions->Illuminate\\Foundation\\Bootstrap\\{closure}()
#2 /var/www/html/Thames/thamescc-backend/vendor/laravel/framework/src/Illuminate/Filesystem/Filesystem.php(204): file_put_contents()
#3 /var/www/html/Thames/thamescc-backend/vendor/laravel/framework/src/Illuminate/Foundation/Console/ConfigCacheCommand.php(64): Illuminate\\Filesystem\\Filesystem->put()
#4 /var/www/html/Thames/thamescc-backend/vendor/laravel/framework/src/Illuminate/Container/BoundMethod.php(36): Illuminate\\Foundation\\Console\\ConfigCacheCommand->handle()
#5 /var/www/html/Thames/thamescc-backend/vendor/laravel/framework/src/Illuminate/Container/Util.php(43): Illuminate\\Container\\BoundMethod::Illuminate\\Container\\{closure}()
#6 /var/www/html/Thames/thamescc-backend/vendor/laravel/framework/src/Illuminate/Container/BoundMethod.php(95): Illuminate\\Container\\Util::unwrapIfClosure()
#7 /var/www/html/Thames/thamescc-backend/vendor/laravel/framework/src/Illuminate/Container/BoundMethod.php(35): Illuminate\\Container\\BoundMethod::callBoundMethod()
#8 /var/www/html/Thames/thamescc-backend/vendor/laravel/framework/src/Illuminate/Container/Container.php(696): Illuminate\\Container\\BoundMethod::call()
#9 /var/www/html/Thames/thamescc-backend/vendor/laravel/framework/src/Illuminate/Console/Command.php(213): Illuminate\\Container\\Container->call()
#10 /var/www/html/Thames/thamescc-backend/vendor/symfony/console/Command/Command.php(279): Illuminate\\Console\\Command->execute()
#11 /var/www/html/Thames/thamescc-backend/vendor/laravel/framework/src/Illuminate/Console/Command.php(182): Symfony\\Component\\Console\\Command\\Command->run()
#12 /var/www/html/Thames/thamescc-backend/vendor/laravel/framework/src/Illuminate/Console/Concerns/CallsCommands.php(68): Illuminate\\Console\\Command->run()
#13 /var/www/html/Thames/thamescc-backend/vendor/laravel/framework/src/Illuminate/Console/Concerns/CallsCommands.php(41): Illuminate\\Console\\Command->runCommand()
#14 /var/www/html/Thames/thamescc-backend/vendor/laravel/framework/src/Illuminate/Console/Concerns/CallsCommands.php(53): Illuminate\\Console\\Command->callSilent()
#15 /var/www/html/Thames/thamescc-backend/vendor/laravel/framework/src/Illuminate/Foundation/Console/OptimizeCommand.php(48): Illuminate\\Console\\Command->callSilently()
#16 /var/www/html/Thames/thamescc-backend/vendor/laravel/framework/src/Illuminate/Console/View/Components/Task.php(40): Illuminate\\Foundation\\Console\\OptimizeCommand->Illuminate\\Foundation\\Console\\{closure}()
#17 /var/www/html/Thames/thamescc-backend/vendor/laravel/framework/src/Illuminate/Console/View/Components/Factory.php(60): Illuminate\\Console\\View\\Components\\Task->render()
#18 /var/www/html/Thames/thamescc-backend/vendor/laravel/framework/src/Illuminate/Foundation/Console/OptimizeCommand.php(48): Illuminate\\Console\\View\\Components\\Factory->__call()
#19 /var/www/html/Thames/thamescc-backend/vendor/laravel/framework/src/Illuminate/Container/BoundMethod.php(36): Illuminate\\Foundation\\Console\\OptimizeCommand->handle()
#20 /var/www/html/Thames/thamescc-backend/vendor/laravel/framework/src/Illuminate/Container/Util.php(43): Illuminate\\Container\\BoundMethod::Illuminate\\Container\\{closure}()
#21 /var/www/html/Thames/thamescc-backend/vendor/laravel/framework/src/Illuminate/Container/BoundMethod.php(95): Illuminate\\Container\\Util::unwrapIfClosure()
#22 /var/www/html/Thames/thamescc-backend/vendor/laravel/framework/src/Illuminate/Container/BoundMethod.php(35): Illuminate\\Container\\BoundMethod::callBoundMethod()
#23 /var/www/html/Thames/thamescc-backend/vendor/laravel/framework/src/Illuminate/Container/Container.php(696): Illuminate\\Container\\BoundMethod::call()
#24 /var/www/html/Thames/thamescc-backend/vendor/laravel/framework/src/Illuminate/Console/Command.php(213): Illuminate\\Container\\Container->call()
#25 /var/www/html/Thames/thamescc-backend/vendor/symfony/console/Command/Command.php(279): Illuminate\\Console\\Command->execute()
#26 /var/www/html/Thames/thamescc-backend/vendor/laravel/framework/src/Illuminate/Console/Command.php(182): Symfony\\Component\\Console\\Command\\Command->run()
#27 /var/www/html/Thames/thamescc-backend/vendor/symfony/console/Application.php(1094): Illuminate\\Console\\Command->run()
#28 /var/www/html/Thames/thamescc-backend/vendor/symfony/console/Application.php(342): Symfony\\Component\\Console\\Application->doRunCommand()
#29 /var/www/html/Thames/thamescc-backend/vendor/symfony/console/Application.php(193): Symfony\\Component\\Console\\Application->doRun()
#30 /var/www/html/Thames/thamescc-backend/vendor/laravel/framework/src/Illuminate/Foundation/Console/Kernel.php(198): Symfony\\Component\\Console\\Application->run()
#31 /var/www/html/Thames/thamescc-backend/artisan(35): Illuminate\\Foundation\\Console\\Kernel->handle()
#32 {main}
"} 
[2025-06-18 16:08:37] local.ERROR: Undefined array key "pmp_or_not" {"exception":"[object] (ErrorException(code: 0): Undefined array key \"pmp_or_not\" at /var/www/html/Thames/thamescc-backend/packages/Webkul/Product/src/Repositories/ProductRepository.php:377)
[stacktrace]
#0 /var/www/html/Thames/thamescc-backend/vendor/laravel/framework/src/Illuminate/Foundation/Bootstrap/HandleExceptions.php(256): Illuminate\\Foundation\\Bootstrap\\HandleExceptions->handleError()
#1 /var/www/html/Thames/thamescc-backend/packages/Webkul/Product/src/Repositories/ProductRepository.php(377): Illuminate\\Foundation\\Bootstrap\\HandleExceptions->Illuminate\\Foundation\\Bootstrap\\{closure}()
#2 /var/www/html/Thames/thamescc-backend/vendor/laravel/framework/src/Illuminate/Database/Eloquent/Builder.php(325): Webkul\\Product\\Repositories\\ProductRepository->Webkul\\Product\\Repositories\\{closure}()
#3 /var/www/html/Thames/thamescc-backend/vendor/laravel/framework/src/Illuminate/Database/Eloquent/Builder.php(365): Illuminate\\Database\\Eloquent\\Builder->where()
#4 /var/www/html/Thames/thamescc-backend/packages/Webkul/Product/src/Repositories/ProductRepository.php(367): Illuminate\\Database\\Eloquent\\Builder->orWhere()
#5 /var/www/html/Thames/thamescc-backend/vendor/laravel/framework/src/Illuminate/Database/Eloquent/Builder.php(325): Webkul\\Product\\Repositories\\ProductRepository->Webkul\\Product\\Repositories\\{closure}()
#6 /var/www/html/Thames/thamescc-backend/packages/Webkul/Product/src/Repositories/ProductRepository.php(360): Illuminate\\Database\\Eloquent\\Builder->where()
#7 /var/www/html/Thames/thamescc-backend/vendor/prettus/l5-repository/src/Prettus/Repository/Eloquent/BaseRepository.php(1033): Webkul\\Product\\Repositories\\ProductRepository->Webkul\\Product\\Repositories\\{closure}()
#8 /var/www/html/Thames/thamescc-backend/vendor/prettus/l5-repository/src/Prettus/Repository/Eloquent/BaseRepository.php(485): Prettus\\Repository\\Eloquent\\BaseRepository->applyScope()
#9 /var/www/html/Thames/thamescc-backend/vendor/prettus/l5-repository/src/Prettus/Repository/Traits/CacheableRepository.php(238): Prettus\\Repository\\Eloquent\\BaseRepository->paginate()
#10 /var/www/html/Thames/thamescc-backend/packages/Webkul/Product/src/Repositories/ProductRepository.php(432): Webkul\\Core\\Eloquent\\Repository->paginate()
#11 /var/www/html/Thames/thamescc-backend/packages/Webkul/Product/src/Repositories/ProductRepository.php(213): Webkul\\Product\\Repositories\\ProductRepository->searchFromDatabase()
#12 /var/www/html/Thames/thamescc-backend/packages/Webkul/Shop/src/Http/Controllers/API/ProductController.php(34): Webkul\\Product\\Repositories\\ProductRepository->getAll()
#13 /var/www/html/Thames/thamescc-backend/vendor/laravel/framework/src/Illuminate/Routing/Controller.php(54): Webkul\\Shop\\Http\\Controllers\\API\\ProductController->index()
#14 /var/www/html/Thames/thamescc-backend/vendor/laravel/framework/src/Illuminate/Routing/ControllerDispatcher.php(44): Illuminate\\Routing\\Controller->callAction()
#15 /var/www/html/Thames/thamescc-backend/vendor/laravel/framework/src/Illuminate/Routing/Route.php(266): Illuminate\\Routing\\ControllerDispatcher->dispatch()
#16 /var/www/html/Thames/thamescc-backend/vendor/laravel/framework/src/Illuminate/Routing/Route.php(212): Illuminate\\Routing\\Route->runController()
#17 /var/www/html/Thames/thamescc-backend/vendor/laravel/framework/src/Illuminate/Routing/Router.php(808): Illuminate\\Routing\\Route->run()
#18 /var/www/html/Thames/thamescc-backend/vendor/laravel/framework/src/Illuminate/Pipeline/Pipeline.php(170): Illuminate\\Routing\\Router->Illuminate\\Routing\\{closure}()
#19 /var/www/html/Thames/thamescc-backend/packages/Webkul/Core/src/Http/Middleware/PreventRequestsDuringMaintenance.php(119): Illuminate\\Pipeline\\Pipeline->Illuminate\\Pipeline\\{closure}()
#20 /var/www/html/Thames/thamescc-backend/vendor/laravel/framework/src/Illuminate/Pipeline/Pipeline.php(209): Webkul\\Core\\Http\\Middleware\\PreventRequestsDuringMaintenance->handle()
#21 /var/www/html/Thames/thamescc-backend/packages/Webkul/Shop/src/Http/Middleware/Currency.php(40): Illuminate\\Pipeline\\Pipeline->Illuminate\\Pipeline\\{closure}()
#22 /var/www/html/Thames/thamescc-backend/vendor/laravel/framework/src/Illuminate/Pipeline/Pipeline.php(209): Webkul\\Shop\\Http\\Middleware\\Currency->handle()
#23 /var/www/html/Thames/thamescc-backend/packages/Webkul/Shop/src/Http/Middleware/Locale.php(40): Illuminate\\Pipeline\\Pipeline->Illuminate\\Pipeline\\{closure}()
#24 /var/www/html/Thames/thamescc-backend/vendor/laravel/framework/src/Illuminate/Pipeline/Pipeline.php(209): Webkul\\Shop\\Http\\Middleware\\Locale->handle()
#25 /var/www/html/Thames/thamescc-backend/packages/Webkul/Shop/src/Http/Middleware/Theme.php(32): Illuminate\\Pipeline\\Pipeline->Illuminate\\Pipeline\\{closure}()
#26 /var/www/html/Thames/thamescc-backend/vendor/laravel/framework/src/Illuminate/Pipeline/Pipeline.php(209): Webkul\\Shop\\Http\\Middleware\\Theme->handle()
#27 /var/www/html/Thames/thamescc-backend/vendor/barryvdh/laravel-debugbar/src/Middleware/InjectDebugbar.php(66): Illuminate\\Pipeline\\Pipeline->Illuminate\\Pipeline\\{closure}()
#28 /var/www/html/Thames/thamescc-backend/vendor/laravel/framework/src/Illuminate/Pipeline/Pipeline.php(209): Barryvdh\\Debugbar\\Middleware\\InjectDebugbar->handle()
#29 /var/www/html/Thames/thamescc-backend/vendor/laravel/framework/src/Illuminate/Routing/Middleware/SubstituteBindings.php(51): Illuminate\\Pipeline\\Pipeline->Illuminate\\Pipeline\\{closure}()
#30 /var/www/html/Thames/thamescc-backend/vendor/laravel/framework/src/Illuminate/Pipeline/Pipeline.php(209): Illuminate\\Routing\\Middleware\\SubstituteBindings->handle()
#31 /var/www/html/Thames/thamescc-backend/vendor/laravel/framework/src/Illuminate/Foundation/Http/Middleware/VerifyCsrfToken.php(88): Illuminate\\Pipeline\\Pipeline->Illuminate\\Pipeline\\{closure}()
#32 /var/www/html/Thames/thamescc-backend/vendor/laravel/framework/src/Illuminate/Pipeline/Pipeline.php(209): Illuminate\\Foundation\\Http\\Middleware\\VerifyCsrfToken->handle()
#33 /var/www/html/Thames/thamescc-backend/vendor/laravel/framework/src/Illuminate/View/Middleware/ShareErrorsFromSession.php(49): Illuminate\\Pipeline\\Pipeline->Illuminate\\Pipeline\\{closure}()
#34 /var/www/html/Thames/thamescc-backend/vendor/laravel/framework/src/Illuminate/Pipeline/Pipeline.php(209): Illuminate\\View\\Middleware\\ShareErrorsFromSession->handle()
#35 /var/www/html/Thames/thamescc-backend/vendor/laravel/framework/src/Illuminate/Session/Middleware/StartSession.php(121): Illuminate\\Pipeline\\Pipeline->Illuminate\\Pipeline\\{closure}()
#36 /var/www/html/Thames/thamescc-backend/vendor/laravel/framework/src/Illuminate/Session/Middleware/StartSession.php(64): Illuminate\\Session\\Middleware\\StartSession->handleStatefulRequest()
#37 /var/www/html/Thames/thamescc-backend/vendor/laravel/framework/src/Illuminate/Pipeline/Pipeline.php(209): Illuminate\\Session\\Middleware\\StartSession->handle()
#38 /var/www/html/Thames/thamescc-backend/vendor/laravel/framework/src/Illuminate/Cookie/Middleware/AddQueuedCookiesToResponse.php(37): Illuminate\\Pipeline\\Pipeline->Illuminate\\Pipeline\\{closure}()
#39 /var/www/html/Thames/thamescc-backend/vendor/laravel/framework/src/Illuminate/Pipeline/Pipeline.php(209): Illuminate\\Cookie\\Middleware\\AddQueuedCookiesToResponse->handle()
#40 /var/www/html/Thames/thamescc-backend/vendor/laravel/framework/src/Illuminate/Cookie/Middleware/EncryptCookies.php(75): Illuminate\\Pipeline\\Pipeline->Illuminate\\Pipeline\\{closure}()
#41 /var/www/html/Thames/thamescc-backend/vendor/laravel/framework/src/Illuminate/Pipeline/Pipeline.php(209): Illuminate\\Cookie\\Middleware\\EncryptCookies->handle()
#42 /var/www/html/Thames/thamescc-backend/vendor/laravel/framework/src/Illuminate/Pipeline/Pipeline.php(127): Illuminate\\Pipeline\\Pipeline->Illuminate\\Pipeline\\{closure}()
#43 /var/www/html/Thames/thamescc-backend/vendor/laravel/framework/src/Illuminate/Routing/Router.php(807): Illuminate\\Pipeline\\Pipeline->then()
#44 /var/www/html/Thames/thamescc-backend/vendor/laravel/framework/src/Illuminate/Routing/Router.php(786): Illuminate\\Routing\\Router->runRouteWithinStack()
#45 /var/www/html/Thames/thamescc-backend/vendor/laravel/framework/src/Illuminate/Routing/Router.php(750): Illuminate\\Routing\\Router->runRoute()
#46 /var/www/html/Thames/thamescc-backend/vendor/laravel/framework/src/Illuminate/Routing/Router.php(739): Illuminate\\Routing\\Router->dispatchToRoute()
#47 /var/www/html/Thames/thamescc-backend/vendor/laravel/framework/src/Illuminate/Foundation/Http/Kernel.php(201): Illuminate\\Routing\\Router->dispatch()
#48 /var/www/html/Thames/thamescc-backend/vendor/laravel/framework/src/Illuminate/Pipeline/Pipeline.php(170): Illuminate\\Foundation\\Http\\Kernel->Illuminate\\Foundation\\Http\\{closure}()
#49 /var/www/html/Thames/thamescc-backend/vendor/barryvdh/laravel-debugbar/src/Middleware/InjectDebugbar.php(66): Illuminate\\Pipeline\\Pipeline->Illuminate\\Pipeline\\{closure}()
#50 /var/www/html/Thames/thamescc-backend/vendor/laravel/framework/src/Illuminate/Pipeline/Pipeline.php(209): Barryvdh\\Debugbar\\Middleware\\InjectDebugbar->handle()
#51 /var/www/html/Thames/thamescc-backend/packages/Webkul/Installer/src/Http/Middleware/CanInstall.php(30): Illuminate\\Pipeline\\Pipeline->Illuminate\\Pipeline\\{closure}()
#52 /var/www/html/Thames/thamescc-backend/vendor/laravel/framework/src/Illuminate/Pipeline/Pipeline.php(209): Webkul\\Installer\\Http\\Middleware\\CanInstall->handle()
#53 /var/www/html/Thames/thamescc-backend/packages/Webkul/Core/src/Http/Middleware/SecureHeaders.php(29): Illuminate\\Pipeline\\Pipeline->Illuminate\\Pipeline\\{closure}()
#54 /var/www/html/Thames/thamescc-backend/vendor/laravel/framework/src/Illuminate/Pipeline/Pipeline.php(209): Webkul\\Core\\Http\\Middleware\\SecureHeaders->handle()
#55 /var/www/html/Thames/thamescc-backend/vendor/laravel/framework/src/Illuminate/Foundation/Http/Middleware/TransformsRequest.php(21): Illuminate\\Pipeline\\Pipeline->Illuminate\\Pipeline\\{closure}()
#56 /var/www/html/Thames/thamescc-backend/vendor/laravel/framework/src/Illuminate/Foundation/Http/Middleware/TrimStrings.php(51): Illuminate\\Foundation\\Http\\Middleware\\TransformsRequest->handle()
#57 /var/www/html/Thames/thamescc-backend/vendor/laravel/framework/src/Illuminate/Pipeline/Pipeline.php(209): Illuminate\\Foundation\\Http\\Middleware\\TrimStrings->handle()
#58 /var/www/html/Thames/thamescc-backend/vendor/laravel/framework/src/Illuminate/Http/Middleware/ValidatePostSize.php(27): Illuminate\\Pipeline\\Pipeline->Illuminate\\Pipeline\\{closure}()
#59 /var/www/html/Thames/thamescc-backend/vendor/laravel/framework/src/Illuminate/Pipeline/Pipeline.php(209): Illuminate\\Http\\Middleware\\ValidatePostSize->handle()
#60 /var/www/html/Thames/thamescc-backend/vendor/laravel/framework/src/Illuminate/Http/Middleware/HandleCors.php(62): Illuminate\\Pipeline\\Pipeline->Illuminate\\Pipeline\\{closure}()
#61 /var/www/html/Thames/thamescc-backend/vendor/laravel/framework/src/Illuminate/Pipeline/Pipeline.php(209): Illuminate\\Http\\Middleware\\HandleCors->handle()
#62 /var/www/html/Thames/thamescc-backend/vendor/laravel/framework/src/Illuminate/Http/Middleware/TrustProxies.php(58): Illuminate\\Pipeline\\Pipeline->Illuminate\\Pipeline\\{closure}()
#63 /var/www/html/Thames/thamescc-backend/vendor/laravel/framework/src/Illuminate/Pipeline/Pipeline.php(209): Illuminate\\Http\\Middleware\\TrustProxies->handle()
#64 /var/www/html/Thames/thamescc-backend/vendor/laravel/framework/src/Illuminate/Foundation/Http/Middleware/InvokeDeferredCallbacks.php(22): Illuminate\\Pipeline\\Pipeline->Illuminate\\Pipeline\\{closure}()
#65 /var/www/html/Thames/thamescc-backend/vendor/laravel/framework/src/Illuminate/Pipeline/Pipeline.php(209): Illuminate\\Foundation\\Http\\Middleware\\InvokeDeferredCallbacks->handle()
#66 /var/www/html/Thames/thamescc-backend/vendor/laravel/framework/src/Illuminate/Pipeline/Pipeline.php(127): Illuminate\\Pipeline\\Pipeline->Illuminate\\Pipeline\\{closure}()
#67 /var/www/html/Thames/thamescc-backend/vendor/laravel/framework/src/Illuminate/Foundation/Http/Kernel.php(176): Illuminate\\Pipeline\\Pipeline->then()
#68 /var/www/html/Thames/thamescc-backend/vendor/laravel/framework/src/Illuminate/Foundation/Http/Kernel.php(145): Illuminate\\Foundation\\Http\\Kernel->sendRequestThroughRouter()
#69 /var/www/html/Thames/thamescc-backend/public/index.php(51): Illuminate\\Foundation\\Http\\Kernel->handle()
#70 /var/www/html/Thames/thamescc-backend/vendor/laravel/framework/src/Illuminate/Foundation/resources/server.php(23): require_once('...')
#71 {main}
"} 
[2025-06-18 16:09:21] local.ERROR: Undefined array key "prom_id" {"exception":"[object] (ErrorException(code: 0): Undefined array key \"prom_id\" at /var/www/html/Thames/thamescc-backend/packages/Webkul/Product/src/Repositories/ProductRepository.php:377)
[stacktrace]
#0 /var/www/html/Thames/thamescc-backend/vendor/laravel/framework/src/Illuminate/Foundation/Bootstrap/HandleExceptions.php(256): Illuminate\\Foundation\\Bootstrap\\HandleExceptions->handleError()
#1 /var/www/html/Thames/thamescc-backend/packages/Webkul/Product/src/Repositories/ProductRepository.php(377): Illuminate\\Foundation\\Bootstrap\\HandleExceptions->Illuminate\\Foundation\\Bootstrap\\{closure}()
#2 /var/www/html/Thames/thamescc-backend/vendor/laravel/framework/src/Illuminate/Database/Eloquent/Builder.php(325): Webkul\\Product\\Repositories\\ProductRepository->Webkul\\Product\\Repositories\\{closure}()
#3 /var/www/html/Thames/thamescc-backend/vendor/laravel/framework/src/Illuminate/Database/Eloquent/Builder.php(365): Illuminate\\Database\\Eloquent\\Builder->where()
#4 /var/www/html/Thames/thamescc-backend/packages/Webkul/Product/src/Repositories/ProductRepository.php(367): Illuminate\\Database\\Eloquent\\Builder->orWhere()
#5 /var/www/html/Thames/thamescc-backend/vendor/laravel/framework/src/Illuminate/Database/Eloquent/Builder.php(325): Webkul\\Product\\Repositories\\ProductRepository->Webkul\\Product\\Repositories\\{closure}()
#6 /var/www/html/Thames/thamescc-backend/packages/Webkul/Product/src/Repositories/ProductRepository.php(360): Illuminate\\Database\\Eloquent\\Builder->where()
#7 /var/www/html/Thames/thamescc-backend/vendor/prettus/l5-repository/src/Prettus/Repository/Eloquent/BaseRepository.php(1033): Webkul\\Product\\Repositories\\ProductRepository->Webkul\\Product\\Repositories\\{closure}()
#8 /var/www/html/Thames/thamescc-backend/vendor/prettus/l5-repository/src/Prettus/Repository/Eloquent/BaseRepository.php(485): Prettus\\Repository\\Eloquent\\BaseRepository->applyScope()
#9 /var/www/html/Thames/thamescc-backend/vendor/prettus/l5-repository/src/Prettus/Repository/Traits/CacheableRepository.php(238): Prettus\\Repository\\Eloquent\\BaseRepository->paginate()
#10 /var/www/html/Thames/thamescc-backend/packages/Webkul/Product/src/Repositories/ProductRepository.php(432): Webkul\\Core\\Eloquent\\Repository->paginate()
#11 /var/www/html/Thames/thamescc-backend/packages/Webkul/Product/src/Repositories/ProductRepository.php(213): Webkul\\Product\\Repositories\\ProductRepository->searchFromDatabase()
#12 /var/www/html/Thames/thamescc-backend/packages/Webkul/Shop/src/Http/Controllers/API/ProductController.php(34): Webkul\\Product\\Repositories\\ProductRepository->getAll()
#13 /var/www/html/Thames/thamescc-backend/vendor/laravel/framework/src/Illuminate/Routing/Controller.php(54): Webkul\\Shop\\Http\\Controllers\\API\\ProductController->index()
#14 /var/www/html/Thames/thamescc-backend/vendor/laravel/framework/src/Illuminate/Routing/ControllerDispatcher.php(44): Illuminate\\Routing\\Controller->callAction()
#15 /var/www/html/Thames/thamescc-backend/vendor/laravel/framework/src/Illuminate/Routing/Route.php(266): Illuminate\\Routing\\ControllerDispatcher->dispatch()
#16 /var/www/html/Thames/thamescc-backend/vendor/laravel/framework/src/Illuminate/Routing/Route.php(212): Illuminate\\Routing\\Route->runController()
#17 /var/www/html/Thames/thamescc-backend/vendor/laravel/framework/src/Illuminate/Routing/Router.php(808): Illuminate\\Routing\\Route->run()
#18 /var/www/html/Thames/thamescc-backend/vendor/laravel/framework/src/Illuminate/Pipeline/Pipeline.php(170): Illuminate\\Routing\\Router->Illuminate\\Routing\\{closure}()
#19 /var/www/html/Thames/thamescc-backend/packages/Webkul/Core/src/Http/Middleware/PreventRequestsDuringMaintenance.php(119): Illuminate\\Pipeline\\Pipeline->Illuminate\\Pipeline\\{closure}()
#20 /var/www/html/Thames/thamescc-backend/vendor/laravel/framework/src/Illuminate/Pipeline/Pipeline.php(209): Webkul\\Core\\Http\\Middleware\\PreventRequestsDuringMaintenance->handle()
#21 /var/www/html/Thames/thamescc-backend/packages/Webkul/Shop/src/Http/Middleware/Currency.php(40): Illuminate\\Pipeline\\Pipeline->Illuminate\\Pipeline\\{closure}()
#22 /var/www/html/Thames/thamescc-backend/vendor/laravel/framework/src/Illuminate/Pipeline/Pipeline.php(209): Webkul\\Shop\\Http\\Middleware\\Currency->handle()
#23 /var/www/html/Thames/thamescc-backend/packages/Webkul/Shop/src/Http/Middleware/Locale.php(40): Illuminate\\Pipeline\\Pipeline->Illuminate\\Pipeline\\{closure}()
#24 /var/www/html/Thames/thamescc-backend/vendor/laravel/framework/src/Illuminate/Pipeline/Pipeline.php(209): Webkul\\Shop\\Http\\Middleware\\Locale->handle()
#25 /var/www/html/Thames/thamescc-backend/packages/Webkul/Shop/src/Http/Middleware/Theme.php(32): Illuminate\\Pipeline\\Pipeline->Illuminate\\Pipeline\\{closure}()
#26 /var/www/html/Thames/thamescc-backend/vendor/laravel/framework/src/Illuminate/Pipeline/Pipeline.php(209): Webkul\\Shop\\Http\\Middleware\\Theme->handle()
#27 /var/www/html/Thames/thamescc-backend/vendor/barryvdh/laravel-debugbar/src/Middleware/InjectDebugbar.php(66): Illuminate\\Pipeline\\Pipeline->Illuminate\\Pipeline\\{closure}()
#28 /var/www/html/Thames/thamescc-backend/vendor/laravel/framework/src/Illuminate/Pipeline/Pipeline.php(209): Barryvdh\\Debugbar\\Middleware\\InjectDebugbar->handle()
#29 /var/www/html/Thames/thamescc-backend/vendor/laravel/framework/src/Illuminate/Routing/Middleware/SubstituteBindings.php(51): Illuminate\\Pipeline\\Pipeline->Illuminate\\Pipeline\\{closure}()
#30 /var/www/html/Thames/thamescc-backend/vendor/laravel/framework/src/Illuminate/Pipeline/Pipeline.php(209): Illuminate\\Routing\\Middleware\\SubstituteBindings->handle()
#31 /var/www/html/Thames/thamescc-backend/vendor/laravel/framework/src/Illuminate/Foundation/Http/Middleware/VerifyCsrfToken.php(88): Illuminate\\Pipeline\\Pipeline->Illuminate\\Pipeline\\{closure}()
#32 /var/www/html/Thames/thamescc-backend/vendor/laravel/framework/src/Illuminate/Pipeline/Pipeline.php(209): Illuminate\\Foundation\\Http\\Middleware\\VerifyCsrfToken->handle()
#33 /var/www/html/Thames/thamescc-backend/vendor/laravel/framework/src/Illuminate/View/Middleware/ShareErrorsFromSession.php(49): Illuminate\\Pipeline\\Pipeline->Illuminate\\Pipeline\\{closure}()
#34 /var/www/html/Thames/thamescc-backend/vendor/laravel/framework/src/Illuminate/Pipeline/Pipeline.php(209): Illuminate\\View\\Middleware\\ShareErrorsFromSession->handle()
#35 /var/www/html/Thames/thamescc-backend/vendor/laravel/framework/src/Illuminate/Session/Middleware/StartSession.php(121): Illuminate\\Pipeline\\Pipeline->Illuminate\\Pipeline\\{closure}()
#36 /var/www/html/Thames/thamescc-backend/vendor/laravel/framework/src/Illuminate/Session/Middleware/StartSession.php(64): Illuminate\\Session\\Middleware\\StartSession->handleStatefulRequest()
#37 /var/www/html/Thames/thamescc-backend/vendor/laravel/framework/src/Illuminate/Pipeline/Pipeline.php(209): Illuminate\\Session\\Middleware\\StartSession->handle()
#38 /var/www/html/Thames/thamescc-backend/vendor/laravel/framework/src/Illuminate/Cookie/Middleware/AddQueuedCookiesToResponse.php(37): Illuminate\\Pipeline\\Pipeline->Illuminate\\Pipeline\\{closure}()
#39 /var/www/html/Thames/thamescc-backend/vendor/laravel/framework/src/Illuminate/Pipeline/Pipeline.php(209): Illuminate\\Cookie\\Middleware\\AddQueuedCookiesToResponse->handle()
#40 /var/www/html/Thames/thamescc-backend/vendor/laravel/framework/src/Illuminate/Cookie/Middleware/EncryptCookies.php(75): Illuminate\\Pipeline\\Pipeline->Illuminate\\Pipeline\\{closure}()
#41 /var/www/html/Thames/thamescc-backend/vendor/laravel/framework/src/Illuminate/Pipeline/Pipeline.php(209): Illuminate\\Cookie\\Middleware\\EncryptCookies->handle()
#42 /var/www/html/Thames/thamescc-backend/vendor/laravel/framework/src/Illuminate/Pipeline/Pipeline.php(127): Illuminate\\Pipeline\\Pipeline->Illuminate\\Pipeline\\{closure}()
#43 /var/www/html/Thames/thamescc-backend/vendor/laravel/framework/src/Illuminate/Routing/Router.php(807): Illuminate\\Pipeline\\Pipeline->then()
#44 /var/www/html/Thames/thamescc-backend/vendor/laravel/framework/src/Illuminate/Routing/Router.php(786): Illuminate\\Routing\\Router->runRouteWithinStack()
#45 /var/www/html/Thames/thamescc-backend/vendor/laravel/framework/src/Illuminate/Routing/Router.php(750): Illuminate\\Routing\\Router->runRoute()
#46 /var/www/html/Thames/thamescc-backend/vendor/laravel/framework/src/Illuminate/Routing/Router.php(739): Illuminate\\Routing\\Router->dispatchToRoute()
#47 /var/www/html/Thames/thamescc-backend/vendor/laravel/framework/src/Illuminate/Foundation/Http/Kernel.php(201): Illuminate\\Routing\\Router->dispatch()
#48 /var/www/html/Thames/thamescc-backend/vendor/laravel/framework/src/Illuminate/Pipeline/Pipeline.php(170): Illuminate\\Foundation\\Http\\Kernel->Illuminate\\Foundation\\Http\\{closure}()
#49 /var/www/html/Thames/thamescc-backend/vendor/barryvdh/laravel-debugbar/src/Middleware/InjectDebugbar.php(66): Illuminate\\Pipeline\\Pipeline->Illuminate\\Pipeline\\{closure}()
#50 /var/www/html/Thames/thamescc-backend/vendor/laravel/framework/src/Illuminate/Pipeline/Pipeline.php(209): Barryvdh\\Debugbar\\Middleware\\InjectDebugbar->handle()
#51 /var/www/html/Thames/thamescc-backend/packages/Webkul/Installer/src/Http/Middleware/CanInstall.php(30): Illuminate\\Pipeline\\Pipeline->Illuminate\\Pipeline\\{closure}()
#52 /var/www/html/Thames/thamescc-backend/vendor/laravel/framework/src/Illuminate/Pipeline/Pipeline.php(209): Webkul\\Installer\\Http\\Middleware\\CanInstall->handle()
#53 /var/www/html/Thames/thamescc-backend/packages/Webkul/Core/src/Http/Middleware/SecureHeaders.php(29): Illuminate\\Pipeline\\Pipeline->Illuminate\\Pipeline\\{closure}()
#54 /var/www/html/Thames/thamescc-backend/vendor/laravel/framework/src/Illuminate/Pipeline/Pipeline.php(209): Webkul\\Core\\Http\\Middleware\\SecureHeaders->handle()
#55 /var/www/html/Thames/thamescc-backend/vendor/laravel/framework/src/Illuminate/Foundation/Http/Middleware/TransformsRequest.php(21): Illuminate\\Pipeline\\Pipeline->Illuminate\\Pipeline\\{closure}()
#56 /var/www/html/Thames/thamescc-backend/vendor/laravel/framework/src/Illuminate/Foundation/Http/Middleware/TrimStrings.php(51): Illuminate\\Foundation\\Http\\Middleware\\TransformsRequest->handle()
#57 /var/www/html/Thames/thamescc-backend/vendor/laravel/framework/src/Illuminate/Pipeline/Pipeline.php(209): Illuminate\\Foundation\\Http\\Middleware\\TrimStrings->handle()
#58 /var/www/html/Thames/thamescc-backend/vendor/laravel/framework/src/Illuminate/Http/Middleware/ValidatePostSize.php(27): Illuminate\\Pipeline\\Pipeline->Illuminate\\Pipeline\\{closure}()
#59 /var/www/html/Thames/thamescc-backend/vendor/laravel/framework/src/Illuminate/Pipeline/Pipeline.php(209): Illuminate\\Http\\Middleware\\ValidatePostSize->handle()
#60 /var/www/html/Thames/thamescc-backend/vendor/laravel/framework/src/Illuminate/Http/Middleware/HandleCors.php(62): Illuminate\\Pipeline\\Pipeline->Illuminate\\Pipeline\\{closure}()
#61 /var/www/html/Thames/thamescc-backend/vendor/laravel/framework/src/Illuminate/Pipeline/Pipeline.php(209): Illuminate\\Http\\Middleware\\HandleCors->handle()
#62 /var/www/html/Thames/thamescc-backend/vendor/laravel/framework/src/Illuminate/Http/Middleware/TrustProxies.php(58): Illuminate\\Pipeline\\Pipeline->Illuminate\\Pipeline\\{closure}()
#63 /var/www/html/Thames/thamescc-backend/vendor/laravel/framework/src/Illuminate/Pipeline/Pipeline.php(209): Illuminate\\Http\\Middleware\\TrustProxies->handle()
#64 /var/www/html/Thames/thamescc-backend/vendor/laravel/framework/src/Illuminate/Foundation/Http/Middleware/InvokeDeferredCallbacks.php(22): Illuminate\\Pipeline\\Pipeline->Illuminate\\Pipeline\\{closure}()
#65 /var/www/html/Thames/thamescc-backend/vendor/laravel/framework/src/Illuminate/Pipeline/Pipeline.php(209): Illuminate\\Foundation\\Http\\Middleware\\InvokeDeferredCallbacks->handle()
#66 /var/www/html/Thames/thamescc-backend/vendor/laravel/framework/src/Illuminate/Pipeline/Pipeline.php(127): Illuminate\\Pipeline\\Pipeline->Illuminate\\Pipeline\\{closure}()
#67 /var/www/html/Thames/thamescc-backend/vendor/laravel/framework/src/Illuminate/Foundation/Http/Kernel.php(176): Illuminate\\Pipeline\\Pipeline->then()
#68 /var/www/html/Thames/thamescc-backend/vendor/laravel/framework/src/Illuminate/Foundation/Http/Kernel.php(145): Illuminate\\Foundation\\Http\\Kernel->sendRequestThroughRouter()
#69 /var/www/html/Thames/thamescc-backend/public/index.php(51): Illuminate\\Foundation\\Http\\Kernel->handle()
#70 /var/www/html/Thames/thamescc-backend/vendor/laravel/framework/src/Illuminate/Foundation/resources/server.php(23): require_once('...')
#71 {main}
"} 
[2025-06-18 16:09:56] local.ERROR: Undefined array key "pmp_or_not" {"exception":"[object] (ErrorException(code: 0): Undefined array key \"pmp_or_not\" at /var/www/html/Thames/thamescc-backend/packages/Webkul/Product/src/Repositories/ProductRepository.php:377)
[stacktrace]
#0 /var/www/html/Thames/thamescc-backend/vendor/laravel/framework/src/Illuminate/Foundation/Bootstrap/HandleExceptions.php(256): Illuminate\\Foundation\\Bootstrap\\HandleExceptions->handleError()
#1 /var/www/html/Thames/thamescc-backend/packages/Webkul/Product/src/Repositories/ProductRepository.php(377): Illuminate\\Foundation\\Bootstrap\\HandleExceptions->Illuminate\\Foundation\\Bootstrap\\{closure}()
#2 /var/www/html/Thames/thamescc-backend/vendor/laravel/framework/src/Illuminate/Database/Eloquent/Builder.php(325): Webkul\\Product\\Repositories\\ProductRepository->Webkul\\Product\\Repositories\\{closure}()
#3 /var/www/html/Thames/thamescc-backend/vendor/laravel/framework/src/Illuminate/Database/Eloquent/Builder.php(365): Illuminate\\Database\\Eloquent\\Builder->where()
#4 /var/www/html/Thames/thamescc-backend/packages/Webkul/Product/src/Repositories/ProductRepository.php(367): Illuminate\\Database\\Eloquent\\Builder->orWhere()
#5 /var/www/html/Thames/thamescc-backend/vendor/laravel/framework/src/Illuminate/Database/Eloquent/Builder.php(325): Webkul\\Product\\Repositories\\ProductRepository->Webkul\\Product\\Repositories\\{closure}()
#6 /var/www/html/Thames/thamescc-backend/packages/Webkul/Product/src/Repositories/ProductRepository.php(360): Illuminate\\Database\\Eloquent\\Builder->where()
#7 /var/www/html/Thames/thamescc-backend/vendor/prettus/l5-repository/src/Prettus/Repository/Eloquent/BaseRepository.php(1033): Webkul\\Product\\Repositories\\ProductRepository->Webkul\\Product\\Repositories\\{closure}()
#8 /var/www/html/Thames/thamescc-backend/vendor/prettus/l5-repository/src/Prettus/Repository/Eloquent/BaseRepository.php(485): Prettus\\Repository\\Eloquent\\BaseRepository->applyScope()
#9 /var/www/html/Thames/thamescc-backend/vendor/prettus/l5-repository/src/Prettus/Repository/Traits/CacheableRepository.php(238): Prettus\\Repository\\Eloquent\\BaseRepository->paginate()
#10 /var/www/html/Thames/thamescc-backend/packages/Webkul/Product/src/Repositories/ProductRepository.php(432): Webkul\\Core\\Eloquent\\Repository->paginate()
#11 /var/www/html/Thames/thamescc-backend/packages/Webkul/Product/src/Repositories/ProductRepository.php(213): Webkul\\Product\\Repositories\\ProductRepository->searchFromDatabase()
#12 /var/www/html/Thames/thamescc-backend/packages/Webkul/Shop/src/Http/Controllers/API/ProductController.php(34): Webkul\\Product\\Repositories\\ProductRepository->getAll()
#13 /var/www/html/Thames/thamescc-backend/vendor/laravel/framework/src/Illuminate/Routing/Controller.php(54): Webkul\\Shop\\Http\\Controllers\\API\\ProductController->index()
#14 /var/www/html/Thames/thamescc-backend/vendor/laravel/framework/src/Illuminate/Routing/ControllerDispatcher.php(44): Illuminate\\Routing\\Controller->callAction()
#15 /var/www/html/Thames/thamescc-backend/vendor/laravel/framework/src/Illuminate/Routing/Route.php(266): Illuminate\\Routing\\ControllerDispatcher->dispatch()
#16 /var/www/html/Thames/thamescc-backend/vendor/laravel/framework/src/Illuminate/Routing/Route.php(212): Illuminate\\Routing\\Route->runController()
#17 /var/www/html/Thames/thamescc-backend/vendor/laravel/framework/src/Illuminate/Routing/Router.php(808): Illuminate\\Routing\\Route->run()
#18 /var/www/html/Thames/thamescc-backend/vendor/laravel/framework/src/Illuminate/Pipeline/Pipeline.php(170): Illuminate\\Routing\\Router->Illuminate\\Routing\\{closure}()
#19 /var/www/html/Thames/thamescc-backend/packages/Webkul/Core/src/Http/Middleware/PreventRequestsDuringMaintenance.php(119): Illuminate\\Pipeline\\Pipeline->Illuminate\\Pipeline\\{closure}()
#20 /var/www/html/Thames/thamescc-backend/vendor/laravel/framework/src/Illuminate/Pipeline/Pipeline.php(209): Webkul\\Core\\Http\\Middleware\\PreventRequestsDuringMaintenance->handle()
#21 /var/www/html/Thames/thamescc-backend/packages/Webkul/Shop/src/Http/Middleware/Currency.php(40): Illuminate\\Pipeline\\Pipeline->Illuminate\\Pipeline\\{closure}()
#22 /var/www/html/Thames/thamescc-backend/vendor/laravel/framework/src/Illuminate/Pipeline/Pipeline.php(209): Webkul\\Shop\\Http\\Middleware\\Currency->handle()
#23 /var/www/html/Thames/thamescc-backend/packages/Webkul/Shop/src/Http/Middleware/Locale.php(40): Illuminate\\Pipeline\\Pipeline->Illuminate\\Pipeline\\{closure}()
#24 /var/www/html/Thames/thamescc-backend/vendor/laravel/framework/src/Illuminate/Pipeline/Pipeline.php(209): Webkul\\Shop\\Http\\Middleware\\Locale->handle()
#25 /var/www/html/Thames/thamescc-backend/packages/Webkul/Shop/src/Http/Middleware/Theme.php(32): Illuminate\\Pipeline\\Pipeline->Illuminate\\Pipeline\\{closure}()
#26 /var/www/html/Thames/thamescc-backend/vendor/laravel/framework/src/Illuminate/Pipeline/Pipeline.php(209): Webkul\\Shop\\Http\\Middleware\\Theme->handle()
#27 /var/www/html/Thames/thamescc-backend/vendor/barryvdh/laravel-debugbar/src/Middleware/InjectDebugbar.php(66): Illuminate\\Pipeline\\Pipeline->Illuminate\\Pipeline\\{closure}()
#28 /var/www/html/Thames/thamescc-backend/vendor/laravel/framework/src/Illuminate/Pipeline/Pipeline.php(209): Barryvdh\\Debugbar\\Middleware\\InjectDebugbar->handle()
#29 /var/www/html/Thames/thamescc-backend/vendor/laravel/framework/src/Illuminate/Routing/Middleware/SubstituteBindings.php(51): Illuminate\\Pipeline\\Pipeline->Illuminate\\Pipeline\\{closure}()
#30 /var/www/html/Thames/thamescc-backend/vendor/laravel/framework/src/Illuminate/Pipeline/Pipeline.php(209): Illuminate\\Routing\\Middleware\\SubstituteBindings->handle()
#31 /var/www/html/Thames/thamescc-backend/vendor/laravel/framework/src/Illuminate/Foundation/Http/Middleware/VerifyCsrfToken.php(88): Illuminate\\Pipeline\\Pipeline->Illuminate\\Pipeline\\{closure}()
#32 /var/www/html/Thames/thamescc-backend/vendor/laravel/framework/src/Illuminate/Pipeline/Pipeline.php(209): Illuminate\\Foundation\\Http\\Middleware\\VerifyCsrfToken->handle()
#33 /var/www/html/Thames/thamescc-backend/vendor/laravel/framework/src/Illuminate/View/Middleware/ShareErrorsFromSession.php(49): Illuminate\\Pipeline\\Pipeline->Illuminate\\Pipeline\\{closure}()
#34 /var/www/html/Thames/thamescc-backend/vendor/laravel/framework/src/Illuminate/Pipeline/Pipeline.php(209): Illuminate\\View\\Middleware\\ShareErrorsFromSession->handle()
#35 /var/www/html/Thames/thamescc-backend/vendor/laravel/framework/src/Illuminate/Session/Middleware/StartSession.php(121): Illuminate\\Pipeline\\Pipeline->Illuminate\\Pipeline\\{closure}()
#36 /var/www/html/Thames/thamescc-backend/vendor/laravel/framework/src/Illuminate/Session/Middleware/StartSession.php(64): Illuminate\\Session\\Middleware\\StartSession->handleStatefulRequest()
#37 /var/www/html/Thames/thamescc-backend/vendor/laravel/framework/src/Illuminate/Pipeline/Pipeline.php(209): Illuminate\\Session\\Middleware\\StartSession->handle()
#38 /var/www/html/Thames/thamescc-backend/vendor/laravel/framework/src/Illuminate/Cookie/Middleware/AddQueuedCookiesToResponse.php(37): Illuminate\\Pipeline\\Pipeline->Illuminate\\Pipeline\\{closure}()
#39 /var/www/html/Thames/thamescc-backend/vendor/laravel/framework/src/Illuminate/Pipeline/Pipeline.php(209): Illuminate\\Cookie\\Middleware\\AddQueuedCookiesToResponse->handle()
#40 /var/www/html/Thames/thamescc-backend/vendor/laravel/framework/src/Illuminate/Cookie/Middleware/EncryptCookies.php(75): Illuminate\\Pipeline\\Pipeline->Illuminate\\Pipeline\\{closure}()
#41 /var/www/html/Thames/thamescc-backend/vendor/laravel/framework/src/Illuminate/Pipeline/Pipeline.php(209): Illuminate\\Cookie\\Middleware\\EncryptCookies->handle()
#42 /var/www/html/Thames/thamescc-backend/vendor/laravel/framework/src/Illuminate/Pipeline/Pipeline.php(127): Illuminate\\Pipeline\\Pipeline->Illuminate\\Pipeline\\{closure}()
#43 /var/www/html/Thames/thamescc-backend/vendor/laravel/framework/src/Illuminate/Routing/Router.php(807): Illuminate\\Pipeline\\Pipeline->then()
#44 /var/www/html/Thames/thamescc-backend/vendor/laravel/framework/src/Illuminate/Routing/Router.php(786): Illuminate\\Routing\\Router->runRouteWithinStack()
#45 /var/www/html/Thames/thamescc-backend/vendor/laravel/framework/src/Illuminate/Routing/Router.php(750): Illuminate\\Routing\\Router->runRoute()
#46 /var/www/html/Thames/thamescc-backend/vendor/laravel/framework/src/Illuminate/Routing/Router.php(739): Illuminate\\Routing\\Router->dispatchToRoute()
#47 /var/www/html/Thames/thamescc-backend/vendor/laravel/framework/src/Illuminate/Foundation/Http/Kernel.php(201): Illuminate\\Routing\\Router->dispatch()
#48 /var/www/html/Thames/thamescc-backend/vendor/laravel/framework/src/Illuminate/Pipeline/Pipeline.php(170): Illuminate\\Foundation\\Http\\Kernel->Illuminate\\Foundation\\Http\\{closure}()
#49 /var/www/html/Thames/thamescc-backend/vendor/barryvdh/laravel-debugbar/src/Middleware/InjectDebugbar.php(66): Illuminate\\Pipeline\\Pipeline->Illuminate\\Pipeline\\{closure}()
#50 /var/www/html/Thames/thamescc-backend/vendor/laravel/framework/src/Illuminate/Pipeline/Pipeline.php(209): Barryvdh\\Debugbar\\Middleware\\InjectDebugbar->handle()
#51 /var/www/html/Thames/thamescc-backend/packages/Webkul/Installer/src/Http/Middleware/CanInstall.php(30): Illuminate\\Pipeline\\Pipeline->Illuminate\\Pipeline\\{closure}()
#52 /var/www/html/Thames/thamescc-backend/vendor/laravel/framework/src/Illuminate/Pipeline/Pipeline.php(209): Webkul\\Installer\\Http\\Middleware\\CanInstall->handle()
#53 /var/www/html/Thames/thamescc-backend/packages/Webkul/Core/src/Http/Middleware/SecureHeaders.php(29): Illuminate\\Pipeline\\Pipeline->Illuminate\\Pipeline\\{closure}()
#54 /var/www/html/Thames/thamescc-backend/vendor/laravel/framework/src/Illuminate/Pipeline/Pipeline.php(209): Webkul\\Core\\Http\\Middleware\\SecureHeaders->handle()
#55 /var/www/html/Thames/thamescc-backend/vendor/laravel/framework/src/Illuminate/Foundation/Http/Middleware/TransformsRequest.php(21): Illuminate\\Pipeline\\Pipeline->Illuminate\\Pipeline\\{closure}()
#56 /var/www/html/Thames/thamescc-backend/vendor/laravel/framework/src/Illuminate/Foundation/Http/Middleware/TrimStrings.php(51): Illuminate\\Foundation\\Http\\Middleware\\TransformsRequest->handle()
#57 /var/www/html/Thames/thamescc-backend/vendor/laravel/framework/src/Illuminate/Pipeline/Pipeline.php(209): Illuminate\\Foundation\\Http\\Middleware\\TrimStrings->handle()
#58 /var/www/html/Thames/thamescc-backend/vendor/laravel/framework/src/Illuminate/Http/Middleware/ValidatePostSize.php(27): Illuminate\\Pipeline\\Pipeline->Illuminate\\Pipeline\\{closure}()
#59 /var/www/html/Thames/thamescc-backend/vendor/laravel/framework/src/Illuminate/Pipeline/Pipeline.php(209): Illuminate\\Http\\Middleware\\ValidatePostSize->handle()
#60 /var/www/html/Thames/thamescc-backend/vendor/laravel/framework/src/Illuminate/Http/Middleware/HandleCors.php(62): Illuminate\\Pipeline\\Pipeline->Illuminate\\Pipeline\\{closure}()
#61 /var/www/html/Thames/thamescc-backend/vendor/laravel/framework/src/Illuminate/Pipeline/Pipeline.php(209): Illuminate\\Http\\Middleware\\HandleCors->handle()
#62 /var/www/html/Thames/thamescc-backend/vendor/laravel/framework/src/Illuminate/Http/Middleware/TrustProxies.php(58): Illuminate\\Pipeline\\Pipeline->Illuminate\\Pipeline\\{closure}()
#63 /var/www/html/Thames/thamescc-backend/vendor/laravel/framework/src/Illuminate/Pipeline/Pipeline.php(209): Illuminate\\Http\\Middleware\\TrustProxies->handle()
#64 /var/www/html/Thames/thamescc-backend/vendor/laravel/framework/src/Illuminate/Foundation/Http/Middleware/InvokeDeferredCallbacks.php(22): Illuminate\\Pipeline\\Pipeline->Illuminate\\Pipeline\\{closure}()
#65 /var/www/html/Thames/thamescc-backend/vendor/laravel/framework/src/Illuminate/Pipeline/Pipeline.php(209): Illuminate\\Foundation\\Http\\Middleware\\InvokeDeferredCallbacks->handle()
#66 /var/www/html/Thames/thamescc-backend/vendor/laravel/framework/src/Illuminate/Pipeline/Pipeline.php(127): Illuminate\\Pipeline\\Pipeline->Illuminate\\Pipeline\\{closure}()
#67 /var/www/html/Thames/thamescc-backend/vendor/laravel/framework/src/Illuminate/Foundation/Http/Kernel.php(176): Illuminate\\Pipeline\\Pipeline->then()
#68 /var/www/html/Thames/thamescc-backend/vendor/laravel/framework/src/Illuminate/Foundation/Http/Kernel.php(145): Illuminate\\Foundation\\Http\\Kernel->sendRequestThroughRouter()
#69 /var/www/html/Thames/thamescc-backend/public/index.php(51): Illuminate\\Foundation\\Http\\Kernel->handle()
#70 /var/www/html/Thames/thamescc-backend/vendor/laravel/framework/src/Illuminate/Foundation/resources/server.php(23): require_once('...')
#71 {main}
"} 
[2025-06-18 16:11:26] local.ERROR: Undefined array key "pmp_or_not" {"exception":"[object] (ErrorException(code: 0): Undefined array key \"pmp_or_not\" at /var/www/html/Thames/thamescc-backend/packages/Webkul/Product/src/Repositories/ProductRepository.php:377)
[stacktrace]
#0 /var/www/html/Thames/thamescc-backend/vendor/laravel/framework/src/Illuminate/Foundation/Bootstrap/HandleExceptions.php(256): Illuminate\\Foundation\\Bootstrap\\HandleExceptions->handleError()
#1 /var/www/html/Thames/thamescc-backend/packages/Webkul/Product/src/Repositories/ProductRepository.php(377): Illuminate\\Foundation\\Bootstrap\\HandleExceptions->Illuminate\\Foundation\\Bootstrap\\{closure}()
#2 /var/www/html/Thames/thamescc-backend/vendor/laravel/framework/src/Illuminate/Database/Eloquent/Builder.php(325): Webkul\\Product\\Repositories\\ProductRepository->Webkul\\Product\\Repositories\\{closure}()
#3 /var/www/html/Thames/thamescc-backend/vendor/laravel/framework/src/Illuminate/Database/Eloquent/Builder.php(365): Illuminate\\Database\\Eloquent\\Builder->where()
#4 /var/www/html/Thames/thamescc-backend/packages/Webkul/Product/src/Repositories/ProductRepository.php(367): Illuminate\\Database\\Eloquent\\Builder->orWhere()
#5 /var/www/html/Thames/thamescc-backend/vendor/laravel/framework/src/Illuminate/Database/Eloquent/Builder.php(325): Webkul\\Product\\Repositories\\ProductRepository->Webkul\\Product\\Repositories\\{closure}()
#6 /var/www/html/Thames/thamescc-backend/packages/Webkul/Product/src/Repositories/ProductRepository.php(360): Illuminate\\Database\\Eloquent\\Builder->where()
#7 /var/www/html/Thames/thamescc-backend/vendor/prettus/l5-repository/src/Prettus/Repository/Eloquent/BaseRepository.php(1033): Webkul\\Product\\Repositories\\ProductRepository->Webkul\\Product\\Repositories\\{closure}()
#8 /var/www/html/Thames/thamescc-backend/vendor/prettus/l5-repository/src/Prettus/Repository/Eloquent/BaseRepository.php(485): Prettus\\Repository\\Eloquent\\BaseRepository->applyScope()
#9 /var/www/html/Thames/thamescc-backend/vendor/prettus/l5-repository/src/Prettus/Repository/Traits/CacheableRepository.php(238): Prettus\\Repository\\Eloquent\\BaseRepository->paginate()
#10 /var/www/html/Thames/thamescc-backend/packages/Webkul/Product/src/Repositories/ProductRepository.php(432): Webkul\\Core\\Eloquent\\Repository->paginate()
#11 /var/www/html/Thames/thamescc-backend/packages/Webkul/Product/src/Repositories/ProductRepository.php(213): Webkul\\Product\\Repositories\\ProductRepository->searchFromDatabase()
#12 /var/www/html/Thames/thamescc-backend/packages/Webkul/Shop/src/Http/Controllers/API/ProductController.php(34): Webkul\\Product\\Repositories\\ProductRepository->getAll()
#13 /var/www/html/Thames/thamescc-backend/vendor/laravel/framework/src/Illuminate/Routing/Controller.php(54): Webkul\\Shop\\Http\\Controllers\\API\\ProductController->index()
#14 /var/www/html/Thames/thamescc-backend/vendor/laravel/framework/src/Illuminate/Routing/ControllerDispatcher.php(44): Illuminate\\Routing\\Controller->callAction()
#15 /var/www/html/Thames/thamescc-backend/vendor/laravel/framework/src/Illuminate/Routing/Route.php(266): Illuminate\\Routing\\ControllerDispatcher->dispatch()
#16 /var/www/html/Thames/thamescc-backend/vendor/laravel/framework/src/Illuminate/Routing/Route.php(212): Illuminate\\Routing\\Route->runController()
#17 /var/www/html/Thames/thamescc-backend/vendor/laravel/framework/src/Illuminate/Routing/Router.php(808): Illuminate\\Routing\\Route->run()
#18 /var/www/html/Thames/thamescc-backend/vendor/laravel/framework/src/Illuminate/Pipeline/Pipeline.php(170): Illuminate\\Routing\\Router->Illuminate\\Routing\\{closure}()
#19 /var/www/html/Thames/thamescc-backend/packages/Webkul/Core/src/Http/Middleware/PreventRequestsDuringMaintenance.php(119): Illuminate\\Pipeline\\Pipeline->Illuminate\\Pipeline\\{closure}()
#20 /var/www/html/Thames/thamescc-backend/vendor/laravel/framework/src/Illuminate/Pipeline/Pipeline.php(209): Webkul\\Core\\Http\\Middleware\\PreventRequestsDuringMaintenance->handle()
#21 /var/www/html/Thames/thamescc-backend/packages/Webkul/Shop/src/Http/Middleware/Currency.php(40): Illuminate\\Pipeline\\Pipeline->Illuminate\\Pipeline\\{closure}()
#22 /var/www/html/Thames/thamescc-backend/vendor/laravel/framework/src/Illuminate/Pipeline/Pipeline.php(209): Webkul\\Shop\\Http\\Middleware\\Currency->handle()
#23 /var/www/html/Thames/thamescc-backend/packages/Webkul/Shop/src/Http/Middleware/Locale.php(40): Illuminate\\Pipeline\\Pipeline->Illuminate\\Pipeline\\{closure}()
#24 /var/www/html/Thames/thamescc-backend/vendor/laravel/framework/src/Illuminate/Pipeline/Pipeline.php(209): Webkul\\Shop\\Http\\Middleware\\Locale->handle()
#25 /var/www/html/Thames/thamescc-backend/packages/Webkul/Shop/src/Http/Middleware/Theme.php(32): Illuminate\\Pipeline\\Pipeline->Illuminate\\Pipeline\\{closure}()
#26 /var/www/html/Thames/thamescc-backend/vendor/laravel/framework/src/Illuminate/Pipeline/Pipeline.php(209): Webkul\\Shop\\Http\\Middleware\\Theme->handle()
#27 /var/www/html/Thames/thamescc-backend/vendor/barryvdh/laravel-debugbar/src/Middleware/InjectDebugbar.php(66): Illuminate\\Pipeline\\Pipeline->Illuminate\\Pipeline\\{closure}()
#28 /var/www/html/Thames/thamescc-backend/vendor/laravel/framework/src/Illuminate/Pipeline/Pipeline.php(209): Barryvdh\\Debugbar\\Middleware\\InjectDebugbar->handle()
#29 /var/www/html/Thames/thamescc-backend/vendor/laravel/framework/src/Illuminate/Routing/Middleware/SubstituteBindings.php(51): Illuminate\\Pipeline\\Pipeline->Illuminate\\Pipeline\\{closure}()
#30 /var/www/html/Thames/thamescc-backend/vendor/laravel/framework/src/Illuminate/Pipeline/Pipeline.php(209): Illuminate\\Routing\\Middleware\\SubstituteBindings->handle()
#31 /var/www/html/Thames/thamescc-backend/vendor/laravel/framework/src/Illuminate/Foundation/Http/Middleware/VerifyCsrfToken.php(88): Illuminate\\Pipeline\\Pipeline->Illuminate\\Pipeline\\{closure}()
#32 /var/www/html/Thames/thamescc-backend/vendor/laravel/framework/src/Illuminate/Pipeline/Pipeline.php(209): Illuminate\\Foundation\\Http\\Middleware\\VerifyCsrfToken->handle()
#33 /var/www/html/Thames/thamescc-backend/vendor/laravel/framework/src/Illuminate/View/Middleware/ShareErrorsFromSession.php(49): Illuminate\\Pipeline\\Pipeline->Illuminate\\Pipeline\\{closure}()
#34 /var/www/html/Thames/thamescc-backend/vendor/laravel/framework/src/Illuminate/Pipeline/Pipeline.php(209): Illuminate\\View\\Middleware\\ShareErrorsFromSession->handle()
#35 /var/www/html/Thames/thamescc-backend/vendor/laravel/framework/src/Illuminate/Session/Middleware/StartSession.php(121): Illuminate\\Pipeline\\Pipeline->Illuminate\\Pipeline\\{closure}()
#36 /var/www/html/Thames/thamescc-backend/vendor/laravel/framework/src/Illuminate/Session/Middleware/StartSession.php(64): Illuminate\\Session\\Middleware\\StartSession->handleStatefulRequest()
#37 /var/www/html/Thames/thamescc-backend/vendor/laravel/framework/src/Illuminate/Pipeline/Pipeline.php(209): Illuminate\\Session\\Middleware\\StartSession->handle()
#38 /var/www/html/Thames/thamescc-backend/vendor/laravel/framework/src/Illuminate/Cookie/Middleware/AddQueuedCookiesToResponse.php(37): Illuminate\\Pipeline\\Pipeline->Illuminate\\Pipeline\\{closure}()
#39 /var/www/html/Thames/thamescc-backend/vendor/laravel/framework/src/Illuminate/Pipeline/Pipeline.php(209): Illuminate\\Cookie\\Middleware\\AddQueuedCookiesToResponse->handle()
#40 /var/www/html/Thames/thamescc-backend/vendor/laravel/framework/src/Illuminate/Cookie/Middleware/EncryptCookies.php(75): Illuminate\\Pipeline\\Pipeline->Illuminate\\Pipeline\\{closure}()
#41 /var/www/html/Thames/thamescc-backend/vendor/laravel/framework/src/Illuminate/Pipeline/Pipeline.php(209): Illuminate\\Cookie\\Middleware\\EncryptCookies->handle()
#42 /var/www/html/Thames/thamescc-backend/vendor/laravel/framework/src/Illuminate/Pipeline/Pipeline.php(127): Illuminate\\Pipeline\\Pipeline->Illuminate\\Pipeline\\{closure}()
#43 /var/www/html/Thames/thamescc-backend/vendor/laravel/framework/src/Illuminate/Routing/Router.php(807): Illuminate\\Pipeline\\Pipeline->then()
#44 /var/www/html/Thames/thamescc-backend/vendor/laravel/framework/src/Illuminate/Routing/Router.php(786): Illuminate\\Routing\\Router->runRouteWithinStack()
#45 /var/www/html/Thames/thamescc-backend/vendor/laravel/framework/src/Illuminate/Routing/Router.php(750): Illuminate\\Routing\\Router->runRoute()
#46 /var/www/html/Thames/thamescc-backend/vendor/laravel/framework/src/Illuminate/Routing/Router.php(739): Illuminate\\Routing\\Router->dispatchToRoute()
#47 /var/www/html/Thames/thamescc-backend/vendor/laravel/framework/src/Illuminate/Foundation/Http/Kernel.php(201): Illuminate\\Routing\\Router->dispatch()
#48 /var/www/html/Thames/thamescc-backend/vendor/laravel/framework/src/Illuminate/Pipeline/Pipeline.php(170): Illuminate\\Foundation\\Http\\Kernel->Illuminate\\Foundation\\Http\\{closure}()
#49 /var/www/html/Thames/thamescc-backend/vendor/barryvdh/laravel-debugbar/src/Middleware/InjectDebugbar.php(66): Illuminate\\Pipeline\\Pipeline->Illuminate\\Pipeline\\{closure}()
#50 /var/www/html/Thames/thamescc-backend/vendor/laravel/framework/src/Illuminate/Pipeline/Pipeline.php(209): Barryvdh\\Debugbar\\Middleware\\InjectDebugbar->handle()
#51 /var/www/html/Thames/thamescc-backend/packages/Webkul/Installer/src/Http/Middleware/CanInstall.php(30): Illuminate\\Pipeline\\Pipeline->Illuminate\\Pipeline\\{closure}()
#52 /var/www/html/Thames/thamescc-backend/vendor/laravel/framework/src/Illuminate/Pipeline/Pipeline.php(209): Webkul\\Installer\\Http\\Middleware\\CanInstall->handle()
#53 /var/www/html/Thames/thamescc-backend/packages/Webkul/Core/src/Http/Middleware/SecureHeaders.php(29): Illuminate\\Pipeline\\Pipeline->Illuminate\\Pipeline\\{closure}()
#54 /var/www/html/Thames/thamescc-backend/vendor/laravel/framework/src/Illuminate/Pipeline/Pipeline.php(209): Webkul\\Core\\Http\\Middleware\\SecureHeaders->handle()
#55 /var/www/html/Thames/thamescc-backend/vendor/laravel/framework/src/Illuminate/Foundation/Http/Middleware/TransformsRequest.php(21): Illuminate\\Pipeline\\Pipeline->Illuminate\\Pipeline\\{closure}()
#56 /var/www/html/Thames/thamescc-backend/vendor/laravel/framework/src/Illuminate/Foundation/Http/Middleware/TrimStrings.php(51): Illuminate\\Foundation\\Http\\Middleware\\TransformsRequest->handle()
#57 /var/www/html/Thames/thamescc-backend/vendor/laravel/framework/src/Illuminate/Pipeline/Pipeline.php(209): Illuminate\\Foundation\\Http\\Middleware\\TrimStrings->handle()
#58 /var/www/html/Thames/thamescc-backend/vendor/laravel/framework/src/Illuminate/Http/Middleware/ValidatePostSize.php(27): Illuminate\\Pipeline\\Pipeline->Illuminate\\Pipeline\\{closure}()
#59 /var/www/html/Thames/thamescc-backend/vendor/laravel/framework/src/Illuminate/Pipeline/Pipeline.php(209): Illuminate\\Http\\Middleware\\ValidatePostSize->handle()
#60 /var/www/html/Thames/thamescc-backend/vendor/laravel/framework/src/Illuminate/Http/Middleware/HandleCors.php(62): Illuminate\\Pipeline\\Pipeline->Illuminate\\Pipeline\\{closure}()
#61 /var/www/html/Thames/thamescc-backend/vendor/laravel/framework/src/Illuminate/Pipeline/Pipeline.php(209): Illuminate\\Http\\Middleware\\HandleCors->handle()
#62 /var/www/html/Thames/thamescc-backend/vendor/laravel/framework/src/Illuminate/Http/Middleware/TrustProxies.php(58): Illuminate\\Pipeline\\Pipeline->Illuminate\\Pipeline\\{closure}()
#63 /var/www/html/Thames/thamescc-backend/vendor/laravel/framework/src/Illuminate/Pipeline/Pipeline.php(209): Illuminate\\Http\\Middleware\\TrustProxies->handle()
#64 /var/www/html/Thames/thamescc-backend/vendor/laravel/framework/src/Illuminate/Foundation/Http/Middleware/InvokeDeferredCallbacks.php(22): Illuminate\\Pipeline\\Pipeline->Illuminate\\Pipeline\\{closure}()
#65 /var/www/html/Thames/thamescc-backend/vendor/laravel/framework/src/Illuminate/Pipeline/Pipeline.php(209): Illuminate\\Foundation\\Http\\Middleware\\InvokeDeferredCallbacks->handle()
#66 /var/www/html/Thames/thamescc-backend/vendor/laravel/framework/src/Illuminate/Pipeline/Pipeline.php(127): Illuminate\\Pipeline\\Pipeline->Illuminate\\Pipeline\\{closure}()
#67 /var/www/html/Thames/thamescc-backend/vendor/laravel/framework/src/Illuminate/Foundation/Http/Kernel.php(176): Illuminate\\Pipeline\\Pipeline->then()
#68 /var/www/html/Thames/thamescc-backend/vendor/laravel/framework/src/Illuminate/Foundation/Http/Kernel.php(145): Illuminate\\Foundation\\Http\\Kernel->sendRequestThroughRouter()
#69 /var/www/html/Thames/thamescc-backend/public/index.php(51): Illuminate\\Foundation\\Http\\Kernel->handle()
#70 /var/www/html/Thames/thamescc-backend/vendor/laravel/framework/src/Illuminate/Foundation/resources/server.php(23): require_once('...')
#71 {main}
"} 
[2025-06-18 16:11:57] local.ERROR: Undefined array key "pmp_or_not" {"exception":"[object] (ErrorException(code: 0): Undefined array key \"pmp_or_not\" at /var/www/html/Thames/thamescc-backend/packages/Webkul/Product/src/Repositories/ProductRepository.php:377)
[stacktrace]
#0 /var/www/html/Thames/thamescc-backend/vendor/laravel/framework/src/Illuminate/Foundation/Bootstrap/HandleExceptions.php(256): Illuminate\\Foundation\\Bootstrap\\HandleExceptions->handleError()
#1 /var/www/html/Thames/thamescc-backend/packages/Webkul/Product/src/Repositories/ProductRepository.php(377): Illuminate\\Foundation\\Bootstrap\\HandleExceptions->Illuminate\\Foundation\\Bootstrap\\{closure}()
#2 /var/www/html/Thames/thamescc-backend/vendor/laravel/framework/src/Illuminate/Database/Eloquent/Builder.php(325): Webkul\\Product\\Repositories\\ProductRepository->Webkul\\Product\\Repositories\\{closure}()
#3 /var/www/html/Thames/thamescc-backend/vendor/laravel/framework/src/Illuminate/Database/Eloquent/Builder.php(365): Illuminate\\Database\\Eloquent\\Builder->where()
#4 /var/www/html/Thames/thamescc-backend/packages/Webkul/Product/src/Repositories/ProductRepository.php(367): Illuminate\\Database\\Eloquent\\Builder->orWhere()
#5 /var/www/html/Thames/thamescc-backend/vendor/laravel/framework/src/Illuminate/Database/Eloquent/Builder.php(325): Webkul\\Product\\Repositories\\ProductRepository->Webkul\\Product\\Repositories\\{closure}()
#6 /var/www/html/Thames/thamescc-backend/packages/Webkul/Product/src/Repositories/ProductRepository.php(360): Illuminate\\Database\\Eloquent\\Builder->where()
#7 /var/www/html/Thames/thamescc-backend/vendor/prettus/l5-repository/src/Prettus/Repository/Eloquent/BaseRepository.php(1033): Webkul\\Product\\Repositories\\ProductRepository->Webkul\\Product\\Repositories\\{closure}()
#8 /var/www/html/Thames/thamescc-backend/vendor/prettus/l5-repository/src/Prettus/Repository/Eloquent/BaseRepository.php(485): Prettus\\Repository\\Eloquent\\BaseRepository->applyScope()
#9 /var/www/html/Thames/thamescc-backend/vendor/prettus/l5-repository/src/Prettus/Repository/Traits/CacheableRepository.php(238): Prettus\\Repository\\Eloquent\\BaseRepository->paginate()
#10 /var/www/html/Thames/thamescc-backend/packages/Webkul/Product/src/Repositories/ProductRepository.php(432): Webkul\\Core\\Eloquent\\Repository->paginate()
#11 /var/www/html/Thames/thamescc-backend/packages/Webkul/Product/src/Repositories/ProductRepository.php(213): Webkul\\Product\\Repositories\\ProductRepository->searchFromDatabase()
#12 /var/www/html/Thames/thamescc-backend/packages/Webkul/Shop/src/Http/Controllers/API/ProductController.php(34): Webkul\\Product\\Repositories\\ProductRepository->getAll()
#13 /var/www/html/Thames/thamescc-backend/vendor/laravel/framework/src/Illuminate/Routing/Controller.php(54): Webkul\\Shop\\Http\\Controllers\\API\\ProductController->index()
#14 /var/www/html/Thames/thamescc-backend/vendor/laravel/framework/src/Illuminate/Routing/ControllerDispatcher.php(44): Illuminate\\Routing\\Controller->callAction()
#15 /var/www/html/Thames/thamescc-backend/vendor/laravel/framework/src/Illuminate/Routing/Route.php(266): Illuminate\\Routing\\ControllerDispatcher->dispatch()
#16 /var/www/html/Thames/thamescc-backend/vendor/laravel/framework/src/Illuminate/Routing/Route.php(212): Illuminate\\Routing\\Route->runController()
#17 /var/www/html/Thames/thamescc-backend/vendor/laravel/framework/src/Illuminate/Routing/Router.php(808): Illuminate\\Routing\\Route->run()
#18 /var/www/html/Thames/thamescc-backend/vendor/laravel/framework/src/Illuminate/Pipeline/Pipeline.php(170): Illuminate\\Routing\\Router->Illuminate\\Routing\\{closure}()
#19 /var/www/html/Thames/thamescc-backend/packages/Webkul/Core/src/Http/Middleware/PreventRequestsDuringMaintenance.php(119): Illuminate\\Pipeline\\Pipeline->Illuminate\\Pipeline\\{closure}()
#20 /var/www/html/Thames/thamescc-backend/vendor/laravel/framework/src/Illuminate/Pipeline/Pipeline.php(209): Webkul\\Core\\Http\\Middleware\\PreventRequestsDuringMaintenance->handle()
#21 /var/www/html/Thames/thamescc-backend/packages/Webkul/Shop/src/Http/Middleware/Currency.php(40): Illuminate\\Pipeline\\Pipeline->Illuminate\\Pipeline\\{closure}()
#22 /var/www/html/Thames/thamescc-backend/vendor/laravel/framework/src/Illuminate/Pipeline/Pipeline.php(209): Webkul\\Shop\\Http\\Middleware\\Currency->handle()
#23 /var/www/html/Thames/thamescc-backend/packages/Webkul/Shop/src/Http/Middleware/Locale.php(40): Illuminate\\Pipeline\\Pipeline->Illuminate\\Pipeline\\{closure}()
#24 /var/www/html/Thames/thamescc-backend/vendor/laravel/framework/src/Illuminate/Pipeline/Pipeline.php(209): Webkul\\Shop\\Http\\Middleware\\Locale->handle()
#25 /var/www/html/Thames/thamescc-backend/packages/Webkul/Shop/src/Http/Middleware/Theme.php(32): Illuminate\\Pipeline\\Pipeline->Illuminate\\Pipeline\\{closure}()
#26 /var/www/html/Thames/thamescc-backend/vendor/laravel/framework/src/Illuminate/Pipeline/Pipeline.php(209): Webkul\\Shop\\Http\\Middleware\\Theme->handle()
#27 /var/www/html/Thames/thamescc-backend/vendor/barryvdh/laravel-debugbar/src/Middleware/InjectDebugbar.php(66): Illuminate\\Pipeline\\Pipeline->Illuminate\\Pipeline\\{closure}()
#28 /var/www/html/Thames/thamescc-backend/vendor/laravel/framework/src/Illuminate/Pipeline/Pipeline.php(209): Barryvdh\\Debugbar\\Middleware\\InjectDebugbar->handle()
#29 /var/www/html/Thames/thamescc-backend/vendor/laravel/framework/src/Illuminate/Routing/Middleware/SubstituteBindings.php(51): Illuminate\\Pipeline\\Pipeline->Illuminate\\Pipeline\\{closure}()
#30 /var/www/html/Thames/thamescc-backend/vendor/laravel/framework/src/Illuminate/Pipeline/Pipeline.php(209): Illuminate\\Routing\\Middleware\\SubstituteBindings->handle()
#31 /var/www/html/Thames/thamescc-backend/vendor/laravel/framework/src/Illuminate/Foundation/Http/Middleware/VerifyCsrfToken.php(88): Illuminate\\Pipeline\\Pipeline->Illuminate\\Pipeline\\{closure}()
#32 /var/www/html/Thames/thamescc-backend/vendor/laravel/framework/src/Illuminate/Pipeline/Pipeline.php(209): Illuminate\\Foundation\\Http\\Middleware\\VerifyCsrfToken->handle()
#33 /var/www/html/Thames/thamescc-backend/vendor/laravel/framework/src/Illuminate/View/Middleware/ShareErrorsFromSession.php(49): Illuminate\\Pipeline\\Pipeline->Illuminate\\Pipeline\\{closure}()
#34 /var/www/html/Thames/thamescc-backend/vendor/laravel/framework/src/Illuminate/Pipeline/Pipeline.php(209): Illuminate\\View\\Middleware\\ShareErrorsFromSession->handle()
#35 /var/www/html/Thames/thamescc-backend/vendor/laravel/framework/src/Illuminate/Session/Middleware/StartSession.php(121): Illuminate\\Pipeline\\Pipeline->Illuminate\\Pipeline\\{closure}()
#36 /var/www/html/Thames/thamescc-backend/vendor/laravel/framework/src/Illuminate/Session/Middleware/StartSession.php(64): Illuminate\\Session\\Middleware\\StartSession->handleStatefulRequest()
#37 /var/www/html/Thames/thamescc-backend/vendor/laravel/framework/src/Illuminate/Pipeline/Pipeline.php(209): Illuminate\\Session\\Middleware\\StartSession->handle()
#38 /var/www/html/Thames/thamescc-backend/vendor/laravel/framework/src/Illuminate/Cookie/Middleware/AddQueuedCookiesToResponse.php(37): Illuminate\\Pipeline\\Pipeline->Illuminate\\Pipeline\\{closure}()
#39 /var/www/html/Thames/thamescc-backend/vendor/laravel/framework/src/Illuminate/Pipeline/Pipeline.php(209): Illuminate\\Cookie\\Middleware\\AddQueuedCookiesToResponse->handle()
#40 /var/www/html/Thames/thamescc-backend/vendor/laravel/framework/src/Illuminate/Cookie/Middleware/EncryptCookies.php(75): Illuminate\\Pipeline\\Pipeline->Illuminate\\Pipeline\\{closure}()
#41 /var/www/html/Thames/thamescc-backend/vendor/laravel/framework/src/Illuminate/Pipeline/Pipeline.php(209): Illuminate\\Cookie\\Middleware\\EncryptCookies->handle()
#42 /var/www/html/Thames/thamescc-backend/vendor/laravel/framework/src/Illuminate/Pipeline/Pipeline.php(127): Illuminate\\Pipeline\\Pipeline->Illuminate\\Pipeline\\{closure}()
#43 /var/www/html/Thames/thamescc-backend/vendor/laravel/framework/src/Illuminate/Routing/Router.php(807): Illuminate\\Pipeline\\Pipeline->then()
#44 /var/www/html/Thames/thamescc-backend/vendor/laravel/framework/src/Illuminate/Routing/Router.php(786): Illuminate\\Routing\\Router->runRouteWithinStack()
#45 /var/www/html/Thames/thamescc-backend/vendor/laravel/framework/src/Illuminate/Routing/Router.php(750): Illuminate\\Routing\\Router->runRoute()
#46 /var/www/html/Thames/thamescc-backend/vendor/laravel/framework/src/Illuminate/Routing/Router.php(739): Illuminate\\Routing\\Router->dispatchToRoute()
#47 /var/www/html/Thames/thamescc-backend/vendor/laravel/framework/src/Illuminate/Foundation/Http/Kernel.php(201): Illuminate\\Routing\\Router->dispatch()
#48 /var/www/html/Thames/thamescc-backend/vendor/laravel/framework/src/Illuminate/Pipeline/Pipeline.php(170): Illuminate\\Foundation\\Http\\Kernel->Illuminate\\Foundation\\Http\\{closure}()
#49 /var/www/html/Thames/thamescc-backend/vendor/barryvdh/laravel-debugbar/src/Middleware/InjectDebugbar.php(66): Illuminate\\Pipeline\\Pipeline->Illuminate\\Pipeline\\{closure}()
#50 /var/www/html/Thames/thamescc-backend/vendor/laravel/framework/src/Illuminate/Pipeline/Pipeline.php(209): Barryvdh\\Debugbar\\Middleware\\InjectDebugbar->handle()
#51 /var/www/html/Thames/thamescc-backend/packages/Webkul/Installer/src/Http/Middleware/CanInstall.php(30): Illuminate\\Pipeline\\Pipeline->Illuminate\\Pipeline\\{closure}()
#52 /var/www/html/Thames/thamescc-backend/vendor/laravel/framework/src/Illuminate/Pipeline/Pipeline.php(209): Webkul\\Installer\\Http\\Middleware\\CanInstall->handle()
#53 /var/www/html/Thames/thamescc-backend/packages/Webkul/Core/src/Http/Middleware/SecureHeaders.php(29): Illuminate\\Pipeline\\Pipeline->Illuminate\\Pipeline\\{closure}()
#54 /var/www/html/Thames/thamescc-backend/vendor/laravel/framework/src/Illuminate/Pipeline/Pipeline.php(209): Webkul\\Core\\Http\\Middleware\\SecureHeaders->handle()
#55 /var/www/html/Thames/thamescc-backend/vendor/laravel/framework/src/Illuminate/Foundation/Http/Middleware/TransformsRequest.php(21): Illuminate\\Pipeline\\Pipeline->Illuminate\\Pipeline\\{closure}()
#56 /var/www/html/Thames/thamescc-backend/vendor/laravel/framework/src/Illuminate/Foundation/Http/Middleware/TrimStrings.php(51): Illuminate\\Foundation\\Http\\Middleware\\TransformsRequest->handle()
#57 /var/www/html/Thames/thamescc-backend/vendor/laravel/framework/src/Illuminate/Pipeline/Pipeline.php(209): Illuminate\\Foundation\\Http\\Middleware\\TrimStrings->handle()
#58 /var/www/html/Thames/thamescc-backend/vendor/laravel/framework/src/Illuminate/Http/Middleware/ValidatePostSize.php(27): Illuminate\\Pipeline\\Pipeline->Illuminate\\Pipeline\\{closure}()
#59 /var/www/html/Thames/thamescc-backend/vendor/laravel/framework/src/Illuminate/Pipeline/Pipeline.php(209): Illuminate\\Http\\Middleware\\ValidatePostSize->handle()
#60 /var/www/html/Thames/thamescc-backend/vendor/laravel/framework/src/Illuminate/Http/Middleware/HandleCors.php(62): Illuminate\\Pipeline\\Pipeline->Illuminate\\Pipeline\\{closure}()
#61 /var/www/html/Thames/thamescc-backend/vendor/laravel/framework/src/Illuminate/Pipeline/Pipeline.php(209): Illuminate\\Http\\Middleware\\HandleCors->handle()
#62 /var/www/html/Thames/thamescc-backend/vendor/laravel/framework/src/Illuminate/Http/Middleware/TrustProxies.php(58): Illuminate\\Pipeline\\Pipeline->Illuminate\\Pipeline\\{closure}()
#63 /var/www/html/Thames/thamescc-backend/vendor/laravel/framework/src/Illuminate/Pipeline/Pipeline.php(209): Illuminate\\Http\\Middleware\\TrustProxies->handle()
#64 /var/www/html/Thames/thamescc-backend/vendor/laravel/framework/src/Illuminate/Foundation/Http/Middleware/InvokeDeferredCallbacks.php(22): Illuminate\\Pipeline\\Pipeline->Illuminate\\Pipeline\\{closure}()
#65 /var/www/html/Thames/thamescc-backend/vendor/laravel/framework/src/Illuminate/Pipeline/Pipeline.php(209): Illuminate\\Foundation\\Http\\Middleware\\InvokeDeferredCallbacks->handle()
#66 /var/www/html/Thames/thamescc-backend/vendor/laravel/framework/src/Illuminate/Pipeline/Pipeline.php(127): Illuminate\\Pipeline\\Pipeline->Illuminate\\Pipeline\\{closure}()
#67 /var/www/html/Thames/thamescc-backend/vendor/laravel/framework/src/Illuminate/Foundation/Http/Kernel.php(176): Illuminate\\Pipeline\\Pipeline->then()
#68 /var/www/html/Thames/thamescc-backend/vendor/laravel/framework/src/Illuminate/Foundation/Http/Kernel.php(145): Illuminate\\Foundation\\Http\\Kernel->sendRequestThroughRouter()
#69 /var/www/html/Thames/thamescc-backend/public/index.php(51): Illuminate\\Foundation\\Http\\Kernel->handle()
#70 /var/www/html/Thames/thamescc-backend/vendor/laravel/framework/src/Illuminate/Foundation/resources/server.php(23): require_once('...')
#71 {main}
"} 
[2025-06-18 16:11:58] local.ERROR: Undefined array key "pmp_or_not" {"exception":"[object] (ErrorException(code: 0): Undefined array key \"pmp_or_not\" at /var/www/html/Thames/thamescc-backend/packages/Webkul/Product/src/Repositories/ProductRepository.php:377)
[stacktrace]
#0 /var/www/html/Thames/thamescc-backend/vendor/laravel/framework/src/Illuminate/Foundation/Bootstrap/HandleExceptions.php(256): Illuminate\\Foundation\\Bootstrap\\HandleExceptions->handleError()
#1 /var/www/html/Thames/thamescc-backend/packages/Webkul/Product/src/Repositories/ProductRepository.php(377): Illuminate\\Foundation\\Bootstrap\\HandleExceptions->Illuminate\\Foundation\\Bootstrap\\{closure}()
#2 /var/www/html/Thames/thamescc-backend/vendor/laravel/framework/src/Illuminate/Database/Eloquent/Builder.php(325): Webkul\\Product\\Repositories\\ProductRepository->Webkul\\Product\\Repositories\\{closure}()
#3 /var/www/html/Thames/thamescc-backend/vendor/laravel/framework/src/Illuminate/Database/Eloquent/Builder.php(365): Illuminate\\Database\\Eloquent\\Builder->where()
#4 /var/www/html/Thames/thamescc-backend/packages/Webkul/Product/src/Repositories/ProductRepository.php(367): Illuminate\\Database\\Eloquent\\Builder->orWhere()
#5 /var/www/html/Thames/thamescc-backend/vendor/laravel/framework/src/Illuminate/Database/Eloquent/Builder.php(325): Webkul\\Product\\Repositories\\ProductRepository->Webkul\\Product\\Repositories\\{closure}()
#6 /var/www/html/Thames/thamescc-backend/packages/Webkul/Product/src/Repositories/ProductRepository.php(360): Illuminate\\Database\\Eloquent\\Builder->where()
#7 /var/www/html/Thames/thamescc-backend/vendor/prettus/l5-repository/src/Prettus/Repository/Eloquent/BaseRepository.php(1033): Webkul\\Product\\Repositories\\ProductRepository->Webkul\\Product\\Repositories\\{closure}()
#8 /var/www/html/Thames/thamescc-backend/vendor/prettus/l5-repository/src/Prettus/Repository/Eloquent/BaseRepository.php(485): Prettus\\Repository\\Eloquent\\BaseRepository->applyScope()
#9 /var/www/html/Thames/thamescc-backend/vendor/prettus/l5-repository/src/Prettus/Repository/Traits/CacheableRepository.php(238): Prettus\\Repository\\Eloquent\\BaseRepository->paginate()
#10 /var/www/html/Thames/thamescc-backend/packages/Webkul/Product/src/Repositories/ProductRepository.php(432): Webkul\\Core\\Eloquent\\Repository->paginate()
#11 /var/www/html/Thames/thamescc-backend/packages/Webkul/Product/src/Repositories/ProductRepository.php(213): Webkul\\Product\\Repositories\\ProductRepository->searchFromDatabase()
#12 /var/www/html/Thames/thamescc-backend/packages/Webkul/Shop/src/Http/Controllers/API/ProductController.php(34): Webkul\\Product\\Repositories\\ProductRepository->getAll()
#13 /var/www/html/Thames/thamescc-backend/vendor/laravel/framework/src/Illuminate/Routing/Controller.php(54): Webkul\\Shop\\Http\\Controllers\\API\\ProductController->index()
#14 /var/www/html/Thames/thamescc-backend/vendor/laravel/framework/src/Illuminate/Routing/ControllerDispatcher.php(44): Illuminate\\Routing\\Controller->callAction()
#15 /var/www/html/Thames/thamescc-backend/vendor/laravel/framework/src/Illuminate/Routing/Route.php(266): Illuminate\\Routing\\ControllerDispatcher->dispatch()
#16 /var/www/html/Thames/thamescc-backend/vendor/laravel/framework/src/Illuminate/Routing/Route.php(212): Illuminate\\Routing\\Route->runController()
#17 /var/www/html/Thames/thamescc-backend/vendor/laravel/framework/src/Illuminate/Routing/Router.php(808): Illuminate\\Routing\\Route->run()
#18 /var/www/html/Thames/thamescc-backend/vendor/laravel/framework/src/Illuminate/Pipeline/Pipeline.php(170): Illuminate\\Routing\\Router->Illuminate\\Routing\\{closure}()
#19 /var/www/html/Thames/thamescc-backend/packages/Webkul/Core/src/Http/Middleware/PreventRequestsDuringMaintenance.php(119): Illuminate\\Pipeline\\Pipeline->Illuminate\\Pipeline\\{closure}()
#20 /var/www/html/Thames/thamescc-backend/vendor/laravel/framework/src/Illuminate/Pipeline/Pipeline.php(209): Webkul\\Core\\Http\\Middleware\\PreventRequestsDuringMaintenance->handle()
#21 /var/www/html/Thames/thamescc-backend/packages/Webkul/Shop/src/Http/Middleware/Currency.php(40): Illuminate\\Pipeline\\Pipeline->Illuminate\\Pipeline\\{closure}()
#22 /var/www/html/Thames/thamescc-backend/vendor/laravel/framework/src/Illuminate/Pipeline/Pipeline.php(209): Webkul\\Shop\\Http\\Middleware\\Currency->handle()
#23 /var/www/html/Thames/thamescc-backend/packages/Webkul/Shop/src/Http/Middleware/Locale.php(40): Illuminate\\Pipeline\\Pipeline->Illuminate\\Pipeline\\{closure}()
#24 /var/www/html/Thames/thamescc-backend/vendor/laravel/framework/src/Illuminate/Pipeline/Pipeline.php(209): Webkul\\Shop\\Http\\Middleware\\Locale->handle()
#25 /var/www/html/Thames/thamescc-backend/packages/Webkul/Shop/src/Http/Middleware/Theme.php(32): Illuminate\\Pipeline\\Pipeline->Illuminate\\Pipeline\\{closure}()
#26 /var/www/html/Thames/thamescc-backend/vendor/laravel/framework/src/Illuminate/Pipeline/Pipeline.php(209): Webkul\\Shop\\Http\\Middleware\\Theme->handle()
#27 /var/www/html/Thames/thamescc-backend/vendor/barryvdh/laravel-debugbar/src/Middleware/InjectDebugbar.php(66): Illuminate\\Pipeline\\Pipeline->Illuminate\\Pipeline\\{closure}()
#28 /var/www/html/Thames/thamescc-backend/vendor/laravel/framework/src/Illuminate/Pipeline/Pipeline.php(209): Barryvdh\\Debugbar\\Middleware\\InjectDebugbar->handle()
#29 /var/www/html/Thames/thamescc-backend/vendor/laravel/framework/src/Illuminate/Routing/Middleware/SubstituteBindings.php(51): Illuminate\\Pipeline\\Pipeline->Illuminate\\Pipeline\\{closure}()
#30 /var/www/html/Thames/thamescc-backend/vendor/laravel/framework/src/Illuminate/Pipeline/Pipeline.php(209): Illuminate\\Routing\\Middleware\\SubstituteBindings->handle()
#31 /var/www/html/Thames/thamescc-backend/vendor/laravel/framework/src/Illuminate/Foundation/Http/Middleware/VerifyCsrfToken.php(88): Illuminate\\Pipeline\\Pipeline->Illuminate\\Pipeline\\{closure}()
#32 /var/www/html/Thames/thamescc-backend/vendor/laravel/framework/src/Illuminate/Pipeline/Pipeline.php(209): Illuminate\\Foundation\\Http\\Middleware\\VerifyCsrfToken->handle()
#33 /var/www/html/Thames/thamescc-backend/vendor/laravel/framework/src/Illuminate/View/Middleware/ShareErrorsFromSession.php(49): Illuminate\\Pipeline\\Pipeline->Illuminate\\Pipeline\\{closure}()
#34 /var/www/html/Thames/thamescc-backend/vendor/laravel/framework/src/Illuminate/Pipeline/Pipeline.php(209): Illuminate\\View\\Middleware\\ShareErrorsFromSession->handle()
#35 /var/www/html/Thames/thamescc-backend/vendor/laravel/framework/src/Illuminate/Session/Middleware/StartSession.php(121): Illuminate\\Pipeline\\Pipeline->Illuminate\\Pipeline\\{closure}()
#36 /var/www/html/Thames/thamescc-backend/vendor/laravel/framework/src/Illuminate/Session/Middleware/StartSession.php(64): Illuminate\\Session\\Middleware\\StartSession->handleStatefulRequest()
#37 /var/www/html/Thames/thamescc-backend/vendor/laravel/framework/src/Illuminate/Pipeline/Pipeline.php(209): Illuminate\\Session\\Middleware\\StartSession->handle()
#38 /var/www/html/Thames/thamescc-backend/vendor/laravel/framework/src/Illuminate/Cookie/Middleware/AddQueuedCookiesToResponse.php(37): Illuminate\\Pipeline\\Pipeline->Illuminate\\Pipeline\\{closure}()
#39 /var/www/html/Thames/thamescc-backend/vendor/laravel/framework/src/Illuminate/Pipeline/Pipeline.php(209): Illuminate\\Cookie\\Middleware\\AddQueuedCookiesToResponse->handle()
#40 /var/www/html/Thames/thamescc-backend/vendor/laravel/framework/src/Illuminate/Cookie/Middleware/EncryptCookies.php(75): Illuminate\\Pipeline\\Pipeline->Illuminate\\Pipeline\\{closure}()
#41 /var/www/html/Thames/thamescc-backend/vendor/laravel/framework/src/Illuminate/Pipeline/Pipeline.php(209): Illuminate\\Cookie\\Middleware\\EncryptCookies->handle()
#42 /var/www/html/Thames/thamescc-backend/vendor/laravel/framework/src/Illuminate/Pipeline/Pipeline.php(127): Illuminate\\Pipeline\\Pipeline->Illuminate\\Pipeline\\{closure}()
#43 /var/www/html/Thames/thamescc-backend/vendor/laravel/framework/src/Illuminate/Routing/Router.php(807): Illuminate\\Pipeline\\Pipeline->then()
#44 /var/www/html/Thames/thamescc-backend/vendor/laravel/framework/src/Illuminate/Routing/Router.php(786): Illuminate\\Routing\\Router->runRouteWithinStack()
#45 /var/www/html/Thames/thamescc-backend/vendor/laravel/framework/src/Illuminate/Routing/Router.php(750): Illuminate\\Routing\\Router->runRoute()
#46 /var/www/html/Thames/thamescc-backend/vendor/laravel/framework/src/Illuminate/Routing/Router.php(739): Illuminate\\Routing\\Router->dispatchToRoute()
#47 /var/www/html/Thames/thamescc-backend/vendor/laravel/framework/src/Illuminate/Foundation/Http/Kernel.php(201): Illuminate\\Routing\\Router->dispatch()
#48 /var/www/html/Thames/thamescc-backend/vendor/laravel/framework/src/Illuminate/Pipeline/Pipeline.php(170): Illuminate\\Foundation\\Http\\Kernel->Illuminate\\Foundation\\Http\\{closure}()
#49 /var/www/html/Thames/thamescc-backend/vendor/barryvdh/laravel-debugbar/src/Middleware/InjectDebugbar.php(66): Illuminate\\Pipeline\\Pipeline->Illuminate\\Pipeline\\{closure}()
#50 /var/www/html/Thames/thamescc-backend/vendor/laravel/framework/src/Illuminate/Pipeline/Pipeline.php(209): Barryvdh\\Debugbar\\Middleware\\InjectDebugbar->handle()
#51 /var/www/html/Thames/thamescc-backend/packages/Webkul/Installer/src/Http/Middleware/CanInstall.php(30): Illuminate\\Pipeline\\Pipeline->Illuminate\\Pipeline\\{closure}()
#52 /var/www/html/Thames/thamescc-backend/vendor/laravel/framework/src/Illuminate/Pipeline/Pipeline.php(209): Webkul\\Installer\\Http\\Middleware\\CanInstall->handle()
#53 /var/www/html/Thames/thamescc-backend/packages/Webkul/Core/src/Http/Middleware/SecureHeaders.php(29): Illuminate\\Pipeline\\Pipeline->Illuminate\\Pipeline\\{closure}()
#54 /var/www/html/Thames/thamescc-backend/vendor/laravel/framework/src/Illuminate/Pipeline/Pipeline.php(209): Webkul\\Core\\Http\\Middleware\\SecureHeaders->handle()
#55 /var/www/html/Thames/thamescc-backend/vendor/laravel/framework/src/Illuminate/Foundation/Http/Middleware/TransformsRequest.php(21): Illuminate\\Pipeline\\Pipeline->Illuminate\\Pipeline\\{closure}()
#56 /var/www/html/Thames/thamescc-backend/vendor/laravel/framework/src/Illuminate/Foundation/Http/Middleware/TrimStrings.php(51): Illuminate\\Foundation\\Http\\Middleware\\TransformsRequest->handle()
#57 /var/www/html/Thames/thamescc-backend/vendor/laravel/framework/src/Illuminate/Pipeline/Pipeline.php(209): Illuminate\\Foundation\\Http\\Middleware\\TrimStrings->handle()
#58 /var/www/html/Thames/thamescc-backend/vendor/laravel/framework/src/Illuminate/Http/Middleware/ValidatePostSize.php(27): Illuminate\\Pipeline\\Pipeline->Illuminate\\Pipeline\\{closure}()
#59 /var/www/html/Thames/thamescc-backend/vendor/laravel/framework/src/Illuminate/Pipeline/Pipeline.php(209): Illuminate\\Http\\Middleware\\ValidatePostSize->handle()
#60 /var/www/html/Thames/thamescc-backend/vendor/laravel/framework/src/Illuminate/Http/Middleware/HandleCors.php(62): Illuminate\\Pipeline\\Pipeline->Illuminate\\Pipeline\\{closure}()
#61 /var/www/html/Thames/thamescc-backend/vendor/laravel/framework/src/Illuminate/Pipeline/Pipeline.php(209): Illuminate\\Http\\Middleware\\HandleCors->handle()
#62 /var/www/html/Thames/thamescc-backend/vendor/laravel/framework/src/Illuminate/Http/Middleware/TrustProxies.php(58): Illuminate\\Pipeline\\Pipeline->Illuminate\\Pipeline\\{closure}()
#63 /var/www/html/Thames/thamescc-backend/vendor/laravel/framework/src/Illuminate/Pipeline/Pipeline.php(209): Illuminate\\Http\\Middleware\\TrustProxies->handle()
#64 /var/www/html/Thames/thamescc-backend/vendor/laravel/framework/src/Illuminate/Foundation/Http/Middleware/InvokeDeferredCallbacks.php(22): Illuminate\\Pipeline\\Pipeline->Illuminate\\Pipeline\\{closure}()
#65 /var/www/html/Thames/thamescc-backend/vendor/laravel/framework/src/Illuminate/Pipeline/Pipeline.php(209): Illuminate\\Foundation\\Http\\Middleware\\InvokeDeferredCallbacks->handle()
#66 /var/www/html/Thames/thamescc-backend/vendor/laravel/framework/src/Illuminate/Pipeline/Pipeline.php(127): Illuminate\\Pipeline\\Pipeline->Illuminate\\Pipeline\\{closure}()
#67 /var/www/html/Thames/thamescc-backend/vendor/laravel/framework/src/Illuminate/Foundation/Http/Kernel.php(176): Illuminate\\Pipeline\\Pipeline->then()
#68 /var/www/html/Thames/thamescc-backend/vendor/laravel/framework/src/Illuminate/Foundation/Http/Kernel.php(145): Illuminate\\Foundation\\Http\\Kernel->sendRequestThroughRouter()
#69 /var/www/html/Thames/thamescc-backend/public/index.php(51): Illuminate\\Foundation\\Http\\Kernel->handle()
#70 /var/www/html/Thames/thamescc-backend/vendor/laravel/framework/src/Illuminate/Foundation/resources/server.php(23): require_once('...')
#71 {main}
"} 
[2025-06-18 16:29:34] local.ERROR: SQLSTATE[42000]: Syntax error or access violation: 1066 Not unique table/alias: 'pmp_or_not_product_attribute_values' (Connection: mysql, SQL: select count(*) as aggregate from (select distinct `products`.* from `products` left join `products` as `variants` on COALESCE(variants.parent_id, variants.id) = `products`.`id` left join `product_price_indices` on `products`.`id` = `product_price_indices`.`product_id` and `product_price_indices`.`customer_group_id` = 1 left join `product_channels` on `products`.`id` = `product_channels`.`product_id` left join `product_attribute_values` as `pmp_or_not_product_attribute_values` on `products`.`id` = `pmp_or_not_product_attribute_values`.`product_id` left join `product_attribute_values` as `status_product_attribute_values` on `products`.`id` = `status_product_attribute_values`.`product_id` left join `product_attribute_values` as `url_key_product_attribute_values` on `products`.`id` = `url_key_product_attribute_values`.`product_id` left join `product_attribute_values` as `visible_individually_product_attribute_values` on `products`.`id` = `visible_individually_product_attribute_values`.`product_id` left join `product_attribute_values` as `pmp_or_not_product_attribute_values` on `products`.`id` = `pmp_or_not_product_attribute_values`.`product_id` and `pmp_or_not_product_attribute_values`.`attribute_id` = 49 left join `product_attribute_values` as `pmp_or_not_variant_attribute_values` on `variants`.`id` = `pmp_or_not_variant_attribute_values`.`product_id` and `pmp_or_not_variant_attribute_values`.`attribute_id` = 49 where `product_channels`.`channel_id` = 1 and `pmp_or_not_product_attribute_values`.`attribute_id` = 49 and `pmp_or_not_product_attribute_values`.`text_value` in (1) and `status_product_attribute_values`.`attribute_id` = 8 and `status_product_attribute_values`.`boolean_value` = 1 and `url_key_product_attribute_values`.`attribute_id` = 3 and `url_key_product_attribute_values`.`text_value` is not null and `visible_individually_product_attribute_values`.`attribute_id` = 7 and `visible_individually_product_attribute_values`.`boolean_value` = 1 and ((`pmp_or_not_product_attribute_values`.`text_value` in (1)) or (`pmp_or_not_variant_attribute_values`.`text_value` in (1))) group by `products`.`id`, `products`.`id`) as `aggregate_table`) {"exception":"[object] (Illuminate\\Database\\QueryException(code: 42000): SQLSTATE[42000]: Syntax error or access violation: 1066 Not unique table/alias: 'pmp_or_not_product_attribute_values' (Connection: mysql, SQL: select count(*) as aggregate from (select distinct `products`.* from `products` left join `products` as `variants` on COALESCE(variants.parent_id, variants.id) = `products`.`id` left join `product_price_indices` on `products`.`id` = `product_price_indices`.`product_id` and `product_price_indices`.`customer_group_id` = 1 left join `product_channels` on `products`.`id` = `product_channels`.`product_id` left join `product_attribute_values` as `pmp_or_not_product_attribute_values` on `products`.`id` = `pmp_or_not_product_attribute_values`.`product_id` left join `product_attribute_values` as `status_product_attribute_values` on `products`.`id` = `status_product_attribute_values`.`product_id` left join `product_attribute_values` as `url_key_product_attribute_values` on `products`.`id` = `url_key_product_attribute_values`.`product_id` left join `product_attribute_values` as `visible_individually_product_attribute_values` on `products`.`id` = `visible_individually_product_attribute_values`.`product_id` left join `product_attribute_values` as `pmp_or_not_product_attribute_values` on `products`.`id` = `pmp_or_not_product_attribute_values`.`product_id` and `pmp_or_not_product_attribute_values`.`attribute_id` = 49 left join `product_attribute_values` as `pmp_or_not_variant_attribute_values` on `variants`.`id` = `pmp_or_not_variant_attribute_values`.`product_id` and `pmp_or_not_variant_attribute_values`.`attribute_id` = 49 where `product_channels`.`channel_id` = 1 and `pmp_or_not_product_attribute_values`.`attribute_id` = 49 and `pmp_or_not_product_attribute_values`.`text_value` in (1) and `status_product_attribute_values`.`attribute_id` = 8 and `status_product_attribute_values`.`boolean_value` = 1 and `url_key_product_attribute_values`.`attribute_id` = 3 and `url_key_product_attribute_values`.`text_value` is not null and `visible_individually_product_attribute_values`.`attribute_id` = 7 and `visible_individually_product_attribute_values`.`boolean_value` = 1 and ((`pmp_or_not_product_attribute_values`.`text_value` in (1)) or (`pmp_or_not_variant_attribute_values`.`text_value` in (1))) group by `products`.`id`, `products`.`id`) as `aggregate_table`) at /var/www/html/Thames/thamescc-backend/vendor/laravel/framework/src/Illuminate/Database/Connection.php:825)
[stacktrace]
#0 /var/www/html/Thames/thamescc-backend/vendor/laravel/framework/src/Illuminate/Database/Connection.php(779): Illuminate\\Database\\Connection->runQueryCallback()
#1 /var/www/html/Thames/thamescc-backend/vendor/laravel/framework/src/Illuminate/Database/Connection.php(398): Illuminate\\Database\\Connection->run()
#2 /var/www/html/Thames/thamescc-backend/vendor/laravel/framework/src/Illuminate/Database/Query/Builder.php(3106): Illuminate\\Database\\Connection->select()
#3 /var/www/html/Thames/thamescc-backend/vendor/laravel/framework/src/Illuminate/Database/Query/Builder.php(3091): Illuminate\\Database\\Query\\Builder->runSelect()
#4 /var/www/html/Thames/thamescc-backend/vendor/laravel/framework/src/Illuminate/Database/Query/Builder.php(3676): Illuminate\\Database\\Query\\Builder->Illuminate\\Database\\Query\\{closure}()
#5 /var/www/html/Thames/thamescc-backend/vendor/laravel/framework/src/Illuminate/Database/Query/Builder.php(3090): Illuminate\\Database\\Query\\Builder->onceWithColumns()
#6 /var/www/html/Thames/thamescc-backend/vendor/laravel/framework/src/Illuminate/Database/Query/Builder.php(3277): Illuminate\\Database\\Query\\Builder->get()
#7 /var/www/html/Thames/thamescc-backend/vendor/laravel/framework/src/Illuminate/Database/Query/Builder.php(3244): Illuminate\\Database\\Query\\Builder->runPaginationCountQuery()
#8 /var/www/html/Thames/thamescc-backend/vendor/laravel/framework/src/Illuminate/Database/Eloquent/Builder.php(1029): Illuminate\\Database\\Query\\Builder->getCountForPagination()
#9 /var/www/html/Thames/thamescc-backend/vendor/prettus/l5-repository/src/Prettus/Repository/Eloquent/BaseRepository.php(487): Illuminate\\Database\\Eloquent\\Builder->paginate()
#10 /var/www/html/Thames/thamescc-backend/vendor/prettus/l5-repository/src/Prettus/Repository/Traits/CacheableRepository.php(238): Prettus\\Repository\\Eloquent\\BaseRepository->paginate()
#11 /var/www/html/Thames/thamescc-backend/packages/Webkul/Product/src/Repositories/ProductRepository.php(432): Webkul\\Core\\Eloquent\\Repository->paginate()
#12 /var/www/html/Thames/thamescc-backend/packages/Webkul/Product/src/Repositories/ProductRepository.php(213): Webkul\\Product\\Repositories\\ProductRepository->searchFromDatabase()
#13 /var/www/html/Thames/thamescc-backend/packages/Webkul/Shop/src/Http/Controllers/API/ProductController.php(34): Webkul\\Product\\Repositories\\ProductRepository->getAll()
#14 /var/www/html/Thames/thamescc-backend/vendor/laravel/framework/src/Illuminate/Routing/Controller.php(54): Webkul\\Shop\\Http\\Controllers\\API\\ProductController->index()
#15 /var/www/html/Thames/thamescc-backend/vendor/laravel/framework/src/Illuminate/Routing/ControllerDispatcher.php(44): Illuminate\\Routing\\Controller->callAction()
#16 /var/www/html/Thames/thamescc-backend/vendor/laravel/framework/src/Illuminate/Routing/Route.php(266): Illuminate\\Routing\\ControllerDispatcher->dispatch()
#17 /var/www/html/Thames/thamescc-backend/vendor/laravel/framework/src/Illuminate/Routing/Route.php(212): Illuminate\\Routing\\Route->runController()
#18 /var/www/html/Thames/thamescc-backend/vendor/laravel/framework/src/Illuminate/Routing/Router.php(808): Illuminate\\Routing\\Route->run()
#19 /var/www/html/Thames/thamescc-backend/vendor/laravel/framework/src/Illuminate/Pipeline/Pipeline.php(170): Illuminate\\Routing\\Router->Illuminate\\Routing\\{closure}()
#20 /var/www/html/Thames/thamescc-backend/packages/Webkul/Core/src/Http/Middleware/PreventRequestsDuringMaintenance.php(119): Illuminate\\Pipeline\\Pipeline->Illuminate\\Pipeline\\{closure}()
#21 /var/www/html/Thames/thamescc-backend/vendor/laravel/framework/src/Illuminate/Pipeline/Pipeline.php(209): Webkul\\Core\\Http\\Middleware\\PreventRequestsDuringMaintenance->handle()
#22 /var/www/html/Thames/thamescc-backend/packages/Webkul/Shop/src/Http/Middleware/Currency.php(40): Illuminate\\Pipeline\\Pipeline->Illuminate\\Pipeline\\{closure}()
#23 /var/www/html/Thames/thamescc-backend/vendor/laravel/framework/src/Illuminate/Pipeline/Pipeline.php(209): Webkul\\Shop\\Http\\Middleware\\Currency->handle()
#24 /var/www/html/Thames/thamescc-backend/packages/Webkul/Shop/src/Http/Middleware/Locale.php(40): Illuminate\\Pipeline\\Pipeline->Illuminate\\Pipeline\\{closure}()
#25 /var/www/html/Thames/thamescc-backend/vendor/laravel/framework/src/Illuminate/Pipeline/Pipeline.php(209): Webkul\\Shop\\Http\\Middleware\\Locale->handle()
#26 /var/www/html/Thames/thamescc-backend/packages/Webkul/Shop/src/Http/Middleware/Theme.php(32): Illuminate\\Pipeline\\Pipeline->Illuminate\\Pipeline\\{closure}()
#27 /var/www/html/Thames/thamescc-backend/vendor/laravel/framework/src/Illuminate/Pipeline/Pipeline.php(209): Webkul\\Shop\\Http\\Middleware\\Theme->handle()
#28 /var/www/html/Thames/thamescc-backend/vendor/barryvdh/laravel-debugbar/src/Middleware/InjectDebugbar.php(66): Illuminate\\Pipeline\\Pipeline->Illuminate\\Pipeline\\{closure}()
#29 /var/www/html/Thames/thamescc-backend/vendor/laravel/framework/src/Illuminate/Pipeline/Pipeline.php(209): Barryvdh\\Debugbar\\Middleware\\InjectDebugbar->handle()
#30 /var/www/html/Thames/thamescc-backend/vendor/laravel/framework/src/Illuminate/Routing/Middleware/SubstituteBindings.php(51): Illuminate\\Pipeline\\Pipeline->Illuminate\\Pipeline\\{closure}()
#31 /var/www/html/Thames/thamescc-backend/vendor/laravel/framework/src/Illuminate/Pipeline/Pipeline.php(209): Illuminate\\Routing\\Middleware\\SubstituteBindings->handle()
#32 /var/www/html/Thames/thamescc-backend/vendor/laravel/framework/src/Illuminate/Foundation/Http/Middleware/VerifyCsrfToken.php(88): Illuminate\\Pipeline\\Pipeline->Illuminate\\Pipeline\\{closure}()
#33 /var/www/html/Thames/thamescc-backend/vendor/laravel/framework/src/Illuminate/Pipeline/Pipeline.php(209): Illuminate\\Foundation\\Http\\Middleware\\VerifyCsrfToken->handle()
#34 /var/www/html/Thames/thamescc-backend/vendor/laravel/framework/src/Illuminate/View/Middleware/ShareErrorsFromSession.php(49): Illuminate\\Pipeline\\Pipeline->Illuminate\\Pipeline\\{closure}()
#35 /var/www/html/Thames/thamescc-backend/vendor/laravel/framework/src/Illuminate/Pipeline/Pipeline.php(209): Illuminate\\View\\Middleware\\ShareErrorsFromSession->handle()
#36 /var/www/html/Thames/thamescc-backend/vendor/laravel/framework/src/Illuminate/Session/Middleware/StartSession.php(121): Illuminate\\Pipeline\\Pipeline->Illuminate\\Pipeline\\{closure}()
#37 /var/www/html/Thames/thamescc-backend/vendor/laravel/framework/src/Illuminate/Session/Middleware/StartSession.php(64): Illuminate\\Session\\Middleware\\StartSession->handleStatefulRequest()
#38 /var/www/html/Thames/thamescc-backend/vendor/laravel/framework/src/Illuminate/Pipeline/Pipeline.php(209): Illuminate\\Session\\Middleware\\StartSession->handle()
#39 /var/www/html/Thames/thamescc-backend/vendor/laravel/framework/src/Illuminate/Cookie/Middleware/AddQueuedCookiesToResponse.php(37): Illuminate\\Pipeline\\Pipeline->Illuminate\\Pipeline\\{closure}()
#40 /var/www/html/Thames/thamescc-backend/vendor/laravel/framework/src/Illuminate/Pipeline/Pipeline.php(209): Illuminate\\Cookie\\Middleware\\AddQueuedCookiesToResponse->handle()
#41 /var/www/html/Thames/thamescc-backend/vendor/laravel/framework/src/Illuminate/Cookie/Middleware/EncryptCookies.php(75): Illuminate\\Pipeline\\Pipeline->Illuminate\\Pipeline\\{closure}()
#42 /var/www/html/Thames/thamescc-backend/vendor/laravel/framework/src/Illuminate/Pipeline/Pipeline.php(209): Illuminate\\Cookie\\Middleware\\EncryptCookies->handle()
#43 /var/www/html/Thames/thamescc-backend/vendor/laravel/framework/src/Illuminate/Pipeline/Pipeline.php(127): Illuminate\\Pipeline\\Pipeline->Illuminate\\Pipeline\\{closure}()
#44 /var/www/html/Thames/thamescc-backend/vendor/laravel/framework/src/Illuminate/Routing/Router.php(807): Illuminate\\Pipeline\\Pipeline->then()
#45 /var/www/html/Thames/thamescc-backend/vendor/laravel/framework/src/Illuminate/Routing/Router.php(786): Illuminate\\Routing\\Router->runRouteWithinStack()
#46 /var/www/html/Thames/thamescc-backend/vendor/laravel/framework/src/Illuminate/Routing/Router.php(750): Illuminate\\Routing\\Router->runRoute()
#47 /var/www/html/Thames/thamescc-backend/vendor/laravel/framework/src/Illuminate/Routing/Router.php(739): Illuminate\\Routing\\Router->dispatchToRoute()
#48 /var/www/html/Thames/thamescc-backend/vendor/laravel/framework/src/Illuminate/Foundation/Http/Kernel.php(201): Illuminate\\Routing\\Router->dispatch()
#49 /var/www/html/Thames/thamescc-backend/vendor/laravel/framework/src/Illuminate/Pipeline/Pipeline.php(170): Illuminate\\Foundation\\Http\\Kernel->Illuminate\\Foundation\\Http\\{closure}()
#50 /var/www/html/Thames/thamescc-backend/vendor/barryvdh/laravel-debugbar/src/Middleware/InjectDebugbar.php(66): Illuminate\\Pipeline\\Pipeline->Illuminate\\Pipeline\\{closure}()
#51 /var/www/html/Thames/thamescc-backend/vendor/laravel/framework/src/Illuminate/Pipeline/Pipeline.php(209): Barryvdh\\Debugbar\\Middleware\\InjectDebugbar->handle()
#52 /var/www/html/Thames/thamescc-backend/packages/Webkul/Installer/src/Http/Middleware/CanInstall.php(30): Illuminate\\Pipeline\\Pipeline->Illuminate\\Pipeline\\{closure}()
#53 /var/www/html/Thames/thamescc-backend/vendor/laravel/framework/src/Illuminate/Pipeline/Pipeline.php(209): Webkul\\Installer\\Http\\Middleware\\CanInstall->handle()
#54 /var/www/html/Thames/thamescc-backend/packages/Webkul/Core/src/Http/Middleware/SecureHeaders.php(29): Illuminate\\Pipeline\\Pipeline->Illuminate\\Pipeline\\{closure}()
#55 /var/www/html/Thames/thamescc-backend/vendor/laravel/framework/src/Illuminate/Pipeline/Pipeline.php(209): Webkul\\Core\\Http\\Middleware\\SecureHeaders->handle()
#56 /var/www/html/Thames/thamescc-backend/vendor/laravel/framework/src/Illuminate/Foundation/Http/Middleware/TransformsRequest.php(21): Illuminate\\Pipeline\\Pipeline->Illuminate\\Pipeline\\{closure}()
#57 /var/www/html/Thames/thamescc-backend/vendor/laravel/framework/src/Illuminate/Foundation/Http/Middleware/TrimStrings.php(51): Illuminate\\Foundation\\Http\\Middleware\\TransformsRequest->handle()
#58 /var/www/html/Thames/thamescc-backend/vendor/laravel/framework/src/Illuminate/Pipeline/Pipeline.php(209): Illuminate\\Foundation\\Http\\Middleware\\TrimStrings->handle()
#59 /var/www/html/Thames/thamescc-backend/vendor/laravel/framework/src/Illuminate/Http/Middleware/ValidatePostSize.php(27): Illuminate\\Pipeline\\Pipeline->Illuminate\\Pipeline\\{closure}()
#60 /var/www/html/Thames/thamescc-backend/vendor/laravel/framework/src/Illuminate/Pipeline/Pipeline.php(209): Illuminate\\Http\\Middleware\\ValidatePostSize->handle()
#61 /var/www/html/Thames/thamescc-backend/vendor/laravel/framework/src/Illuminate/Http/Middleware/HandleCors.php(62): Illuminate\\Pipeline\\Pipeline->Illuminate\\Pipeline\\{closure}()
#62 /var/www/html/Thames/thamescc-backend/vendor/laravel/framework/src/Illuminate/Pipeline/Pipeline.php(209): Illuminate\\Http\\Middleware\\HandleCors->handle()
#63 /var/www/html/Thames/thamescc-backend/vendor/laravel/framework/src/Illuminate/Http/Middleware/TrustProxies.php(58): Illuminate\\Pipeline\\Pipeline->Illuminate\\Pipeline\\{closure}()
#64 /var/www/html/Thames/thamescc-backend/vendor/laravel/framework/src/Illuminate/Pipeline/Pipeline.php(209): Illuminate\\Http\\Middleware\\TrustProxies->handle()
#65 /var/www/html/Thames/thamescc-backend/vendor/laravel/framework/src/Illuminate/Foundation/Http/Middleware/InvokeDeferredCallbacks.php(22): Illuminate\\Pipeline\\Pipeline->Illuminate\\Pipeline\\{closure}()
#66 /var/www/html/Thames/thamescc-backend/vendor/laravel/framework/src/Illuminate/Pipeline/Pipeline.php(209): Illuminate\\Foundation\\Http\\Middleware\\InvokeDeferredCallbacks->handle()
#67 /var/www/html/Thames/thamescc-backend/vendor/laravel/framework/src/Illuminate/Pipeline/Pipeline.php(127): Illuminate\\Pipeline\\Pipeline->Illuminate\\Pipeline\\{closure}()
#68 /var/www/html/Thames/thamescc-backend/vendor/laravel/framework/src/Illuminate/Foundation/Http/Kernel.php(176): Illuminate\\Pipeline\\Pipeline->then()
#69 /var/www/html/Thames/thamescc-backend/vendor/laravel/framework/src/Illuminate/Foundation/Http/Kernel.php(145): Illuminate\\Foundation\\Http\\Kernel->sendRequestThroughRouter()
#70 /var/www/html/Thames/thamescc-backend/public/index.php(51): Illuminate\\Foundation\\Http\\Kernel->handle()
#71 /var/www/html/Thames/thamescc-backend/vendor/laravel/framework/src/Illuminate/Foundation/resources/server.php(23): require_once('...')
#72 {main}

[previous exception] [object] (PDOException(code: 42000): SQLSTATE[42000]: Syntax error or access violation: 1066 Not unique table/alias: 'pmp_or_not_product_attribute_values' at /var/www/html/Thames/thamescc-backend/vendor/laravel/framework/src/Illuminate/Database/Connection.php:407)
[stacktrace]
#0 /var/www/html/Thames/thamescc-backend/vendor/laravel/framework/src/Illuminate/Database/Connection.php(407): PDO->prepare()
#1 /var/www/html/Thames/thamescc-backend/vendor/laravel/framework/src/Illuminate/Database/Connection.php(812): Illuminate\\Database\\Connection->Illuminate\\Database\\{closure}()
#2 /var/www/html/Thames/thamescc-backend/vendor/laravel/framework/src/Illuminate/Database/Connection.php(779): Illuminate\\Database\\Connection->runQueryCallback()
#3 /var/www/html/Thames/thamescc-backend/vendor/laravel/framework/src/Illuminate/Database/Connection.php(398): Illuminate\\Database\\Connection->run()
#4 /var/www/html/Thames/thamescc-backend/vendor/laravel/framework/src/Illuminate/Database/Query/Builder.php(3106): Illuminate\\Database\\Connection->select()
#5 /var/www/html/Thames/thamescc-backend/vendor/laravel/framework/src/Illuminate/Database/Query/Builder.php(3091): Illuminate\\Database\\Query\\Builder->runSelect()
#6 /var/www/html/Thames/thamescc-backend/vendor/laravel/framework/src/Illuminate/Database/Query/Builder.php(3676): Illuminate\\Database\\Query\\Builder->Illuminate\\Database\\Query\\{closure}()
#7 /var/www/html/Thames/thamescc-backend/vendor/laravel/framework/src/Illuminate/Database/Query/Builder.php(3090): Illuminate\\Database\\Query\\Builder->onceWithColumns()
#8 /var/www/html/Thames/thamescc-backend/vendor/laravel/framework/src/Illuminate/Database/Query/Builder.php(3277): Illuminate\\Database\\Query\\Builder->get()
#9 /var/www/html/Thames/thamescc-backend/vendor/laravel/framework/src/Illuminate/Database/Query/Builder.php(3244): Illuminate\\Database\\Query\\Builder->runPaginationCountQuery()
#10 /var/www/html/Thames/thamescc-backend/vendor/laravel/framework/src/Illuminate/Database/Eloquent/Builder.php(1029): Illuminate\\Database\\Query\\Builder->getCountForPagination()
#11 /var/www/html/Thames/thamescc-backend/vendor/prettus/l5-repository/src/Prettus/Repository/Eloquent/BaseRepository.php(487): Illuminate\\Database\\Eloquent\\Builder->paginate()
#12 /var/www/html/Thames/thamescc-backend/vendor/prettus/l5-repository/src/Prettus/Repository/Traits/CacheableRepository.php(238): Prettus\\Repository\\Eloquent\\BaseRepository->paginate()
#13 /var/www/html/Thames/thamescc-backend/packages/Webkul/Product/src/Repositories/ProductRepository.php(432): Webkul\\Core\\Eloquent\\Repository->paginate()
#14 /var/www/html/Thames/thamescc-backend/packages/Webkul/Product/src/Repositories/ProductRepository.php(213): Webkul\\Product\\Repositories\\ProductRepository->searchFromDatabase()
#15 /var/www/html/Thames/thamescc-backend/packages/Webkul/Shop/src/Http/Controllers/API/ProductController.php(34): Webkul\\Product\\Repositories\\ProductRepository->getAll()
#16 /var/www/html/Thames/thamescc-backend/vendor/laravel/framework/src/Illuminate/Routing/Controller.php(54): Webkul\\Shop\\Http\\Controllers\\API\\ProductController->index()
#17 /var/www/html/Thames/thamescc-backend/vendor/laravel/framework/src/Illuminate/Routing/ControllerDispatcher.php(44): Illuminate\\Routing\\Controller->callAction()
#18 /var/www/html/Thames/thamescc-backend/vendor/laravel/framework/src/Illuminate/Routing/Route.php(266): Illuminate\\Routing\\ControllerDispatcher->dispatch()
#19 /var/www/html/Thames/thamescc-backend/vendor/laravel/framework/src/Illuminate/Routing/Route.php(212): Illuminate\\Routing\\Route->runController()
#20 /var/www/html/Thames/thamescc-backend/vendor/laravel/framework/src/Illuminate/Routing/Router.php(808): Illuminate\\Routing\\Route->run()
#21 /var/www/html/Thames/thamescc-backend/vendor/laravel/framework/src/Illuminate/Pipeline/Pipeline.php(170): Illuminate\\Routing\\Router->Illuminate\\Routing\\{closure}()
#22 /var/www/html/Thames/thamescc-backend/packages/Webkul/Core/src/Http/Middleware/PreventRequestsDuringMaintenance.php(119): Illuminate\\Pipeline\\Pipeline->Illuminate\\Pipeline\\{closure}()
#23 /var/www/html/Thames/thamescc-backend/vendor/laravel/framework/src/Illuminate/Pipeline/Pipeline.php(209): Webkul\\Core\\Http\\Middleware\\PreventRequestsDuringMaintenance->handle()
#24 /var/www/html/Thames/thamescc-backend/packages/Webkul/Shop/src/Http/Middleware/Currency.php(40): Illuminate\\Pipeline\\Pipeline->Illuminate\\Pipeline\\{closure}()
#25 /var/www/html/Thames/thamescc-backend/vendor/laravel/framework/src/Illuminate/Pipeline/Pipeline.php(209): Webkul\\Shop\\Http\\Middleware\\Currency->handle()
#26 /var/www/html/Thames/thamescc-backend/packages/Webkul/Shop/src/Http/Middleware/Locale.php(40): Illuminate\\Pipeline\\Pipeline->Illuminate\\Pipeline\\{closure}()
#27 /var/www/html/Thames/thamescc-backend/vendor/laravel/framework/src/Illuminate/Pipeline/Pipeline.php(209): Webkul\\Shop\\Http\\Middleware\\Locale->handle()
#28 /var/www/html/Thames/thamescc-backend/packages/Webkul/Shop/src/Http/Middleware/Theme.php(32): Illuminate\\Pipeline\\Pipeline->Illuminate\\Pipeline\\{closure}()
#29 /var/www/html/Thames/thamescc-backend/vendor/laravel/framework/src/Illuminate/Pipeline/Pipeline.php(209): Webkul\\Shop\\Http\\Middleware\\Theme->handle()
#30 /var/www/html/Thames/thamescc-backend/vendor/barryvdh/laravel-debugbar/src/Middleware/InjectDebugbar.php(66): Illuminate\\Pipeline\\Pipeline->Illuminate\\Pipeline\\{closure}()
#31 /var/www/html/Thames/thamescc-backend/vendor/laravel/framework/src/Illuminate/Pipeline/Pipeline.php(209): Barryvdh\\Debugbar\\Middleware\\InjectDebugbar->handle()
#32 /var/www/html/Thames/thamescc-backend/vendor/laravel/framework/src/Illuminate/Routing/Middleware/SubstituteBindings.php(51): Illuminate\\Pipeline\\Pipeline->Illuminate\\Pipeline\\{closure}()
#33 /var/www/html/Thames/thamescc-backend/vendor/laravel/framework/src/Illuminate/Pipeline/Pipeline.php(209): Illuminate\\Routing\\Middleware\\SubstituteBindings->handle()
#34 /var/www/html/Thames/thamescc-backend/vendor/laravel/framework/src/Illuminate/Foundation/Http/Middleware/VerifyCsrfToken.php(88): Illuminate\\Pipeline\\Pipeline->Illuminate\\Pipeline\\{closure}()
#35 /var/www/html/Thames/thamescc-backend/vendor/laravel/framework/src/Illuminate/Pipeline/Pipeline.php(209): Illuminate\\Foundation\\Http\\Middleware\\VerifyCsrfToken->handle()
#36 /var/www/html/Thames/thamescc-backend/vendor/laravel/framework/src/Illuminate/View/Middleware/ShareErrorsFromSession.php(49): Illuminate\\Pipeline\\Pipeline->Illuminate\\Pipeline\\{closure}()
#37 /var/www/html/Thames/thamescc-backend/vendor/laravel/framework/src/Illuminate/Pipeline/Pipeline.php(209): Illuminate\\View\\Middleware\\ShareErrorsFromSession->handle()
#38 /var/www/html/Thames/thamescc-backend/vendor/laravel/framework/src/Illuminate/Session/Middleware/StartSession.php(121): Illuminate\\Pipeline\\Pipeline->Illuminate\\Pipeline\\{closure}()
#39 /var/www/html/Thames/thamescc-backend/vendor/laravel/framework/src/Illuminate/Session/Middleware/StartSession.php(64): Illuminate\\Session\\Middleware\\StartSession->handleStatefulRequest()
#40 /var/www/html/Thames/thamescc-backend/vendor/laravel/framework/src/Illuminate/Pipeline/Pipeline.php(209): Illuminate\\Session\\Middleware\\StartSession->handle()
#41 /var/www/html/Thames/thamescc-backend/vendor/laravel/framework/src/Illuminate/Cookie/Middleware/AddQueuedCookiesToResponse.php(37): Illuminate\\Pipeline\\Pipeline->Illuminate\\Pipeline\\{closure}()
#42 /var/www/html/Thames/thamescc-backend/vendor/laravel/framework/src/Illuminate/Pipeline/Pipeline.php(209): Illuminate\\Cookie\\Middleware\\AddQueuedCookiesToResponse->handle()
#43 /var/www/html/Thames/thamescc-backend/vendor/laravel/framework/src/Illuminate/Cookie/Middleware/EncryptCookies.php(75): Illuminate\\Pipeline\\Pipeline->Illuminate\\Pipeline\\{closure}()
#44 /var/www/html/Thames/thamescc-backend/vendor/laravel/framework/src/Illuminate/Pipeline/Pipeline.php(209): Illuminate\\Cookie\\Middleware\\EncryptCookies->handle()
#45 /var/www/html/Thames/thamescc-backend/vendor/laravel/framework/src/Illuminate/Pipeline/Pipeline.php(127): Illuminate\\Pipeline\\Pipeline->Illuminate\\Pipeline\\{closure}()
#46 /var/www/html/Thames/thamescc-backend/vendor/laravel/framework/src/Illuminate/Routing/Router.php(807): Illuminate\\Pipeline\\Pipeline->then()
#47 /var/www/html/Thames/thamescc-backend/vendor/laravel/framework/src/Illuminate/Routing/Router.php(786): Illuminate\\Routing\\Router->runRouteWithinStack()
#48 /var/www/html/Thames/thamescc-backend/vendor/laravel/framework/src/Illuminate/Routing/Router.php(750): Illuminate\\Routing\\Router->runRoute()
#49 /var/www/html/Thames/thamescc-backend/vendor/laravel/framework/src/Illuminate/Routing/Router.php(739): Illuminate\\Routing\\Router->dispatchToRoute()
#50 /var/www/html/Thames/thamescc-backend/vendor/laravel/framework/src/Illuminate/Foundation/Http/Kernel.php(201): Illuminate\\Routing\\Router->dispatch()
#51 /var/www/html/Thames/thamescc-backend/vendor/laravel/framework/src/Illuminate/Pipeline/Pipeline.php(170): Illuminate\\Foundation\\Http\\Kernel->Illuminate\\Foundation\\Http\\{closure}()
#52 /var/www/html/Thames/thamescc-backend/vendor/barryvdh/laravel-debugbar/src/Middleware/InjectDebugbar.php(66): Illuminate\\Pipeline\\Pipeline->Illuminate\\Pipeline\\{closure}()
#53 /var/www/html/Thames/thamescc-backend/vendor/laravel/framework/src/Illuminate/Pipeline/Pipeline.php(209): Barryvdh\\Debugbar\\Middleware\\InjectDebugbar->handle()
#54 /var/www/html/Thames/thamescc-backend/packages/Webkul/Installer/src/Http/Middleware/CanInstall.php(30): Illuminate\\Pipeline\\Pipeline->Illuminate\\Pipeline\\{closure}()
#55 /var/www/html/Thames/thamescc-backend/vendor/laravel/framework/src/Illuminate/Pipeline/Pipeline.php(209): Webkul\\Installer\\Http\\Middleware\\CanInstall->handle()
#56 /var/www/html/Thames/thamescc-backend/packages/Webkul/Core/src/Http/Middleware/SecureHeaders.php(29): Illuminate\\Pipeline\\Pipeline->Illuminate\\Pipeline\\{closure}()
#57 /var/www/html/Thames/thamescc-backend/vendor/laravel/framework/src/Illuminate/Pipeline/Pipeline.php(209): Webkul\\Core\\Http\\Middleware\\SecureHeaders->handle()
#58 /var/www/html/Thames/thamescc-backend/vendor/laravel/framework/src/Illuminate/Foundation/Http/Middleware/TransformsRequest.php(21): Illuminate\\Pipeline\\Pipeline->Illuminate\\Pipeline\\{closure}()
#59 /var/www/html/Thames/thamescc-backend/vendor/laravel/framework/src/Illuminate/Foundation/Http/Middleware/TrimStrings.php(51): Illuminate\\Foundation\\Http\\Middleware\\TransformsRequest->handle()
#60 /var/www/html/Thames/thamescc-backend/vendor/laravel/framework/src/Illuminate/Pipeline/Pipeline.php(209): Illuminate\\Foundation\\Http\\Middleware\\TrimStrings->handle()
#61 /var/www/html/Thames/thamescc-backend/vendor/laravel/framework/src/Illuminate/Http/Middleware/ValidatePostSize.php(27): Illuminate\\Pipeline\\Pipeline->Illuminate\\Pipeline\\{closure}()
#62 /var/www/html/Thames/thamescc-backend/vendor/laravel/framework/src/Illuminate/Pipeline/Pipeline.php(209): Illuminate\\Http\\Middleware\\ValidatePostSize->handle()
#63 /var/www/html/Thames/thamescc-backend/vendor/laravel/framework/src/Illuminate/Http/Middleware/HandleCors.php(62): Illuminate\\Pipeline\\Pipeline->Illuminate\\Pipeline\\{closure}()
#64 /var/www/html/Thames/thamescc-backend/vendor/laravel/framework/src/Illuminate/Pipeline/Pipeline.php(209): Illuminate\\Http\\Middleware\\HandleCors->handle()
#65 /var/www/html/Thames/thamescc-backend/vendor/laravel/framework/src/Illuminate/Http/Middleware/TrustProxies.php(58): Illuminate\\Pipeline\\Pipeline->Illuminate\\Pipeline\\{closure}()
#66 /var/www/html/Thames/thamescc-backend/vendor/laravel/framework/src/Illuminate/Pipeline/Pipeline.php(209): Illuminate\\Http\\Middleware\\TrustProxies->handle()
#67 /var/www/html/Thames/thamescc-backend/vendor/laravel/framework/src/Illuminate/Foundation/Http/Middleware/InvokeDeferredCallbacks.php(22): Illuminate\\Pipeline\\Pipeline->Illuminate\\Pipeline\\{closure}()
#68 /var/www/html/Thames/thamescc-backend/vendor/laravel/framework/src/Illuminate/Pipeline/Pipeline.php(209): Illuminate\\Foundation\\Http\\Middleware\\InvokeDeferredCallbacks->handle()
#69 /var/www/html/Thames/thamescc-backend/vendor/laravel/framework/src/Illuminate/Pipeline/Pipeline.php(127): Illuminate\\Pipeline\\Pipeline->Illuminate\\Pipeline\\{closure}()
#70 /var/www/html/Thames/thamescc-backend/vendor/laravel/framework/src/Illuminate/Foundation/Http/Kernel.php(176): Illuminate\\Pipeline\\Pipeline->then()
#71 /var/www/html/Thames/thamescc-backend/vendor/laravel/framework/src/Illuminate/Foundation/Http/Kernel.php(145): Illuminate\\Foundation\\Http\\Kernel->sendRequestThroughRouter()
#72 /var/www/html/Thames/thamescc-backend/public/index.php(51): Illuminate\\Foundation\\Http\\Kernel->handle()
#73 /var/www/html/Thames/thamescc-backend/vendor/laravel/framework/src/Illuminate/Foundation/resources/server.php(23): require_once('...')
#74 {main}
"} 
[2025-06-19 12:24:54] local.ERROR: SQLSTATE[42000]: Syntax error or access violation: 1066 Not unique table/alias: 'pmp_or_not_product_attribute_values' (Connection: mysql, SQL: select count(*) as aggregate from (select distinct `products`.* from `products` left join `products` as `variants` on COALESCE(variants.parent_id, variants.id) = `products`.`id` left join `product_price_indices` on `products`.`id` = `product_price_indices`.`product_id` and `product_price_indices`.`customer_group_id` = 1 left join `product_channels` on `products`.`id` = `product_channels`.`product_id` left join `product_attribute_values` as `status_product_attribute_values` on `products`.`id` = `status_product_attribute_values`.`product_id` left join `product_attribute_values` as `url_key_product_attribute_values` on `products`.`id` = `url_key_product_attribute_values`.`product_id` left join `product_attribute_values` as `visible_individually_product_attribute_values` on `products`.`id` = `visible_individually_product_attribute_values`.`product_id` left join `product_attribute_values` as `pmp_or_not_product_attribute_values` on `products`.`id` = `pmp_or_not_product_attribute_values`.`product_id` and `pmp_or_not_product_attribute_values`.`attribute_id` = 49 left join `product_attribute_values` as `prom_id_product_attribute_values` on `products`.`id` = `prom_id_product_attribute_values`.`product_id` and `prom_id_product_attribute_values`.`attribute_id` = 41 left join `product_attribute_values` as `pmp_or_not_variant_attribute_values` on `variants`.`id` = `pmp_or_not_variant_attribute_values`.`product_id` and `pmp_or_not_variant_attribute_values`.`attribute_id` = 49 left join `product_attribute_values` as `prom_id_variant_attribute_values` on `variants`.`id` = `prom_id_variant_attribute_values`.`product_id` and `prom_id_variant_attribute_values`.`attribute_id` = 41 left join `product_attribute_values` as `pmp_or_not_product_attribute_values` on `products`.`id` = `pmp_or_not_product_attribute_values`.`product_id` and `pmp_or_not_product_attribute_values`.`attribute_id` = 49 where `product_channels`.`channel_id` = 1 and `status_product_attribute_values`.`attribute_id` = 8 and `status_product_attribute_values`.`boolean_value` = 1 and `url_key_product_attribute_values`.`attribute_id` = 3 and `url_key_product_attribute_values`.`text_value` is not null and `visible_individually_product_attribute_values`.`attribute_id` = 7 and `visible_individually_product_attribute_values`.`boolean_value` = 1 and ((`pmp_or_not_product_attribute_values`.`text_value` in (, PMP) and `prom_id_product_attribute_values`.`text_value` in ()) or (`pmp_or_not_variant_attribute_values`.`text_value` in (, PMP) and `prom_id_variant_attribute_values`.`text_value` in ())) and `pmp_or_not_product_attribute_values`.`text_value` in (, PMP) group by `products`.`id`, `products`.`id`) as `aggregate_table`) {"exception":"[object] (Illuminate\\Database\\QueryException(code: 42000): SQLSTATE[42000]: Syntax error or access violation: 1066 Not unique table/alias: 'pmp_or_not_product_attribute_values' (Connection: mysql, SQL: select count(*) as aggregate from (select distinct `products`.* from `products` left join `products` as `variants` on COALESCE(variants.parent_id, variants.id) = `products`.`id` left join `product_price_indices` on `products`.`id` = `product_price_indices`.`product_id` and `product_price_indices`.`customer_group_id` = 1 left join `product_channels` on `products`.`id` = `product_channels`.`product_id` left join `product_attribute_values` as `status_product_attribute_values` on `products`.`id` = `status_product_attribute_values`.`product_id` left join `product_attribute_values` as `url_key_product_attribute_values` on `products`.`id` = `url_key_product_attribute_values`.`product_id` left join `product_attribute_values` as `visible_individually_product_attribute_values` on `products`.`id` = `visible_individually_product_attribute_values`.`product_id` left join `product_attribute_values` as `pmp_or_not_product_attribute_values` on `products`.`id` = `pmp_or_not_product_attribute_values`.`product_id` and `pmp_or_not_product_attribute_values`.`attribute_id` = 49 left join `product_attribute_values` as `prom_id_product_attribute_values` on `products`.`id` = `prom_id_product_attribute_values`.`product_id` and `prom_id_product_attribute_values`.`attribute_id` = 41 left join `product_attribute_values` as `pmp_or_not_variant_attribute_values` on `variants`.`id` = `pmp_or_not_variant_attribute_values`.`product_id` and `pmp_or_not_variant_attribute_values`.`attribute_id` = 49 left join `product_attribute_values` as `prom_id_variant_attribute_values` on `variants`.`id` = `prom_id_variant_attribute_values`.`product_id` and `prom_id_variant_attribute_values`.`attribute_id` = 41 left join `product_attribute_values` as `pmp_or_not_product_attribute_values` on `products`.`id` = `pmp_or_not_product_attribute_values`.`product_id` and `pmp_or_not_product_attribute_values`.`attribute_id` = 49 where `product_channels`.`channel_id` = 1 and `status_product_attribute_values`.`attribute_id` = 8 and `status_product_attribute_values`.`boolean_value` = 1 and `url_key_product_attribute_values`.`attribute_id` = 3 and `url_key_product_attribute_values`.`text_value` is not null and `visible_individually_product_attribute_values`.`attribute_id` = 7 and `visible_individually_product_attribute_values`.`boolean_value` = 1 and ((`pmp_or_not_product_attribute_values`.`text_value` in (, PMP) and `prom_id_product_attribute_values`.`text_value` in ()) or (`pmp_or_not_variant_attribute_values`.`text_value` in (, PMP) and `prom_id_variant_attribute_values`.`text_value` in ())) and `pmp_or_not_product_attribute_values`.`text_value` in (, PMP) group by `products`.`id`, `products`.`id`) as `aggregate_table`) at /var/www/html/Thames/thamescc-backend/vendor/laravel/framework/src/Illuminate/Database/Connection.php:825)
[stacktrace]
#0 /var/www/html/Thames/thamescc-backend/vendor/laravel/framework/src/Illuminate/Database/Connection.php(779): Illuminate\\Database\\Connection->runQueryCallback()
#1 /var/www/html/Thames/thamescc-backend/vendor/laravel/framework/src/Illuminate/Database/Connection.php(398): Illuminate\\Database\\Connection->run()
#2 /var/www/html/Thames/thamescc-backend/vendor/laravel/framework/src/Illuminate/Database/Query/Builder.php(3106): Illuminate\\Database\\Connection->select()
#3 /var/www/html/Thames/thamescc-backend/vendor/laravel/framework/src/Illuminate/Database/Query/Builder.php(3091): Illuminate\\Database\\Query\\Builder->runSelect()
#4 /var/www/html/Thames/thamescc-backend/vendor/laravel/framework/src/Illuminate/Database/Query/Builder.php(3676): Illuminate\\Database\\Query\\Builder->Illuminate\\Database\\Query\\{closure}()
#5 /var/www/html/Thames/thamescc-backend/vendor/laravel/framework/src/Illuminate/Database/Query/Builder.php(3090): Illuminate\\Database\\Query\\Builder->onceWithColumns()
#6 /var/www/html/Thames/thamescc-backend/vendor/laravel/framework/src/Illuminate/Database/Query/Builder.php(3277): Illuminate\\Database\\Query\\Builder->get()
#7 /var/www/html/Thames/thamescc-backend/vendor/laravel/framework/src/Illuminate/Database/Query/Builder.php(3244): Illuminate\\Database\\Query\\Builder->runPaginationCountQuery()
#8 /var/www/html/Thames/thamescc-backend/vendor/laravel/framework/src/Illuminate/Database/Eloquent/Builder.php(1029): Illuminate\\Database\\Query\\Builder->getCountForPagination()
#9 /var/www/html/Thames/thamescc-backend/vendor/prettus/l5-repository/src/Prettus/Repository/Eloquent/BaseRepository.php(487): Illuminate\\Database\\Eloquent\\Builder->paginate()
#10 /var/www/html/Thames/thamescc-backend/vendor/prettus/l5-repository/src/Prettus/Repository/Traits/CacheableRepository.php(238): Prettus\\Repository\\Eloquent\\BaseRepository->paginate()
#11 /var/www/html/Thames/thamescc-backend/packages/Webkul/Product/src/Repositories/ProductRepository.php(454): Webkul\\Core\\Eloquent\\Repository->paginate()
#12 /var/www/html/Thames/thamescc-backend/packages/Webkul/Product/src/Repositories/ProductRepository.php(213): Webkul\\Product\\Repositories\\ProductRepository->searchFromDatabase()
#13 /var/www/html/Thames/thamescc-backend/packages/Webkul/Shop/src/Http/Controllers/API/ProductController.php(34): Webkul\\Product\\Repositories\\ProductRepository->getAll()
#14 /var/www/html/Thames/thamescc-backend/vendor/laravel/framework/src/Illuminate/Routing/Controller.php(54): Webkul\\Shop\\Http\\Controllers\\API\\ProductController->index()
#15 /var/www/html/Thames/thamescc-backend/vendor/laravel/framework/src/Illuminate/Routing/ControllerDispatcher.php(44): Illuminate\\Routing\\Controller->callAction()
#16 /var/www/html/Thames/thamescc-backend/vendor/laravel/framework/src/Illuminate/Routing/Route.php(266): Illuminate\\Routing\\ControllerDispatcher->dispatch()
#17 /var/www/html/Thames/thamescc-backend/vendor/laravel/framework/src/Illuminate/Routing/Route.php(212): Illuminate\\Routing\\Route->runController()
#18 /var/www/html/Thames/thamescc-backend/vendor/laravel/framework/src/Illuminate/Routing/Router.php(808): Illuminate\\Routing\\Route->run()
#19 /var/www/html/Thames/thamescc-backend/vendor/laravel/framework/src/Illuminate/Pipeline/Pipeline.php(170): Illuminate\\Routing\\Router->Illuminate\\Routing\\{closure}()
#20 /var/www/html/Thames/thamescc-backend/packages/Webkul/Core/src/Http/Middleware/PreventRequestsDuringMaintenance.php(119): Illuminate\\Pipeline\\Pipeline->Illuminate\\Pipeline\\{closure}()
#21 /var/www/html/Thames/thamescc-backend/vendor/laravel/framework/src/Illuminate/Pipeline/Pipeline.php(209): Webkul\\Core\\Http\\Middleware\\PreventRequestsDuringMaintenance->handle()
#22 /var/www/html/Thames/thamescc-backend/packages/Webkul/Shop/src/Http/Middleware/Currency.php(40): Illuminate\\Pipeline\\Pipeline->Illuminate\\Pipeline\\{closure}()
#23 /var/www/html/Thames/thamescc-backend/vendor/laravel/framework/src/Illuminate/Pipeline/Pipeline.php(209): Webkul\\Shop\\Http\\Middleware\\Currency->handle()
#24 /var/www/html/Thames/thamescc-backend/packages/Webkul/Shop/src/Http/Middleware/Locale.php(40): Illuminate\\Pipeline\\Pipeline->Illuminate\\Pipeline\\{closure}()
#25 /var/www/html/Thames/thamescc-backend/vendor/laravel/framework/src/Illuminate/Pipeline/Pipeline.php(209): Webkul\\Shop\\Http\\Middleware\\Locale->handle()
#26 /var/www/html/Thames/thamescc-backend/packages/Webkul/Shop/src/Http/Middleware/Theme.php(32): Illuminate\\Pipeline\\Pipeline->Illuminate\\Pipeline\\{closure}()
#27 /var/www/html/Thames/thamescc-backend/vendor/laravel/framework/src/Illuminate/Pipeline/Pipeline.php(209): Webkul\\Shop\\Http\\Middleware\\Theme->handle()
#28 /var/www/html/Thames/thamescc-backend/vendor/barryvdh/laravel-debugbar/src/Middleware/InjectDebugbar.php(66): Illuminate\\Pipeline\\Pipeline->Illuminate\\Pipeline\\{closure}()
#29 /var/www/html/Thames/thamescc-backend/vendor/laravel/framework/src/Illuminate/Pipeline/Pipeline.php(209): Barryvdh\\Debugbar\\Middleware\\InjectDebugbar->handle()
#30 /var/www/html/Thames/thamescc-backend/vendor/laravel/framework/src/Illuminate/Routing/Middleware/SubstituteBindings.php(51): Illuminate\\Pipeline\\Pipeline->Illuminate\\Pipeline\\{closure}()
#31 /var/www/html/Thames/thamescc-backend/vendor/laravel/framework/src/Illuminate/Pipeline/Pipeline.php(209): Illuminate\\Routing\\Middleware\\SubstituteBindings->handle()
#32 /var/www/html/Thames/thamescc-backend/vendor/laravel/framework/src/Illuminate/Foundation/Http/Middleware/VerifyCsrfToken.php(88): Illuminate\\Pipeline\\Pipeline->Illuminate\\Pipeline\\{closure}()
#33 /var/www/html/Thames/thamescc-backend/vendor/laravel/framework/src/Illuminate/Pipeline/Pipeline.php(209): Illuminate\\Foundation\\Http\\Middleware\\VerifyCsrfToken->handle()
#34 /var/www/html/Thames/thamescc-backend/vendor/laravel/framework/src/Illuminate/View/Middleware/ShareErrorsFromSession.php(49): Illuminate\\Pipeline\\Pipeline->Illuminate\\Pipeline\\{closure}()
#35 /var/www/html/Thames/thamescc-backend/vendor/laravel/framework/src/Illuminate/Pipeline/Pipeline.php(209): Illuminate\\View\\Middleware\\ShareErrorsFromSession->handle()
#36 /var/www/html/Thames/thamescc-backend/vendor/laravel/framework/src/Illuminate/Session/Middleware/StartSession.php(121): Illuminate\\Pipeline\\Pipeline->Illuminate\\Pipeline\\{closure}()
#37 /var/www/html/Thames/thamescc-backend/vendor/laravel/framework/src/Illuminate/Session/Middleware/StartSession.php(64): Illuminate\\Session\\Middleware\\StartSession->handleStatefulRequest()
#38 /var/www/html/Thames/thamescc-backend/vendor/laravel/framework/src/Illuminate/Pipeline/Pipeline.php(209): Illuminate\\Session\\Middleware\\StartSession->handle()
#39 /var/www/html/Thames/thamescc-backend/vendor/laravel/framework/src/Illuminate/Cookie/Middleware/AddQueuedCookiesToResponse.php(37): Illuminate\\Pipeline\\Pipeline->Illuminate\\Pipeline\\{closure}()
#40 /var/www/html/Thames/thamescc-backend/vendor/laravel/framework/src/Illuminate/Pipeline/Pipeline.php(209): Illuminate\\Cookie\\Middleware\\AddQueuedCookiesToResponse->handle()
#41 /var/www/html/Thames/thamescc-backend/vendor/laravel/framework/src/Illuminate/Cookie/Middleware/EncryptCookies.php(75): Illuminate\\Pipeline\\Pipeline->Illuminate\\Pipeline\\{closure}()
#42 /var/www/html/Thames/thamescc-backend/vendor/laravel/framework/src/Illuminate/Pipeline/Pipeline.php(209): Illuminate\\Cookie\\Middleware\\EncryptCookies->handle()
#43 /var/www/html/Thames/thamescc-backend/vendor/laravel/framework/src/Illuminate/Pipeline/Pipeline.php(127): Illuminate\\Pipeline\\Pipeline->Illuminate\\Pipeline\\{closure}()
#44 /var/www/html/Thames/thamescc-backend/vendor/laravel/framework/src/Illuminate/Routing/Router.php(807): Illuminate\\Pipeline\\Pipeline->then()
#45 /var/www/html/Thames/thamescc-backend/vendor/laravel/framework/src/Illuminate/Routing/Router.php(786): Illuminate\\Routing\\Router->runRouteWithinStack()
#46 /var/www/html/Thames/thamescc-backend/vendor/laravel/framework/src/Illuminate/Routing/Router.php(750): Illuminate\\Routing\\Router->runRoute()
#47 /var/www/html/Thames/thamescc-backend/vendor/laravel/framework/src/Illuminate/Routing/Router.php(739): Illuminate\\Routing\\Router->dispatchToRoute()
#48 /var/www/html/Thames/thamescc-backend/vendor/laravel/framework/src/Illuminate/Foundation/Http/Kernel.php(201): Illuminate\\Routing\\Router->dispatch()
#49 /var/www/html/Thames/thamescc-backend/vendor/laravel/framework/src/Illuminate/Pipeline/Pipeline.php(170): Illuminate\\Foundation\\Http\\Kernel->Illuminate\\Foundation\\Http\\{closure}()
#50 /var/www/html/Thames/thamescc-backend/vendor/barryvdh/laravel-debugbar/src/Middleware/InjectDebugbar.php(66): Illuminate\\Pipeline\\Pipeline->Illuminate\\Pipeline\\{closure}()
#51 /var/www/html/Thames/thamescc-backend/vendor/laravel/framework/src/Illuminate/Pipeline/Pipeline.php(209): Barryvdh\\Debugbar\\Middleware\\InjectDebugbar->handle()
#52 /var/www/html/Thames/thamescc-backend/packages/Webkul/Installer/src/Http/Middleware/CanInstall.php(30): Illuminate\\Pipeline\\Pipeline->Illuminate\\Pipeline\\{closure}()
#53 /var/www/html/Thames/thamescc-backend/vendor/laravel/framework/src/Illuminate/Pipeline/Pipeline.php(209): Webkul\\Installer\\Http\\Middleware\\CanInstall->handle()
#54 /var/www/html/Thames/thamescc-backend/packages/Webkul/Core/src/Http/Middleware/SecureHeaders.php(29): Illuminate\\Pipeline\\Pipeline->Illuminate\\Pipeline\\{closure}()
#55 /var/www/html/Thames/thamescc-backend/vendor/laravel/framework/src/Illuminate/Pipeline/Pipeline.php(209): Webkul\\Core\\Http\\Middleware\\SecureHeaders->handle()
#56 /var/www/html/Thames/thamescc-backend/vendor/laravel/framework/src/Illuminate/Foundation/Http/Middleware/TransformsRequest.php(21): Illuminate\\Pipeline\\Pipeline->Illuminate\\Pipeline\\{closure}()
#57 /var/www/html/Thames/thamescc-backend/vendor/laravel/framework/src/Illuminate/Foundation/Http/Middleware/TrimStrings.php(51): Illuminate\\Foundation\\Http\\Middleware\\TransformsRequest->handle()
#58 /var/www/html/Thames/thamescc-backend/vendor/laravel/framework/src/Illuminate/Pipeline/Pipeline.php(209): Illuminate\\Foundation\\Http\\Middleware\\TrimStrings->handle()
#59 /var/www/html/Thames/thamescc-backend/vendor/laravel/framework/src/Illuminate/Http/Middleware/ValidatePostSize.php(27): Illuminate\\Pipeline\\Pipeline->Illuminate\\Pipeline\\{closure}()
#60 /var/www/html/Thames/thamescc-backend/vendor/laravel/framework/src/Illuminate/Pipeline/Pipeline.php(209): Illuminate\\Http\\Middleware\\ValidatePostSize->handle()
#61 /var/www/html/Thames/thamescc-backend/vendor/laravel/framework/src/Illuminate/Http/Middleware/HandleCors.php(62): Illuminate\\Pipeline\\Pipeline->Illuminate\\Pipeline\\{closure}()
#62 /var/www/html/Thames/thamescc-backend/vendor/laravel/framework/src/Illuminate/Pipeline/Pipeline.php(209): Illuminate\\Http\\Middleware\\HandleCors->handle()
#63 /var/www/html/Thames/thamescc-backend/vendor/laravel/framework/src/Illuminate/Http/Middleware/TrustProxies.php(58): Illuminate\\Pipeline\\Pipeline->Illuminate\\Pipeline\\{closure}()
#64 /var/www/html/Thames/thamescc-backend/vendor/laravel/framework/src/Illuminate/Pipeline/Pipeline.php(209): Illuminate\\Http\\Middleware\\TrustProxies->handle()
#65 /var/www/html/Thames/thamescc-backend/vendor/laravel/framework/src/Illuminate/Foundation/Http/Middleware/InvokeDeferredCallbacks.php(22): Illuminate\\Pipeline\\Pipeline->Illuminate\\Pipeline\\{closure}()
#66 /var/www/html/Thames/thamescc-backend/vendor/laravel/framework/src/Illuminate/Pipeline/Pipeline.php(209): Illuminate\\Foundation\\Http\\Middleware\\InvokeDeferredCallbacks->handle()
#67 /var/www/html/Thames/thamescc-backend/vendor/laravel/framework/src/Illuminate/Pipeline/Pipeline.php(127): Illuminate\\Pipeline\\Pipeline->Illuminate\\Pipeline\\{closure}()
#68 /var/www/html/Thames/thamescc-backend/vendor/laravel/framework/src/Illuminate/Foundation/Http/Kernel.php(176): Illuminate\\Pipeline\\Pipeline->then()
#69 /var/www/html/Thames/thamescc-backend/vendor/laravel/framework/src/Illuminate/Foundation/Http/Kernel.php(145): Illuminate\\Foundation\\Http\\Kernel->sendRequestThroughRouter()
#70 /var/www/html/Thames/thamescc-backend/public/index.php(51): Illuminate\\Foundation\\Http\\Kernel->handle()
#71 /var/www/html/Thames/thamescc-backend/vendor/laravel/framework/src/Illuminate/Foundation/resources/server.php(23): require_once('...')
#72 {main}

[previous exception] [object] (PDOException(code: 42000): SQLSTATE[42000]: Syntax error or access violation: 1066 Not unique table/alias: 'pmp_or_not_product_attribute_values' at /var/www/html/Thames/thamescc-backend/vendor/laravel/framework/src/Illuminate/Database/Connection.php:407)
[stacktrace]
#0 /var/www/html/Thames/thamescc-backend/vendor/laravel/framework/src/Illuminate/Database/Connection.php(407): PDO->prepare()
#1 /var/www/html/Thames/thamescc-backend/vendor/laravel/framework/src/Illuminate/Database/Connection.php(812): Illuminate\\Database\\Connection->Illuminate\\Database\\{closure}()
#2 /var/www/html/Thames/thamescc-backend/vendor/laravel/framework/src/Illuminate/Database/Connection.php(779): Illuminate\\Database\\Connection->runQueryCallback()
#3 /var/www/html/Thames/thamescc-backend/vendor/laravel/framework/src/Illuminate/Database/Connection.php(398): Illuminate\\Database\\Connection->run()
#4 /var/www/html/Thames/thamescc-backend/vendor/laravel/framework/src/Illuminate/Database/Query/Builder.php(3106): Illuminate\\Database\\Connection->select()
#5 /var/www/html/Thames/thamescc-backend/vendor/laravel/framework/src/Illuminate/Database/Query/Builder.php(3091): Illuminate\\Database\\Query\\Builder->runSelect()
#6 /var/www/html/Thames/thamescc-backend/vendor/laravel/framework/src/Illuminate/Database/Query/Builder.php(3676): Illuminate\\Database\\Query\\Builder->Illuminate\\Database\\Query\\{closure}()
#7 /var/www/html/Thames/thamescc-backend/vendor/laravel/framework/src/Illuminate/Database/Query/Builder.php(3090): Illuminate\\Database\\Query\\Builder->onceWithColumns()
#8 /var/www/html/Thames/thamescc-backend/vendor/laravel/framework/src/Illuminate/Database/Query/Builder.php(3277): Illuminate\\Database\\Query\\Builder->get()
#9 /var/www/html/Thames/thamescc-backend/vendor/laravel/framework/src/Illuminate/Database/Query/Builder.php(3244): Illuminate\\Database\\Query\\Builder->runPaginationCountQuery()
#10 /var/www/html/Thames/thamescc-backend/vendor/laravel/framework/src/Illuminate/Database/Eloquent/Builder.php(1029): Illuminate\\Database\\Query\\Builder->getCountForPagination()
#11 /var/www/html/Thames/thamescc-backend/vendor/prettus/l5-repository/src/Prettus/Repository/Eloquent/BaseRepository.php(487): Illuminate\\Database\\Eloquent\\Builder->paginate()
#12 /var/www/html/Thames/thamescc-backend/vendor/prettus/l5-repository/src/Prettus/Repository/Traits/CacheableRepository.php(238): Prettus\\Repository\\Eloquent\\BaseRepository->paginate()
#13 /var/www/html/Thames/thamescc-backend/packages/Webkul/Product/src/Repositories/ProductRepository.php(454): Webkul\\Core\\Eloquent\\Repository->paginate()
#14 /var/www/html/Thames/thamescc-backend/packages/Webkul/Product/src/Repositories/ProductRepository.php(213): Webkul\\Product\\Repositories\\ProductRepository->searchFromDatabase()
#15 /var/www/html/Thames/thamescc-backend/packages/Webkul/Shop/src/Http/Controllers/API/ProductController.php(34): Webkul\\Product\\Repositories\\ProductRepository->getAll()
#16 /var/www/html/Thames/thamescc-backend/vendor/laravel/framework/src/Illuminate/Routing/Controller.php(54): Webkul\\Shop\\Http\\Controllers\\API\\ProductController->index()
#17 /var/www/html/Thames/thamescc-backend/vendor/laravel/framework/src/Illuminate/Routing/ControllerDispatcher.php(44): Illuminate\\Routing\\Controller->callAction()
#18 /var/www/html/Thames/thamescc-backend/vendor/laravel/framework/src/Illuminate/Routing/Route.php(266): Illuminate\\Routing\\ControllerDispatcher->dispatch()
#19 /var/www/html/Thames/thamescc-backend/vendor/laravel/framework/src/Illuminate/Routing/Route.php(212): Illuminate\\Routing\\Route->runController()
#20 /var/www/html/Thames/thamescc-backend/vendor/laravel/framework/src/Illuminate/Routing/Router.php(808): Illuminate\\Routing\\Route->run()
#21 /var/www/html/Thames/thamescc-backend/vendor/laravel/framework/src/Illuminate/Pipeline/Pipeline.php(170): Illuminate\\Routing\\Router->Illuminate\\Routing\\{closure}()
#22 /var/www/html/Thames/thamescc-backend/packages/Webkul/Core/src/Http/Middleware/PreventRequestsDuringMaintenance.php(119): Illuminate\\Pipeline\\Pipeline->Illuminate\\Pipeline\\{closure}()
#23 /var/www/html/Thames/thamescc-backend/vendor/laravel/framework/src/Illuminate/Pipeline/Pipeline.php(209): Webkul\\Core\\Http\\Middleware\\PreventRequestsDuringMaintenance->handle()
#24 /var/www/html/Thames/thamescc-backend/packages/Webkul/Shop/src/Http/Middleware/Currency.php(40): Illuminate\\Pipeline\\Pipeline->Illuminate\\Pipeline\\{closure}()
#25 /var/www/html/Thames/thamescc-backend/vendor/laravel/framework/src/Illuminate/Pipeline/Pipeline.php(209): Webkul\\Shop\\Http\\Middleware\\Currency->handle()
#26 /var/www/html/Thames/thamescc-backend/packages/Webkul/Shop/src/Http/Middleware/Locale.php(40): Illuminate\\Pipeline\\Pipeline->Illuminate\\Pipeline\\{closure}()
#27 /var/www/html/Thames/thamescc-backend/vendor/laravel/framework/src/Illuminate/Pipeline/Pipeline.php(209): Webkul\\Shop\\Http\\Middleware\\Locale->handle()
#28 /var/www/html/Thames/thamescc-backend/packages/Webkul/Shop/src/Http/Middleware/Theme.php(32): Illuminate\\Pipeline\\Pipeline->Illuminate\\Pipeline\\{closure}()
#29 /var/www/html/Thames/thamescc-backend/vendor/laravel/framework/src/Illuminate/Pipeline/Pipeline.php(209): Webkul\\Shop\\Http\\Middleware\\Theme->handle()
#30 /var/www/html/Thames/thamescc-backend/vendor/barryvdh/laravel-debugbar/src/Middleware/InjectDebugbar.php(66): Illuminate\\Pipeline\\Pipeline->Illuminate\\Pipeline\\{closure}()
#31 /var/www/html/Thames/thamescc-backend/vendor/laravel/framework/src/Illuminate/Pipeline/Pipeline.php(209): Barryvdh\\Debugbar\\Middleware\\InjectDebugbar->handle()
#32 /var/www/html/Thames/thamescc-backend/vendor/laravel/framework/src/Illuminate/Routing/Middleware/SubstituteBindings.php(51): Illuminate\\Pipeline\\Pipeline->Illuminate\\Pipeline\\{closure}()
#33 /var/www/html/Thames/thamescc-backend/vendor/laravel/framework/src/Illuminate/Pipeline/Pipeline.php(209): Illuminate\\Routing\\Middleware\\SubstituteBindings->handle()
#34 /var/www/html/Thames/thamescc-backend/vendor/laravel/framework/src/Illuminate/Foundation/Http/Middleware/VerifyCsrfToken.php(88): Illuminate\\Pipeline\\Pipeline->Illuminate\\Pipeline\\{closure}()
#35 /var/www/html/Thames/thamescc-backend/vendor/laravel/framework/src/Illuminate/Pipeline/Pipeline.php(209): Illuminate\\Foundation\\Http\\Middleware\\VerifyCsrfToken->handle()
#36 /var/www/html/Thames/thamescc-backend/vendor/laravel/framework/src/Illuminate/View/Middleware/ShareErrorsFromSession.php(49): Illuminate\\Pipeline\\Pipeline->Illuminate\\Pipeline\\{closure}()
#37 /var/www/html/Thames/thamescc-backend/vendor/laravel/framework/src/Illuminate/Pipeline/Pipeline.php(209): Illuminate\\View\\Middleware\\ShareErrorsFromSession->handle()
#38 /var/www/html/Thames/thamescc-backend/vendor/laravel/framework/src/Illuminate/Session/Middleware/StartSession.php(121): Illuminate\\Pipeline\\Pipeline->Illuminate\\Pipeline\\{closure}()
#39 /var/www/html/Thames/thamescc-backend/vendor/laravel/framework/src/Illuminate/Session/Middleware/StartSession.php(64): Illuminate\\Session\\Middleware\\StartSession->handleStatefulRequest()
#40 /var/www/html/Thames/thamescc-backend/vendor/laravel/framework/src/Illuminate/Pipeline/Pipeline.php(209): Illuminate\\Session\\Middleware\\StartSession->handle()
#41 /var/www/html/Thames/thamescc-backend/vendor/laravel/framework/src/Illuminate/Cookie/Middleware/AddQueuedCookiesToResponse.php(37): Illuminate\\Pipeline\\Pipeline->Illuminate\\Pipeline\\{closure}()
#42 /var/www/html/Thames/thamescc-backend/vendor/laravel/framework/src/Illuminate/Pipeline/Pipeline.php(209): Illuminate\\Cookie\\Middleware\\AddQueuedCookiesToResponse->handle()
#43 /var/www/html/Thames/thamescc-backend/vendor/laravel/framework/src/Illuminate/Cookie/Middleware/EncryptCookies.php(75): Illuminate\\Pipeline\\Pipeline->Illuminate\\Pipeline\\{closure}()
#44 /var/www/html/Thames/thamescc-backend/vendor/laravel/framework/src/Illuminate/Pipeline/Pipeline.php(209): Illuminate\\Cookie\\Middleware\\EncryptCookies->handle()
#45 /var/www/html/Thames/thamescc-backend/vendor/laravel/framework/src/Illuminate/Pipeline/Pipeline.php(127): Illuminate\\Pipeline\\Pipeline->Illuminate\\Pipeline\\{closure}()
#46 /var/www/html/Thames/thamescc-backend/vendor/laravel/framework/src/Illuminate/Routing/Router.php(807): Illuminate\\Pipeline\\Pipeline->then()
#47 /var/www/html/Thames/thamescc-backend/vendor/laravel/framework/src/Illuminate/Routing/Router.php(786): Illuminate\\Routing\\Router->runRouteWithinStack()
#48 /var/www/html/Thames/thamescc-backend/vendor/laravel/framework/src/Illuminate/Routing/Router.php(750): Illuminate\\Routing\\Router->runRoute()
#49 /var/www/html/Thames/thamescc-backend/vendor/laravel/framework/src/Illuminate/Routing/Router.php(739): Illuminate\\Routing\\Router->dispatchToRoute()
#50 /var/www/html/Thames/thamescc-backend/vendor/laravel/framework/src/Illuminate/Foundation/Http/Kernel.php(201): Illuminate\\Routing\\Router->dispatch()
#51 /var/www/html/Thames/thamescc-backend/vendor/laravel/framework/src/Illuminate/Pipeline/Pipeline.php(170): Illuminate\\Foundation\\Http\\Kernel->Illuminate\\Foundation\\Http\\{closure}()
#52 /var/www/html/Thames/thamescc-backend/vendor/barryvdh/laravel-debugbar/src/Middleware/InjectDebugbar.php(66): Illuminate\\Pipeline\\Pipeline->Illuminate\\Pipeline\\{closure}()
#53 /var/www/html/Thames/thamescc-backend/vendor/laravel/framework/src/Illuminate/Pipeline/Pipeline.php(209): Barryvdh\\Debugbar\\Middleware\\InjectDebugbar->handle()
#54 /var/www/html/Thames/thamescc-backend/packages/Webkul/Installer/src/Http/Middleware/CanInstall.php(30): Illuminate\\Pipeline\\Pipeline->Illuminate\\Pipeline\\{closure}()
#55 /var/www/html/Thames/thamescc-backend/vendor/laravel/framework/src/Illuminate/Pipeline/Pipeline.php(209): Webkul\\Installer\\Http\\Middleware\\CanInstall->handle()
#56 /var/www/html/Thames/thamescc-backend/packages/Webkul/Core/src/Http/Middleware/SecureHeaders.php(29): Illuminate\\Pipeline\\Pipeline->Illuminate\\Pipeline\\{closure}()
#57 /var/www/html/Thames/thamescc-backend/vendor/laravel/framework/src/Illuminate/Pipeline/Pipeline.php(209): Webkul\\Core\\Http\\Middleware\\SecureHeaders->handle()
#58 /var/www/html/Thames/thamescc-backend/vendor/laravel/framework/src/Illuminate/Foundation/Http/Middleware/TransformsRequest.php(21): Illuminate\\Pipeline\\Pipeline->Illuminate\\Pipeline\\{closure}()
#59 /var/www/html/Thames/thamescc-backend/vendor/laravel/framework/src/Illuminate/Foundation/Http/Middleware/TrimStrings.php(51): Illuminate\\Foundation\\Http\\Middleware\\TransformsRequest->handle()
#60 /var/www/html/Thames/thamescc-backend/vendor/laravel/framework/src/Illuminate/Pipeline/Pipeline.php(209): Illuminate\\Foundation\\Http\\Middleware\\TrimStrings->handle()
#61 /var/www/html/Thames/thamescc-backend/vendor/laravel/framework/src/Illuminate/Http/Middleware/ValidatePostSize.php(27): Illuminate\\Pipeline\\Pipeline->Illuminate\\Pipeline\\{closure}()
#62 /var/www/html/Thames/thamescc-backend/vendor/laravel/framework/src/Illuminate/Pipeline/Pipeline.php(209): Illuminate\\Http\\Middleware\\ValidatePostSize->handle()
#63 /var/www/html/Thames/thamescc-backend/vendor/laravel/framework/src/Illuminate/Http/Middleware/HandleCors.php(62): Illuminate\\Pipeline\\Pipeline->Illuminate\\Pipeline\\{closure}()
#64 /var/www/html/Thames/thamescc-backend/vendor/laravel/framework/src/Illuminate/Pipeline/Pipeline.php(209): Illuminate\\Http\\Middleware\\HandleCors->handle()
#65 /var/www/html/Thames/thamescc-backend/vendor/laravel/framework/src/Illuminate/Http/Middleware/TrustProxies.php(58): Illuminate\\Pipeline\\Pipeline->Illuminate\\Pipeline\\{closure}()
#66 /var/www/html/Thames/thamescc-backend/vendor/laravel/framework/src/Illuminate/Pipeline/Pipeline.php(209): Illuminate\\Http\\Middleware\\TrustProxies->handle()
#67 /var/www/html/Thames/thamescc-backend/vendor/laravel/framework/src/Illuminate/Foundation/Http/Middleware/InvokeDeferredCallbacks.php(22): Illuminate\\Pipeline\\Pipeline->Illuminate\\Pipeline\\{closure}()
#68 /var/www/html/Thames/thamescc-backend/vendor/laravel/framework/src/Illuminate/Pipeline/Pipeline.php(209): Illuminate\\Foundation\\Http\\Middleware\\InvokeDeferredCallbacks->handle()
#69 /var/www/html/Thames/thamescc-backend/vendor/laravel/framework/src/Illuminate/Pipeline/Pipeline.php(127): Illuminate\\Pipeline\\Pipeline->Illuminate\\Pipeline\\{closure}()
#70 /var/www/html/Thames/thamescc-backend/vendor/laravel/framework/src/Illuminate/Foundation/Http/Kernel.php(176): Illuminate\\Pipeline\\Pipeline->then()
#71 /var/www/html/Thames/thamescc-backend/vendor/laravel/framework/src/Illuminate/Foundation/Http/Kernel.php(145): Illuminate\\Foundation\\Http\\Kernel->sendRequestThroughRouter()
#72 /var/www/html/Thames/thamescc-backend/public/index.php(51): Illuminate\\Foundation\\Http\\Kernel->handle()
#73 /var/www/html/Thames/thamescc-backend/vendor/laravel/framework/src/Illuminate/Foundation/resources/server.php(23): require_once('...')
#74 {main}
"} 
[2025-06-19 12:24:54] local.ERROR: SQLSTATE[42000]: Syntax error or access violation: 1066 Not unique table/alias: 'pmp_or_not_product_attribute_values' (Connection: mysql, SQL: select count(*) as aggregate from (select distinct `products`.* from `products` left join `products` as `variants` on COALESCE(variants.parent_id, variants.id) = `products`.`id` left join `product_price_indices` on `products`.`id` = `product_price_indices`.`product_id` and `product_price_indices`.`customer_group_id` = 1 left join `product_channels` on `products`.`id` = `product_channels`.`product_id` left join `product_attribute_values` as `status_product_attribute_values` on `products`.`id` = `status_product_attribute_values`.`product_id` left join `product_attribute_values` as `url_key_product_attribute_values` on `products`.`id` = `url_key_product_attribute_values`.`product_id` left join `product_attribute_values` as `visible_individually_product_attribute_values` on `products`.`id` = `visible_individually_product_attribute_values`.`product_id` left join `product_attribute_values` as `pmp_or_not_product_attribute_values` on `products`.`id` = `pmp_or_not_product_attribute_values`.`product_id` and `pmp_or_not_product_attribute_values`.`attribute_id` = 49 left join `product_attribute_values` as `prom_id_product_attribute_values` on `products`.`id` = `prom_id_product_attribute_values`.`product_id` and `prom_id_product_attribute_values`.`attribute_id` = 41 left join `product_attribute_values` as `pmp_or_not_variant_attribute_values` on `variants`.`id` = `pmp_or_not_variant_attribute_values`.`product_id` and `pmp_or_not_variant_attribute_values`.`attribute_id` = 49 left join `product_attribute_values` as `prom_id_variant_attribute_values` on `variants`.`id` = `prom_id_variant_attribute_values`.`product_id` and `prom_id_variant_attribute_values`.`attribute_id` = 41 left join `product_attribute_values` as `pmp_or_not_product_attribute_values` on `products`.`id` = `pmp_or_not_product_attribute_values`.`product_id` and `pmp_or_not_product_attribute_values`.`attribute_id` = 49 where `product_channels`.`channel_id` = 1 and `status_product_attribute_values`.`attribute_id` = 8 and `status_product_attribute_values`.`boolean_value` = 1 and `url_key_product_attribute_values`.`attribute_id` = 3 and `url_key_product_attribute_values`.`text_value` is not null and `visible_individually_product_attribute_values`.`attribute_id` = 7 and `visible_individually_product_attribute_values`.`boolean_value` = 1 and ((`pmp_or_not_product_attribute_values`.`text_value` in (, PMP) and `prom_id_product_attribute_values`.`text_value` in ()) or (`pmp_or_not_variant_attribute_values`.`text_value` in (, PMP) and `prom_id_variant_attribute_values`.`text_value` in ())) and `pmp_or_not_product_attribute_values`.`text_value` in (, PMP) group by `products`.`id`, `products`.`id`) as `aggregate_table`) {"exception":"[object] (Illuminate\\Database\\QueryException(code: 42000): SQLSTATE[42000]: Syntax error or access violation: 1066 Not unique table/alias: 'pmp_or_not_product_attribute_values' (Connection: mysql, SQL: select count(*) as aggregate from (select distinct `products`.* from `products` left join `products` as `variants` on COALESCE(variants.parent_id, variants.id) = `products`.`id` left join `product_price_indices` on `products`.`id` = `product_price_indices`.`product_id` and `product_price_indices`.`customer_group_id` = 1 left join `product_channels` on `products`.`id` = `product_channels`.`product_id` left join `product_attribute_values` as `status_product_attribute_values` on `products`.`id` = `status_product_attribute_values`.`product_id` left join `product_attribute_values` as `url_key_product_attribute_values` on `products`.`id` = `url_key_product_attribute_values`.`product_id` left join `product_attribute_values` as `visible_individually_product_attribute_values` on `products`.`id` = `visible_individually_product_attribute_values`.`product_id` left join `product_attribute_values` as `pmp_or_not_product_attribute_values` on `products`.`id` = `pmp_or_not_product_attribute_values`.`product_id` and `pmp_or_not_product_attribute_values`.`attribute_id` = 49 left join `product_attribute_values` as `prom_id_product_attribute_values` on `products`.`id` = `prom_id_product_attribute_values`.`product_id` and `prom_id_product_attribute_values`.`attribute_id` = 41 left join `product_attribute_values` as `pmp_or_not_variant_attribute_values` on `variants`.`id` = `pmp_or_not_variant_attribute_values`.`product_id` and `pmp_or_not_variant_attribute_values`.`attribute_id` = 49 left join `product_attribute_values` as `prom_id_variant_attribute_values` on `variants`.`id` = `prom_id_variant_attribute_values`.`product_id` and `prom_id_variant_attribute_values`.`attribute_id` = 41 left join `product_attribute_values` as `pmp_or_not_product_attribute_values` on `products`.`id` = `pmp_or_not_product_attribute_values`.`product_id` and `pmp_or_not_product_attribute_values`.`attribute_id` = 49 where `product_channels`.`channel_id` = 1 and `status_product_attribute_values`.`attribute_id` = 8 and `status_product_attribute_values`.`boolean_value` = 1 and `url_key_product_attribute_values`.`attribute_id` = 3 and `url_key_product_attribute_values`.`text_value` is not null and `visible_individually_product_attribute_values`.`attribute_id` = 7 and `visible_individually_product_attribute_values`.`boolean_value` = 1 and ((`pmp_or_not_product_attribute_values`.`text_value` in (, PMP) and `prom_id_product_attribute_values`.`text_value` in ()) or (`pmp_or_not_variant_attribute_values`.`text_value` in (, PMP) and `prom_id_variant_attribute_values`.`text_value` in ())) and `pmp_or_not_product_attribute_values`.`text_value` in (, PMP) group by `products`.`id`, `products`.`id`) as `aggregate_table`) at /var/www/html/Thames/thamescc-backend/vendor/laravel/framework/src/Illuminate/Database/Connection.php:825)
[stacktrace]
#0 /var/www/html/Thames/thamescc-backend/vendor/laravel/framework/src/Illuminate/Database/Connection.php(779): Illuminate\\Database\\Connection->runQueryCallback()
#1 /var/www/html/Thames/thamescc-backend/vendor/laravel/framework/src/Illuminate/Database/Connection.php(398): Illuminate\\Database\\Connection->run()
#2 /var/www/html/Thames/thamescc-backend/vendor/laravel/framework/src/Illuminate/Database/Query/Builder.php(3106): Illuminate\\Database\\Connection->select()
#3 /var/www/html/Thames/thamescc-backend/vendor/laravel/framework/src/Illuminate/Database/Query/Builder.php(3091): Illuminate\\Database\\Query\\Builder->runSelect()
#4 /var/www/html/Thames/thamescc-backend/vendor/laravel/framework/src/Illuminate/Database/Query/Builder.php(3676): Illuminate\\Database\\Query\\Builder->Illuminate\\Database\\Query\\{closure}()
#5 /var/www/html/Thames/thamescc-backend/vendor/laravel/framework/src/Illuminate/Database/Query/Builder.php(3090): Illuminate\\Database\\Query\\Builder->onceWithColumns()
#6 /var/www/html/Thames/thamescc-backend/vendor/laravel/framework/src/Illuminate/Database/Query/Builder.php(3277): Illuminate\\Database\\Query\\Builder->get()
#7 /var/www/html/Thames/thamescc-backend/vendor/laravel/framework/src/Illuminate/Database/Query/Builder.php(3244): Illuminate\\Database\\Query\\Builder->runPaginationCountQuery()
#8 /var/www/html/Thames/thamescc-backend/vendor/laravel/framework/src/Illuminate/Database/Eloquent/Builder.php(1029): Illuminate\\Database\\Query\\Builder->getCountForPagination()
#9 /var/www/html/Thames/thamescc-backend/vendor/prettus/l5-repository/src/Prettus/Repository/Eloquent/BaseRepository.php(487): Illuminate\\Database\\Eloquent\\Builder->paginate()
#10 /var/www/html/Thames/thamescc-backend/vendor/prettus/l5-repository/src/Prettus/Repository/Traits/CacheableRepository.php(238): Prettus\\Repository\\Eloquent\\BaseRepository->paginate()
#11 /var/www/html/Thames/thamescc-backend/packages/Webkul/Product/src/Repositories/ProductRepository.php(454): Webkul\\Core\\Eloquent\\Repository->paginate()
#12 /var/www/html/Thames/thamescc-backend/packages/Webkul/Product/src/Repositories/ProductRepository.php(213): Webkul\\Product\\Repositories\\ProductRepository->searchFromDatabase()
#13 /var/www/html/Thames/thamescc-backend/packages/Webkul/Shop/src/Http/Controllers/API/ProductController.php(34): Webkul\\Product\\Repositories\\ProductRepository->getAll()
#14 /var/www/html/Thames/thamescc-backend/vendor/laravel/framework/src/Illuminate/Routing/Controller.php(54): Webkul\\Shop\\Http\\Controllers\\API\\ProductController->index()
#15 /var/www/html/Thames/thamescc-backend/vendor/laravel/framework/src/Illuminate/Routing/ControllerDispatcher.php(44): Illuminate\\Routing\\Controller->callAction()
#16 /var/www/html/Thames/thamescc-backend/vendor/laravel/framework/src/Illuminate/Routing/Route.php(266): Illuminate\\Routing\\ControllerDispatcher->dispatch()
#17 /var/www/html/Thames/thamescc-backend/vendor/laravel/framework/src/Illuminate/Routing/Route.php(212): Illuminate\\Routing\\Route->runController()
#18 /var/www/html/Thames/thamescc-backend/vendor/laravel/framework/src/Illuminate/Routing/Router.php(808): Illuminate\\Routing\\Route->run()
#19 /var/www/html/Thames/thamescc-backend/vendor/laravel/framework/src/Illuminate/Pipeline/Pipeline.php(170): Illuminate\\Routing\\Router->Illuminate\\Routing\\{closure}()
#20 /var/www/html/Thames/thamescc-backend/packages/Webkul/Core/src/Http/Middleware/PreventRequestsDuringMaintenance.php(119): Illuminate\\Pipeline\\Pipeline->Illuminate\\Pipeline\\{closure}()
#21 /var/www/html/Thames/thamescc-backend/vendor/laravel/framework/src/Illuminate/Pipeline/Pipeline.php(209): Webkul\\Core\\Http\\Middleware\\PreventRequestsDuringMaintenance->handle()
#22 /var/www/html/Thames/thamescc-backend/packages/Webkul/Shop/src/Http/Middleware/Currency.php(40): Illuminate\\Pipeline\\Pipeline->Illuminate\\Pipeline\\{closure}()
#23 /var/www/html/Thames/thamescc-backend/vendor/laravel/framework/src/Illuminate/Pipeline/Pipeline.php(209): Webkul\\Shop\\Http\\Middleware\\Currency->handle()
#24 /var/www/html/Thames/thamescc-backend/packages/Webkul/Shop/src/Http/Middleware/Locale.php(40): Illuminate\\Pipeline\\Pipeline->Illuminate\\Pipeline\\{closure}()
#25 /var/www/html/Thames/thamescc-backend/vendor/laravel/framework/src/Illuminate/Pipeline/Pipeline.php(209): Webkul\\Shop\\Http\\Middleware\\Locale->handle()
#26 /var/www/html/Thames/thamescc-backend/packages/Webkul/Shop/src/Http/Middleware/Theme.php(32): Illuminate\\Pipeline\\Pipeline->Illuminate\\Pipeline\\{closure}()
#27 /var/www/html/Thames/thamescc-backend/vendor/laravel/framework/src/Illuminate/Pipeline/Pipeline.php(209): Webkul\\Shop\\Http\\Middleware\\Theme->handle()
#28 /var/www/html/Thames/thamescc-backend/vendor/barryvdh/laravel-debugbar/src/Middleware/InjectDebugbar.php(66): Illuminate\\Pipeline\\Pipeline->Illuminate\\Pipeline\\{closure}()
#29 /var/www/html/Thames/thamescc-backend/vendor/laravel/framework/src/Illuminate/Pipeline/Pipeline.php(209): Barryvdh\\Debugbar\\Middleware\\InjectDebugbar->handle()
#30 /var/www/html/Thames/thamescc-backend/vendor/laravel/framework/src/Illuminate/Routing/Middleware/SubstituteBindings.php(51): Illuminate\\Pipeline\\Pipeline->Illuminate\\Pipeline\\{closure}()
#31 /var/www/html/Thames/thamescc-backend/vendor/laravel/framework/src/Illuminate/Pipeline/Pipeline.php(209): Illuminate\\Routing\\Middleware\\SubstituteBindings->handle()
#32 /var/www/html/Thames/thamescc-backend/vendor/laravel/framework/src/Illuminate/Foundation/Http/Middleware/VerifyCsrfToken.php(88): Illuminate\\Pipeline\\Pipeline->Illuminate\\Pipeline\\{closure}()
#33 /var/www/html/Thames/thamescc-backend/vendor/laravel/framework/src/Illuminate/Pipeline/Pipeline.php(209): Illuminate\\Foundation\\Http\\Middleware\\VerifyCsrfToken->handle()
#34 /var/www/html/Thames/thamescc-backend/vendor/laravel/framework/src/Illuminate/View/Middleware/ShareErrorsFromSession.php(49): Illuminate\\Pipeline\\Pipeline->Illuminate\\Pipeline\\{closure}()
#35 /var/www/html/Thames/thamescc-backend/vendor/laravel/framework/src/Illuminate/Pipeline/Pipeline.php(209): Illuminate\\View\\Middleware\\ShareErrorsFromSession->handle()
#36 /var/www/html/Thames/thamescc-backend/vendor/laravel/framework/src/Illuminate/Session/Middleware/StartSession.php(121): Illuminate\\Pipeline\\Pipeline->Illuminate\\Pipeline\\{closure}()
#37 /var/www/html/Thames/thamescc-backend/vendor/laravel/framework/src/Illuminate/Session/Middleware/StartSession.php(64): Illuminate\\Session\\Middleware\\StartSession->handleStatefulRequest()
#38 /var/www/html/Thames/thamescc-backend/vendor/laravel/framework/src/Illuminate/Pipeline/Pipeline.php(209): Illuminate\\Session\\Middleware\\StartSession->handle()
#39 /var/www/html/Thames/thamescc-backend/vendor/laravel/framework/src/Illuminate/Cookie/Middleware/AddQueuedCookiesToResponse.php(37): Illuminate\\Pipeline\\Pipeline->Illuminate\\Pipeline\\{closure}()
#40 /var/www/html/Thames/thamescc-backend/vendor/laravel/framework/src/Illuminate/Pipeline/Pipeline.php(209): Illuminate\\Cookie\\Middleware\\AddQueuedCookiesToResponse->handle()
#41 /var/www/html/Thames/thamescc-backend/vendor/laravel/framework/src/Illuminate/Cookie/Middleware/EncryptCookies.php(75): Illuminate\\Pipeline\\Pipeline->Illuminate\\Pipeline\\{closure}()
#42 /var/www/html/Thames/thamescc-backend/vendor/laravel/framework/src/Illuminate/Pipeline/Pipeline.php(209): Illuminate\\Cookie\\Middleware\\EncryptCookies->handle()
#43 /var/www/html/Thames/thamescc-backend/vendor/laravel/framework/src/Illuminate/Pipeline/Pipeline.php(127): Illuminate\\Pipeline\\Pipeline->Illuminate\\Pipeline\\{closure}()
#44 /var/www/html/Thames/thamescc-backend/vendor/laravel/framework/src/Illuminate/Routing/Router.php(807): Illuminate\\Pipeline\\Pipeline->then()
#45 /var/www/html/Thames/thamescc-backend/vendor/laravel/framework/src/Illuminate/Routing/Router.php(786): Illuminate\\Routing\\Router->runRouteWithinStack()
#46 /var/www/html/Thames/thamescc-backend/vendor/laravel/framework/src/Illuminate/Routing/Router.php(750): Illuminate\\Routing\\Router->runRoute()
#47 /var/www/html/Thames/thamescc-backend/vendor/laravel/framework/src/Illuminate/Routing/Router.php(739): Illuminate\\Routing\\Router->dispatchToRoute()
#48 /var/www/html/Thames/thamescc-backend/vendor/laravel/framework/src/Illuminate/Foundation/Http/Kernel.php(201): Illuminate\\Routing\\Router->dispatch()
#49 /var/www/html/Thames/thamescc-backend/vendor/laravel/framework/src/Illuminate/Pipeline/Pipeline.php(170): Illuminate\\Foundation\\Http\\Kernel->Illuminate\\Foundation\\Http\\{closure}()
#50 /var/www/html/Thames/thamescc-backend/vendor/barryvdh/laravel-debugbar/src/Middleware/InjectDebugbar.php(66): Illuminate\\Pipeline\\Pipeline->Illuminate\\Pipeline\\{closure}()
#51 /var/www/html/Thames/thamescc-backend/vendor/laravel/framework/src/Illuminate/Pipeline/Pipeline.php(209): Barryvdh\\Debugbar\\Middleware\\InjectDebugbar->handle()
#52 /var/www/html/Thames/thamescc-backend/packages/Webkul/Installer/src/Http/Middleware/CanInstall.php(30): Illuminate\\Pipeline\\Pipeline->Illuminate\\Pipeline\\{closure}()
#53 /var/www/html/Thames/thamescc-backend/vendor/laravel/framework/src/Illuminate/Pipeline/Pipeline.php(209): Webkul\\Installer\\Http\\Middleware\\CanInstall->handle()
#54 /var/www/html/Thames/thamescc-backend/packages/Webkul/Core/src/Http/Middleware/SecureHeaders.php(29): Illuminate\\Pipeline\\Pipeline->Illuminate\\Pipeline\\{closure}()
#55 /var/www/html/Thames/thamescc-backend/vendor/laravel/framework/src/Illuminate/Pipeline/Pipeline.php(209): Webkul\\Core\\Http\\Middleware\\SecureHeaders->handle()
#56 /var/www/html/Thames/thamescc-backend/vendor/laravel/framework/src/Illuminate/Foundation/Http/Middleware/TransformsRequest.php(21): Illuminate\\Pipeline\\Pipeline->Illuminate\\Pipeline\\{closure}()
#57 /var/www/html/Thames/thamescc-backend/vendor/laravel/framework/src/Illuminate/Foundation/Http/Middleware/TrimStrings.php(51): Illuminate\\Foundation\\Http\\Middleware\\TransformsRequest->handle()
#58 /var/www/html/Thames/thamescc-backend/vendor/laravel/framework/src/Illuminate/Pipeline/Pipeline.php(209): Illuminate\\Foundation\\Http\\Middleware\\TrimStrings->handle()
#59 /var/www/html/Thames/thamescc-backend/vendor/laravel/framework/src/Illuminate/Http/Middleware/ValidatePostSize.php(27): Illuminate\\Pipeline\\Pipeline->Illuminate\\Pipeline\\{closure}()
#60 /var/www/html/Thames/thamescc-backend/vendor/laravel/framework/src/Illuminate/Pipeline/Pipeline.php(209): Illuminate\\Http\\Middleware\\ValidatePostSize->handle()
#61 /var/www/html/Thames/thamescc-backend/vendor/laravel/framework/src/Illuminate/Http/Middleware/HandleCors.php(62): Illuminate\\Pipeline\\Pipeline->Illuminate\\Pipeline\\{closure}()
#62 /var/www/html/Thames/thamescc-backend/vendor/laravel/framework/src/Illuminate/Pipeline/Pipeline.php(209): Illuminate\\Http\\Middleware\\HandleCors->handle()
#63 /var/www/html/Thames/thamescc-backend/vendor/laravel/framework/src/Illuminate/Http/Middleware/TrustProxies.php(58): Illuminate\\Pipeline\\Pipeline->Illuminate\\Pipeline\\{closure}()
#64 /var/www/html/Thames/thamescc-backend/vendor/laravel/framework/src/Illuminate/Pipeline/Pipeline.php(209): Illuminate\\Http\\Middleware\\TrustProxies->handle()
#65 /var/www/html/Thames/thamescc-backend/vendor/laravel/framework/src/Illuminate/Foundation/Http/Middleware/InvokeDeferredCallbacks.php(22): Illuminate\\Pipeline\\Pipeline->Illuminate\\Pipeline\\{closure}()
#66 /var/www/html/Thames/thamescc-backend/vendor/laravel/framework/src/Illuminate/Pipeline/Pipeline.php(209): Illuminate\\Foundation\\Http\\Middleware\\InvokeDeferredCallbacks->handle()
#67 /var/www/html/Thames/thamescc-backend/vendor/laravel/framework/src/Illuminate/Pipeline/Pipeline.php(127): Illuminate\\Pipeline\\Pipeline->Illuminate\\Pipeline\\{closure}()
#68 /var/www/html/Thames/thamescc-backend/vendor/laravel/framework/src/Illuminate/Foundation/Http/Kernel.php(176): Illuminate\\Pipeline\\Pipeline->then()
#69 /var/www/html/Thames/thamescc-backend/vendor/laravel/framework/src/Illuminate/Foundation/Http/Kernel.php(145): Illuminate\\Foundation\\Http\\Kernel->sendRequestThroughRouter()
#70 /var/www/html/Thames/thamescc-backend/public/index.php(51): Illuminate\\Foundation\\Http\\Kernel->handle()
#71 /var/www/html/Thames/thamescc-backend/vendor/laravel/framework/src/Illuminate/Foundation/resources/server.php(23): require_once('...')
#72 {main}

[previous exception] [object] (PDOException(code: 42000): SQLSTATE[42000]: Syntax error or access violation: 1066 Not unique table/alias: 'pmp_or_not_product_attribute_values' at /var/www/html/Thames/thamescc-backend/vendor/laravel/framework/src/Illuminate/Database/Connection.php:407)
[stacktrace]
#0 /var/www/html/Thames/thamescc-backend/vendor/laravel/framework/src/Illuminate/Database/Connection.php(407): PDO->prepare()
#1 /var/www/html/Thames/thamescc-backend/vendor/laravel/framework/src/Illuminate/Database/Connection.php(812): Illuminate\\Database\\Connection->Illuminate\\Database\\{closure}()
#2 /var/www/html/Thames/thamescc-backend/vendor/laravel/framework/src/Illuminate/Database/Connection.php(779): Illuminate\\Database\\Connection->runQueryCallback()
#3 /var/www/html/Thames/thamescc-backend/vendor/laravel/framework/src/Illuminate/Database/Connection.php(398): Illuminate\\Database\\Connection->run()
#4 /var/www/html/Thames/thamescc-backend/vendor/laravel/framework/src/Illuminate/Database/Query/Builder.php(3106): Illuminate\\Database\\Connection->select()
#5 /var/www/html/Thames/thamescc-backend/vendor/laravel/framework/src/Illuminate/Database/Query/Builder.php(3091): Illuminate\\Database\\Query\\Builder->runSelect()
#6 /var/www/html/Thames/thamescc-backend/vendor/laravel/framework/src/Illuminate/Database/Query/Builder.php(3676): Illuminate\\Database\\Query\\Builder->Illuminate\\Database\\Query\\{closure}()
#7 /var/www/html/Thames/thamescc-backend/vendor/laravel/framework/src/Illuminate/Database/Query/Builder.php(3090): Illuminate\\Database\\Query\\Builder->onceWithColumns()
#8 /var/www/html/Thames/thamescc-backend/vendor/laravel/framework/src/Illuminate/Database/Query/Builder.php(3277): Illuminate\\Database\\Query\\Builder->get()
#9 /var/www/html/Thames/thamescc-backend/vendor/laravel/framework/src/Illuminate/Database/Query/Builder.php(3244): Illuminate\\Database\\Query\\Builder->runPaginationCountQuery()
#10 /var/www/html/Thames/thamescc-backend/vendor/laravel/framework/src/Illuminate/Database/Eloquent/Builder.php(1029): Illuminate\\Database\\Query\\Builder->getCountForPagination()
#11 /var/www/html/Thames/thamescc-backend/vendor/prettus/l5-repository/src/Prettus/Repository/Eloquent/BaseRepository.php(487): Illuminate\\Database\\Eloquent\\Builder->paginate()
#12 /var/www/html/Thames/thamescc-backend/vendor/prettus/l5-repository/src/Prettus/Repository/Traits/CacheableRepository.php(238): Prettus\\Repository\\Eloquent\\BaseRepository->paginate()
#13 /var/www/html/Thames/thamescc-backend/packages/Webkul/Product/src/Repositories/ProductRepository.php(454): Webkul\\Core\\Eloquent\\Repository->paginate()
#14 /var/www/html/Thames/thamescc-backend/packages/Webkul/Product/src/Repositories/ProductRepository.php(213): Webkul\\Product\\Repositories\\ProductRepository->searchFromDatabase()
#15 /var/www/html/Thames/thamescc-backend/packages/Webkul/Shop/src/Http/Controllers/API/ProductController.php(34): Webkul\\Product\\Repositories\\ProductRepository->getAll()
#16 /var/www/html/Thames/thamescc-backend/vendor/laravel/framework/src/Illuminate/Routing/Controller.php(54): Webkul\\Shop\\Http\\Controllers\\API\\ProductController->index()
#17 /var/www/html/Thames/thamescc-backend/vendor/laravel/framework/src/Illuminate/Routing/ControllerDispatcher.php(44): Illuminate\\Routing\\Controller->callAction()
#18 /var/www/html/Thames/thamescc-backend/vendor/laravel/framework/src/Illuminate/Routing/Route.php(266): Illuminate\\Routing\\ControllerDispatcher->dispatch()
#19 /var/www/html/Thames/thamescc-backend/vendor/laravel/framework/src/Illuminate/Routing/Route.php(212): Illuminate\\Routing\\Route->runController()
#20 /var/www/html/Thames/thamescc-backend/vendor/laravel/framework/src/Illuminate/Routing/Router.php(808): Illuminate\\Routing\\Route->run()
#21 /var/www/html/Thames/thamescc-backend/vendor/laravel/framework/src/Illuminate/Pipeline/Pipeline.php(170): Illuminate\\Routing\\Router->Illuminate\\Routing\\{closure}()
#22 /var/www/html/Thames/thamescc-backend/packages/Webkul/Core/src/Http/Middleware/PreventRequestsDuringMaintenance.php(119): Illuminate\\Pipeline\\Pipeline->Illuminate\\Pipeline\\{closure}()
#23 /var/www/html/Thames/thamescc-backend/vendor/laravel/framework/src/Illuminate/Pipeline/Pipeline.php(209): Webkul\\Core\\Http\\Middleware\\PreventRequestsDuringMaintenance->handle()
#24 /var/www/html/Thames/thamescc-backend/packages/Webkul/Shop/src/Http/Middleware/Currency.php(40): Illuminate\\Pipeline\\Pipeline->Illuminate\\Pipeline\\{closure}()
#25 /var/www/html/Thames/thamescc-backend/vendor/laravel/framework/src/Illuminate/Pipeline/Pipeline.php(209): Webkul\\Shop\\Http\\Middleware\\Currency->handle()
#26 /var/www/html/Thames/thamescc-backend/packages/Webkul/Shop/src/Http/Middleware/Locale.php(40): Illuminate\\Pipeline\\Pipeline->Illuminate\\Pipeline\\{closure}()
#27 /var/www/html/Thames/thamescc-backend/vendor/laravel/framework/src/Illuminate/Pipeline/Pipeline.php(209): Webkul\\Shop\\Http\\Middleware\\Locale->handle()
#28 /var/www/html/Thames/thamescc-backend/packages/Webkul/Shop/src/Http/Middleware/Theme.php(32): Illuminate\\Pipeline\\Pipeline->Illuminate\\Pipeline\\{closure}()
#29 /var/www/html/Thames/thamescc-backend/vendor/laravel/framework/src/Illuminate/Pipeline/Pipeline.php(209): Webkul\\Shop\\Http\\Middleware\\Theme->handle()
#30 /var/www/html/Thames/thamescc-backend/vendor/barryvdh/laravel-debugbar/src/Middleware/InjectDebugbar.php(66): Illuminate\\Pipeline\\Pipeline->Illuminate\\Pipeline\\{closure}()
#31 /var/www/html/Thames/thamescc-backend/vendor/laravel/framework/src/Illuminate/Pipeline/Pipeline.php(209): Barryvdh\\Debugbar\\Middleware\\InjectDebugbar->handle()
#32 /var/www/html/Thames/thamescc-backend/vendor/laravel/framework/src/Illuminate/Routing/Middleware/SubstituteBindings.php(51): Illuminate\\Pipeline\\Pipeline->Illuminate\\Pipeline\\{closure}()
#33 /var/www/html/Thames/thamescc-backend/vendor/laravel/framework/src/Illuminate/Pipeline/Pipeline.php(209): Illuminate\\Routing\\Middleware\\SubstituteBindings->handle()
#34 /var/www/html/Thames/thamescc-backend/vendor/laravel/framework/src/Illuminate/Foundation/Http/Middleware/VerifyCsrfToken.php(88): Illuminate\\Pipeline\\Pipeline->Illuminate\\Pipeline\\{closure}()
#35 /var/www/html/Thames/thamescc-backend/vendor/laravel/framework/src/Illuminate/Pipeline/Pipeline.php(209): Illuminate\\Foundation\\Http\\Middleware\\VerifyCsrfToken->handle()
#36 /var/www/html/Thames/thamescc-backend/vendor/laravel/framework/src/Illuminate/View/Middleware/ShareErrorsFromSession.php(49): Illuminate\\Pipeline\\Pipeline->Illuminate\\Pipeline\\{closure}()
#37 /var/www/html/Thames/thamescc-backend/vendor/laravel/framework/src/Illuminate/Pipeline/Pipeline.php(209): Illuminate\\View\\Middleware\\ShareErrorsFromSession->handle()
#38 /var/www/html/Thames/thamescc-backend/vendor/laravel/framework/src/Illuminate/Session/Middleware/StartSession.php(121): Illuminate\\Pipeline\\Pipeline->Illuminate\\Pipeline\\{closure}()
#39 /var/www/html/Thames/thamescc-backend/vendor/laravel/framework/src/Illuminate/Session/Middleware/StartSession.php(64): Illuminate\\Session\\Middleware\\StartSession->handleStatefulRequest()
#40 /var/www/html/Thames/thamescc-backend/vendor/laravel/framework/src/Illuminate/Pipeline/Pipeline.php(209): Illuminate\\Session\\Middleware\\StartSession->handle()
#41 /var/www/html/Thames/thamescc-backend/vendor/laravel/framework/src/Illuminate/Cookie/Middleware/AddQueuedCookiesToResponse.php(37): Illuminate\\Pipeline\\Pipeline->Illuminate\\Pipeline\\{closure}()
#42 /var/www/html/Thames/thamescc-backend/vendor/laravel/framework/src/Illuminate/Pipeline/Pipeline.php(209): Illuminate\\Cookie\\Middleware\\AddQueuedCookiesToResponse->handle()
#43 /var/www/html/Thames/thamescc-backend/vendor/laravel/framework/src/Illuminate/Cookie/Middleware/EncryptCookies.php(75): Illuminate\\Pipeline\\Pipeline->Illuminate\\Pipeline\\{closure}()
#44 /var/www/html/Thames/thamescc-backend/vendor/laravel/framework/src/Illuminate/Pipeline/Pipeline.php(209): Illuminate\\Cookie\\Middleware\\EncryptCookies->handle()
#45 /var/www/html/Thames/thamescc-backend/vendor/laravel/framework/src/Illuminate/Pipeline/Pipeline.php(127): Illuminate\\Pipeline\\Pipeline->Illuminate\\Pipeline\\{closure}()
#46 /var/www/html/Thames/thamescc-backend/vendor/laravel/framework/src/Illuminate/Routing/Router.php(807): Illuminate\\Pipeline\\Pipeline->then()
#47 /var/www/html/Thames/thamescc-backend/vendor/laravel/framework/src/Illuminate/Routing/Router.php(786): Illuminate\\Routing\\Router->runRouteWithinStack()
#48 /var/www/html/Thames/thamescc-backend/vendor/laravel/framework/src/Illuminate/Routing/Router.php(750): Illuminate\\Routing\\Router->runRoute()
#49 /var/www/html/Thames/thamescc-backend/vendor/laravel/framework/src/Illuminate/Routing/Router.php(739): Illuminate\\Routing\\Router->dispatchToRoute()
#50 /var/www/html/Thames/thamescc-backend/vendor/laravel/framework/src/Illuminate/Foundation/Http/Kernel.php(201): Illuminate\\Routing\\Router->dispatch()
#51 /var/www/html/Thames/thamescc-backend/vendor/laravel/framework/src/Illuminate/Pipeline/Pipeline.php(170): Illuminate\\Foundation\\Http\\Kernel->Illuminate\\Foundation\\Http\\{closure}()
#52 /var/www/html/Thames/thamescc-backend/vendor/barryvdh/laravel-debugbar/src/Middleware/InjectDebugbar.php(66): Illuminate\\Pipeline\\Pipeline->Illuminate\\Pipeline\\{closure}()
#53 /var/www/html/Thames/thamescc-backend/vendor/laravel/framework/src/Illuminate/Pipeline/Pipeline.php(209): Barryvdh\\Debugbar\\Middleware\\InjectDebugbar->handle()
#54 /var/www/html/Thames/thamescc-backend/packages/Webkul/Installer/src/Http/Middleware/CanInstall.php(30): Illuminate\\Pipeline\\Pipeline->Illuminate\\Pipeline\\{closure}()
#55 /var/www/html/Thames/thamescc-backend/vendor/laravel/framework/src/Illuminate/Pipeline/Pipeline.php(209): Webkul\\Installer\\Http\\Middleware\\CanInstall->handle()
#56 /var/www/html/Thames/thamescc-backend/packages/Webkul/Core/src/Http/Middleware/SecureHeaders.php(29): Illuminate\\Pipeline\\Pipeline->Illuminate\\Pipeline\\{closure}()
#57 /var/www/html/Thames/thamescc-backend/vendor/laravel/framework/src/Illuminate/Pipeline/Pipeline.php(209): Webkul\\Core\\Http\\Middleware\\SecureHeaders->handle()
#58 /var/www/html/Thames/thamescc-backend/vendor/laravel/framework/src/Illuminate/Foundation/Http/Middleware/TransformsRequest.php(21): Illuminate\\Pipeline\\Pipeline->Illuminate\\Pipeline\\{closure}()
#59 /var/www/html/Thames/thamescc-backend/vendor/laravel/framework/src/Illuminate/Foundation/Http/Middleware/TrimStrings.php(51): Illuminate\\Foundation\\Http\\Middleware\\TransformsRequest->handle()
#60 /var/www/html/Thames/thamescc-backend/vendor/laravel/framework/src/Illuminate/Pipeline/Pipeline.php(209): Illuminate\\Foundation\\Http\\Middleware\\TrimStrings->handle()
#61 /var/www/html/Thames/thamescc-backend/vendor/laravel/framework/src/Illuminate/Http/Middleware/ValidatePostSize.php(27): Illuminate\\Pipeline\\Pipeline->Illuminate\\Pipeline\\{closure}()
#62 /var/www/html/Thames/thamescc-backend/vendor/laravel/framework/src/Illuminate/Pipeline/Pipeline.php(209): Illuminate\\Http\\Middleware\\ValidatePostSize->handle()
#63 /var/www/html/Thames/thamescc-backend/vendor/laravel/framework/src/Illuminate/Http/Middleware/HandleCors.php(62): Illuminate\\Pipeline\\Pipeline->Illuminate\\Pipeline\\{closure}()
#64 /var/www/html/Thames/thamescc-backend/vendor/laravel/framework/src/Illuminate/Pipeline/Pipeline.php(209): Illuminate\\Http\\Middleware\\HandleCors->handle()
#65 /var/www/html/Thames/thamescc-backend/vendor/laravel/framework/src/Illuminate/Http/Middleware/TrustProxies.php(58): Illuminate\\Pipeline\\Pipeline->Illuminate\\Pipeline\\{closure}()
#66 /var/www/html/Thames/thamescc-backend/vendor/laravel/framework/src/Illuminate/Pipeline/Pipeline.php(209): Illuminate\\Http\\Middleware\\TrustProxies->handle()
#67 /var/www/html/Thames/thamescc-backend/vendor/laravel/framework/src/Illuminate/Foundation/Http/Middleware/InvokeDeferredCallbacks.php(22): Illuminate\\Pipeline\\Pipeline->Illuminate\\Pipeline\\{closure}()
#68 /var/www/html/Thames/thamescc-backend/vendor/laravel/framework/src/Illuminate/Pipeline/Pipeline.php(209): Illuminate\\Foundation\\Http\\Middleware\\InvokeDeferredCallbacks->handle()
#69 /var/www/html/Thames/thamescc-backend/vendor/laravel/framework/src/Illuminate/Pipeline/Pipeline.php(127): Illuminate\\Pipeline\\Pipeline->Illuminate\\Pipeline\\{closure}()
#70 /var/www/html/Thames/thamescc-backend/vendor/laravel/framework/src/Illuminate/Foundation/Http/Kernel.php(176): Illuminate\\Pipeline\\Pipeline->then()
#71 /var/www/html/Thames/thamescc-backend/vendor/laravel/framework/src/Illuminate/Foundation/Http/Kernel.php(145): Illuminate\\Foundation\\Http\\Kernel->sendRequestThroughRouter()
#72 /var/www/html/Thames/thamescc-backend/public/index.php(51): Illuminate\\Foundation\\Http\\Kernel->handle()
#73 /var/www/html/Thames/thamescc-backend/vendor/laravel/framework/src/Illuminate/Foundation/resources/server.php(23): require_once('...')
#74 {main}
"} 
[2025-06-19 12:25:06] local.ERROR: SQLSTATE[42000]: Syntax error or access violation: 1066 Not unique table/alias: 'pmp_or_not_product_attribute_values' (Connection: mysql, SQL: select count(*) as aggregate from (select distinct `products`.* from `products` left join `products` as `variants` on COALESCE(variants.parent_id, variants.id) = `products`.`id` left join `product_price_indices` on `products`.`id` = `product_price_indices`.`product_id` and `product_price_indices`.`customer_group_id` = 1 left join `product_channels` on `products`.`id` = `product_channels`.`product_id` left join `product_attribute_values` as `status_product_attribute_values` on `products`.`id` = `status_product_attribute_values`.`product_id` left join `product_attribute_values` as `url_key_product_attribute_values` on `products`.`id` = `url_key_product_attribute_values`.`product_id` left join `product_attribute_values` as `visible_individually_product_attribute_values` on `products`.`id` = `visible_individually_product_attribute_values`.`product_id` left join `product_attribute_values` as `pmp_or_not_product_attribute_values` on `products`.`id` = `pmp_or_not_product_attribute_values`.`product_id` and `pmp_or_not_product_attribute_values`.`attribute_id` = 49 left join `product_attribute_values` as `prom_id_product_attribute_values` on `products`.`id` = `prom_id_product_attribute_values`.`product_id` and `prom_id_product_attribute_values`.`attribute_id` = 41 left join `product_attribute_values` as `pmp_or_not_variant_attribute_values` on `variants`.`id` = `pmp_or_not_variant_attribute_values`.`product_id` and `pmp_or_not_variant_attribute_values`.`attribute_id` = 49 left join `product_attribute_values` as `prom_id_variant_attribute_values` on `variants`.`id` = `prom_id_variant_attribute_values`.`product_id` and `prom_id_variant_attribute_values`.`attribute_id` = 41 left join `product_attribute_values` as `pmp_or_not_product_attribute_values` on `products`.`id` = `pmp_or_not_product_attribute_values`.`product_id` and `pmp_or_not_product_attribute_values`.`attribute_id` = 49 left join `product_attribute_values` as `prom_id_product_attribute_values` on `products`.`id` = `prom_id_product_attribute_values`.`product_id` and `prom_id_product_attribute_values`.`attribute_id` = 41 where `product_channels`.`channel_id` = 1 and `status_product_attribute_values`.`attribute_id` = 8 and `status_product_attribute_values`.`boolean_value` = 1 and `url_key_product_attribute_values`.`attribute_id` = 3 and `url_key_product_attribute_values`.`text_value` is not null and `visible_individually_product_attribute_values`.`attribute_id` = 7 and `visible_individually_product_attribute_values`.`boolean_value` = 1 and ((`pmp_or_not_product_attribute_values`.`text_value` in (, PMP) and `prom_id_product_attribute_values`.`text_value` in (, Promotion)) or (`pmp_or_not_variant_attribute_values`.`text_value` in (, PMP) and `prom_id_variant_attribute_values`.`text_value` in (, Promotion))) and `pmp_or_not_product_attribute_values`.`text_value` in (, PMP) and `prom_id_product_attribute_values`.`text_value` in (, Promotion) group by `products`.`id`, `products`.`id`) as `aggregate_table`) {"exception":"[object] (Illuminate\\Database\\QueryException(code: 42000): SQLSTATE[42000]: Syntax error or access violation: 1066 Not unique table/alias: 'pmp_or_not_product_attribute_values' (Connection: mysql, SQL: select count(*) as aggregate from (select distinct `products`.* from `products` left join `products` as `variants` on COALESCE(variants.parent_id, variants.id) = `products`.`id` left join `product_price_indices` on `products`.`id` = `product_price_indices`.`product_id` and `product_price_indices`.`customer_group_id` = 1 left join `product_channels` on `products`.`id` = `product_channels`.`product_id` left join `product_attribute_values` as `status_product_attribute_values` on `products`.`id` = `status_product_attribute_values`.`product_id` left join `product_attribute_values` as `url_key_product_attribute_values` on `products`.`id` = `url_key_product_attribute_values`.`product_id` left join `product_attribute_values` as `visible_individually_product_attribute_values` on `products`.`id` = `visible_individually_product_attribute_values`.`product_id` left join `product_attribute_values` as `pmp_or_not_product_attribute_values` on `products`.`id` = `pmp_or_not_product_attribute_values`.`product_id` and `pmp_or_not_product_attribute_values`.`attribute_id` = 49 left join `product_attribute_values` as `prom_id_product_attribute_values` on `products`.`id` = `prom_id_product_attribute_values`.`product_id` and `prom_id_product_attribute_values`.`attribute_id` = 41 left join `product_attribute_values` as `pmp_or_not_variant_attribute_values` on `variants`.`id` = `pmp_or_not_variant_attribute_values`.`product_id` and `pmp_or_not_variant_attribute_values`.`attribute_id` = 49 left join `product_attribute_values` as `prom_id_variant_attribute_values` on `variants`.`id` = `prom_id_variant_attribute_values`.`product_id` and `prom_id_variant_attribute_values`.`attribute_id` = 41 left join `product_attribute_values` as `pmp_or_not_product_attribute_values` on `products`.`id` = `pmp_or_not_product_attribute_values`.`product_id` and `pmp_or_not_product_attribute_values`.`attribute_id` = 49 left join `product_attribute_values` as `prom_id_product_attribute_values` on `products`.`id` = `prom_id_product_attribute_values`.`product_id` and `prom_id_product_attribute_values`.`attribute_id` = 41 where `product_channels`.`channel_id` = 1 and `status_product_attribute_values`.`attribute_id` = 8 and `status_product_attribute_values`.`boolean_value` = 1 and `url_key_product_attribute_values`.`attribute_id` = 3 and `url_key_product_attribute_values`.`text_value` is not null and `visible_individually_product_attribute_values`.`attribute_id` = 7 and `visible_individually_product_attribute_values`.`boolean_value` = 1 and ((`pmp_or_not_product_attribute_values`.`text_value` in (, PMP) and `prom_id_product_attribute_values`.`text_value` in (, Promotion)) or (`pmp_or_not_variant_attribute_values`.`text_value` in (, PMP) and `prom_id_variant_attribute_values`.`text_value` in (, Promotion))) and `pmp_or_not_product_attribute_values`.`text_value` in (, PMP) and `prom_id_product_attribute_values`.`text_value` in (, Promotion) group by `products`.`id`, `products`.`id`) as `aggregate_table`) at /var/www/html/Thames/thamescc-backend/vendor/laravel/framework/src/Illuminate/Database/Connection.php:825)
[stacktrace]
#0 /var/www/html/Thames/thamescc-backend/vendor/laravel/framework/src/Illuminate/Database/Connection.php(779): Illuminate\\Database\\Connection->runQueryCallback()
#1 /var/www/html/Thames/thamescc-backend/vendor/laravel/framework/src/Illuminate/Database/Connection.php(398): Illuminate\\Database\\Connection->run()
#2 /var/www/html/Thames/thamescc-backend/vendor/laravel/framework/src/Illuminate/Database/Query/Builder.php(3106): Illuminate\\Database\\Connection->select()
#3 /var/www/html/Thames/thamescc-backend/vendor/laravel/framework/src/Illuminate/Database/Query/Builder.php(3091): Illuminate\\Database\\Query\\Builder->runSelect()
#4 /var/www/html/Thames/thamescc-backend/vendor/laravel/framework/src/Illuminate/Database/Query/Builder.php(3676): Illuminate\\Database\\Query\\Builder->Illuminate\\Database\\Query\\{closure}()
#5 /var/www/html/Thames/thamescc-backend/vendor/laravel/framework/src/Illuminate/Database/Query/Builder.php(3090): Illuminate\\Database\\Query\\Builder->onceWithColumns()
#6 /var/www/html/Thames/thamescc-backend/vendor/laravel/framework/src/Illuminate/Database/Query/Builder.php(3277): Illuminate\\Database\\Query\\Builder->get()
#7 /var/www/html/Thames/thamescc-backend/vendor/laravel/framework/src/Illuminate/Database/Query/Builder.php(3244): Illuminate\\Database\\Query\\Builder->runPaginationCountQuery()
#8 /var/www/html/Thames/thamescc-backend/vendor/laravel/framework/src/Illuminate/Database/Eloquent/Builder.php(1029): Illuminate\\Database\\Query\\Builder->getCountForPagination()
#9 /var/www/html/Thames/thamescc-backend/vendor/prettus/l5-repository/src/Prettus/Repository/Eloquent/BaseRepository.php(487): Illuminate\\Database\\Eloquent\\Builder->paginate()
#10 /var/www/html/Thames/thamescc-backend/vendor/prettus/l5-repository/src/Prettus/Repository/Traits/CacheableRepository.php(238): Prettus\\Repository\\Eloquent\\BaseRepository->paginate()
#11 /var/www/html/Thames/thamescc-backend/packages/Webkul/Product/src/Repositories/ProductRepository.php(454): Webkul\\Core\\Eloquent\\Repository->paginate()
#12 /var/www/html/Thames/thamescc-backend/packages/Webkul/Product/src/Repositories/ProductRepository.php(213): Webkul\\Product\\Repositories\\ProductRepository->searchFromDatabase()
#13 /var/www/html/Thames/thamescc-backend/packages/Webkul/Shop/src/Http/Controllers/API/ProductController.php(34): Webkul\\Product\\Repositories\\ProductRepository->getAll()
#14 /var/www/html/Thames/thamescc-backend/vendor/laravel/framework/src/Illuminate/Routing/Controller.php(54): Webkul\\Shop\\Http\\Controllers\\API\\ProductController->index()
#15 /var/www/html/Thames/thamescc-backend/vendor/laravel/framework/src/Illuminate/Routing/ControllerDispatcher.php(44): Illuminate\\Routing\\Controller->callAction()
#16 /var/www/html/Thames/thamescc-backend/vendor/laravel/framework/src/Illuminate/Routing/Route.php(266): Illuminate\\Routing\\ControllerDispatcher->dispatch()
#17 /var/www/html/Thames/thamescc-backend/vendor/laravel/framework/src/Illuminate/Routing/Route.php(212): Illuminate\\Routing\\Route->runController()
#18 /var/www/html/Thames/thamescc-backend/vendor/laravel/framework/src/Illuminate/Routing/Router.php(808): Illuminate\\Routing\\Route->run()
#19 /var/www/html/Thames/thamescc-backend/vendor/laravel/framework/src/Illuminate/Pipeline/Pipeline.php(170): Illuminate\\Routing\\Router->Illuminate\\Routing\\{closure}()
#20 /var/www/html/Thames/thamescc-backend/packages/Webkul/Core/src/Http/Middleware/PreventRequestsDuringMaintenance.php(119): Illuminate\\Pipeline\\Pipeline->Illuminate\\Pipeline\\{closure}()
#21 /var/www/html/Thames/thamescc-backend/vendor/laravel/framework/src/Illuminate/Pipeline/Pipeline.php(209): Webkul\\Core\\Http\\Middleware\\PreventRequestsDuringMaintenance->handle()
#22 /var/www/html/Thames/thamescc-backend/packages/Webkul/Shop/src/Http/Middleware/Currency.php(40): Illuminate\\Pipeline\\Pipeline->Illuminate\\Pipeline\\{closure}()
#23 /var/www/html/Thames/thamescc-backend/vendor/laravel/framework/src/Illuminate/Pipeline/Pipeline.php(209): Webkul\\Shop\\Http\\Middleware\\Currency->handle()
#24 /var/www/html/Thames/thamescc-backend/packages/Webkul/Shop/src/Http/Middleware/Locale.php(40): Illuminate\\Pipeline\\Pipeline->Illuminate\\Pipeline\\{closure}()
#25 /var/www/html/Thames/thamescc-backend/vendor/laravel/framework/src/Illuminate/Pipeline/Pipeline.php(209): Webkul\\Shop\\Http\\Middleware\\Locale->handle()
#26 /var/www/html/Thames/thamescc-backend/packages/Webkul/Shop/src/Http/Middleware/Theme.php(32): Illuminate\\Pipeline\\Pipeline->Illuminate\\Pipeline\\{closure}()
#27 /var/www/html/Thames/thamescc-backend/vendor/laravel/framework/src/Illuminate/Pipeline/Pipeline.php(209): Webkul\\Shop\\Http\\Middleware\\Theme->handle()
#28 /var/www/html/Thames/thamescc-backend/vendor/barryvdh/laravel-debugbar/src/Middleware/InjectDebugbar.php(66): Illuminate\\Pipeline\\Pipeline->Illuminate\\Pipeline\\{closure}()
#29 /var/www/html/Thames/thamescc-backend/vendor/laravel/framework/src/Illuminate/Pipeline/Pipeline.php(209): Barryvdh\\Debugbar\\Middleware\\InjectDebugbar->handle()
#30 /var/www/html/Thames/thamescc-backend/vendor/laravel/framework/src/Illuminate/Routing/Middleware/SubstituteBindings.php(51): Illuminate\\Pipeline\\Pipeline->Illuminate\\Pipeline\\{closure}()
#31 /var/www/html/Thames/thamescc-backend/vendor/laravel/framework/src/Illuminate/Pipeline/Pipeline.php(209): Illuminate\\Routing\\Middleware\\SubstituteBindings->handle()
#32 /var/www/html/Thames/thamescc-backend/vendor/laravel/framework/src/Illuminate/Foundation/Http/Middleware/VerifyCsrfToken.php(88): Illuminate\\Pipeline\\Pipeline->Illuminate\\Pipeline\\{closure}()
#33 /var/www/html/Thames/thamescc-backend/vendor/laravel/framework/src/Illuminate/Pipeline/Pipeline.php(209): Illuminate\\Foundation\\Http\\Middleware\\VerifyCsrfToken->handle()
#34 /var/www/html/Thames/thamescc-backend/vendor/laravel/framework/src/Illuminate/View/Middleware/ShareErrorsFromSession.php(49): Illuminate\\Pipeline\\Pipeline->Illuminate\\Pipeline\\{closure}()
#35 /var/www/html/Thames/thamescc-backend/vendor/laravel/framework/src/Illuminate/Pipeline/Pipeline.php(209): Illuminate\\View\\Middleware\\ShareErrorsFromSession->handle()
#36 /var/www/html/Thames/thamescc-backend/vendor/laravel/framework/src/Illuminate/Session/Middleware/StartSession.php(121): Illuminate\\Pipeline\\Pipeline->Illuminate\\Pipeline\\{closure}()
#37 /var/www/html/Thames/thamescc-backend/vendor/laravel/framework/src/Illuminate/Session/Middleware/StartSession.php(64): Illuminate\\Session\\Middleware\\StartSession->handleStatefulRequest()
#38 /var/www/html/Thames/thamescc-backend/vendor/laravel/framework/src/Illuminate/Pipeline/Pipeline.php(209): Illuminate\\Session\\Middleware\\StartSession->handle()
#39 /var/www/html/Thames/thamescc-backend/vendor/laravel/framework/src/Illuminate/Cookie/Middleware/AddQueuedCookiesToResponse.php(37): Illuminate\\Pipeline\\Pipeline->Illuminate\\Pipeline\\{closure}()
#40 /var/www/html/Thames/thamescc-backend/vendor/laravel/framework/src/Illuminate/Pipeline/Pipeline.php(209): Illuminate\\Cookie\\Middleware\\AddQueuedCookiesToResponse->handle()
#41 /var/www/html/Thames/thamescc-backend/vendor/laravel/framework/src/Illuminate/Cookie/Middleware/EncryptCookies.php(75): Illuminate\\Pipeline\\Pipeline->Illuminate\\Pipeline\\{closure}()
#42 /var/www/html/Thames/thamescc-backend/vendor/laravel/framework/src/Illuminate/Pipeline/Pipeline.php(209): Illuminate\\Cookie\\Middleware\\EncryptCookies->handle()
#43 /var/www/html/Thames/thamescc-backend/vendor/laravel/framework/src/Illuminate/Pipeline/Pipeline.php(127): Illuminate\\Pipeline\\Pipeline->Illuminate\\Pipeline\\{closure}()
#44 /var/www/html/Thames/thamescc-backend/vendor/laravel/framework/src/Illuminate/Routing/Router.php(807): Illuminate\\Pipeline\\Pipeline->then()
#45 /var/www/html/Thames/thamescc-backend/vendor/laravel/framework/src/Illuminate/Routing/Router.php(786): Illuminate\\Routing\\Router->runRouteWithinStack()
#46 /var/www/html/Thames/thamescc-backend/vendor/laravel/framework/src/Illuminate/Routing/Router.php(750): Illuminate\\Routing\\Router->runRoute()
#47 /var/www/html/Thames/thamescc-backend/vendor/laravel/framework/src/Illuminate/Routing/Router.php(739): Illuminate\\Routing\\Router->dispatchToRoute()
#48 /var/www/html/Thames/thamescc-backend/vendor/laravel/framework/src/Illuminate/Foundation/Http/Kernel.php(201): Illuminate\\Routing\\Router->dispatch()
#49 /var/www/html/Thames/thamescc-backend/vendor/laravel/framework/src/Illuminate/Pipeline/Pipeline.php(170): Illuminate\\Foundation\\Http\\Kernel->Illuminate\\Foundation\\Http\\{closure}()
#50 /var/www/html/Thames/thamescc-backend/vendor/barryvdh/laravel-debugbar/src/Middleware/InjectDebugbar.php(66): Illuminate\\Pipeline\\Pipeline->Illuminate\\Pipeline\\{closure}()
#51 /var/www/html/Thames/thamescc-backend/vendor/laravel/framework/src/Illuminate/Pipeline/Pipeline.php(209): Barryvdh\\Debugbar\\Middleware\\InjectDebugbar->handle()
#52 /var/www/html/Thames/thamescc-backend/packages/Webkul/Installer/src/Http/Middleware/CanInstall.php(30): Illuminate\\Pipeline\\Pipeline->Illuminate\\Pipeline\\{closure}()
#53 /var/www/html/Thames/thamescc-backend/vendor/laravel/framework/src/Illuminate/Pipeline/Pipeline.php(209): Webkul\\Installer\\Http\\Middleware\\CanInstall->handle()
#54 /var/www/html/Thames/thamescc-backend/packages/Webkul/Core/src/Http/Middleware/SecureHeaders.php(29): Illuminate\\Pipeline\\Pipeline->Illuminate\\Pipeline\\{closure}()
#55 /var/www/html/Thames/thamescc-backend/vendor/laravel/framework/src/Illuminate/Pipeline/Pipeline.php(209): Webkul\\Core\\Http\\Middleware\\SecureHeaders->handle()
#56 /var/www/html/Thames/thamescc-backend/vendor/laravel/framework/src/Illuminate/Foundation/Http/Middleware/TransformsRequest.php(21): Illuminate\\Pipeline\\Pipeline->Illuminate\\Pipeline\\{closure}()
#57 /var/www/html/Thames/thamescc-backend/vendor/laravel/framework/src/Illuminate/Foundation/Http/Middleware/TrimStrings.php(51): Illuminate\\Foundation\\Http\\Middleware\\TransformsRequest->handle()
#58 /var/www/html/Thames/thamescc-backend/vendor/laravel/framework/src/Illuminate/Pipeline/Pipeline.php(209): Illuminate\\Foundation\\Http\\Middleware\\TrimStrings->handle()
#59 /var/www/html/Thames/thamescc-backend/vendor/laravel/framework/src/Illuminate/Http/Middleware/ValidatePostSize.php(27): Illuminate\\Pipeline\\Pipeline->Illuminate\\Pipeline\\{closure}()
#60 /var/www/html/Thames/thamescc-backend/vendor/laravel/framework/src/Illuminate/Pipeline/Pipeline.php(209): Illuminate\\Http\\Middleware\\ValidatePostSize->handle()
#61 /var/www/html/Thames/thamescc-backend/vendor/laravel/framework/src/Illuminate/Http/Middleware/HandleCors.php(62): Illuminate\\Pipeline\\Pipeline->Illuminate\\Pipeline\\{closure}()
#62 /var/www/html/Thames/thamescc-backend/vendor/laravel/framework/src/Illuminate/Pipeline/Pipeline.php(209): Illuminate\\Http\\Middleware\\HandleCors->handle()
#63 /var/www/html/Thames/thamescc-backend/vendor/laravel/framework/src/Illuminate/Http/Middleware/TrustProxies.php(58): Illuminate\\Pipeline\\Pipeline->Illuminate\\Pipeline\\{closure}()
#64 /var/www/html/Thames/thamescc-backend/vendor/laravel/framework/src/Illuminate/Pipeline/Pipeline.php(209): Illuminate\\Http\\Middleware\\TrustProxies->handle()
#65 /var/www/html/Thames/thamescc-backend/vendor/laravel/framework/src/Illuminate/Foundation/Http/Middleware/InvokeDeferredCallbacks.php(22): Illuminate\\Pipeline\\Pipeline->Illuminate\\Pipeline\\{closure}()
#66 /var/www/html/Thames/thamescc-backend/vendor/laravel/framework/src/Illuminate/Pipeline/Pipeline.php(209): Illuminate\\Foundation\\Http\\Middleware\\InvokeDeferredCallbacks->handle()
#67 /var/www/html/Thames/thamescc-backend/vendor/laravel/framework/src/Illuminate/Pipeline/Pipeline.php(127): Illuminate\\Pipeline\\Pipeline->Illuminate\\Pipeline\\{closure}()
#68 /var/www/html/Thames/thamescc-backend/vendor/laravel/framework/src/Illuminate/Foundation/Http/Kernel.php(176): Illuminate\\Pipeline\\Pipeline->then()
#69 /var/www/html/Thames/thamescc-backend/vendor/laravel/framework/src/Illuminate/Foundation/Http/Kernel.php(145): Illuminate\\Foundation\\Http\\Kernel->sendRequestThroughRouter()
#70 /var/www/html/Thames/thamescc-backend/public/index.php(51): Illuminate\\Foundation\\Http\\Kernel->handle()
#71 /var/www/html/Thames/thamescc-backend/vendor/laravel/framework/src/Illuminate/Foundation/resources/server.php(23): require_once('...')
#72 {main}

[previous exception] [object] (PDOException(code: 42000): SQLSTATE[42000]: Syntax error or access violation: 1066 Not unique table/alias: 'pmp_or_not_product_attribute_values' at /var/www/html/Thames/thamescc-backend/vendor/laravel/framework/src/Illuminate/Database/Connection.php:407)
[stacktrace]
#0 /var/www/html/Thames/thamescc-backend/vendor/laravel/framework/src/Illuminate/Database/Connection.php(407): PDO->prepare()
#1 /var/www/html/Thames/thamescc-backend/vendor/laravel/framework/src/Illuminate/Database/Connection.php(812): Illuminate\\Database\\Connection->Illuminate\\Database\\{closure}()
#2 /var/www/html/Thames/thamescc-backend/vendor/laravel/framework/src/Illuminate/Database/Connection.php(779): Illuminate\\Database\\Connection->runQueryCallback()
#3 /var/www/html/Thames/thamescc-backend/vendor/laravel/framework/src/Illuminate/Database/Connection.php(398): Illuminate\\Database\\Connection->run()
#4 /var/www/html/Thames/thamescc-backend/vendor/laravel/framework/src/Illuminate/Database/Query/Builder.php(3106): Illuminate\\Database\\Connection->select()
#5 /var/www/html/Thames/thamescc-backend/vendor/laravel/framework/src/Illuminate/Database/Query/Builder.php(3091): Illuminate\\Database\\Query\\Builder->runSelect()
#6 /var/www/html/Thames/thamescc-backend/vendor/laravel/framework/src/Illuminate/Database/Query/Builder.php(3676): Illuminate\\Database\\Query\\Builder->Illuminate\\Database\\Query\\{closure}()
#7 /var/www/html/Thames/thamescc-backend/vendor/laravel/framework/src/Illuminate/Database/Query/Builder.php(3090): Illuminate\\Database\\Query\\Builder->onceWithColumns()
#8 /var/www/html/Thames/thamescc-backend/vendor/laravel/framework/src/Illuminate/Database/Query/Builder.php(3277): Illuminate\\Database\\Query\\Builder->get()
#9 /var/www/html/Thames/thamescc-backend/vendor/laravel/framework/src/Illuminate/Database/Query/Builder.php(3244): Illuminate\\Database\\Query\\Builder->runPaginationCountQuery()
#10 /var/www/html/Thames/thamescc-backend/vendor/laravel/framework/src/Illuminate/Database/Eloquent/Builder.php(1029): Illuminate\\Database\\Query\\Builder->getCountForPagination()
#11 /var/www/html/Thames/thamescc-backend/vendor/prettus/l5-repository/src/Prettus/Repository/Eloquent/BaseRepository.php(487): Illuminate\\Database\\Eloquent\\Builder->paginate()
#12 /var/www/html/Thames/thamescc-backend/vendor/prettus/l5-repository/src/Prettus/Repository/Traits/CacheableRepository.php(238): Prettus\\Repository\\Eloquent\\BaseRepository->paginate()
#13 /var/www/html/Thames/thamescc-backend/packages/Webkul/Product/src/Repositories/ProductRepository.php(454): Webkul\\Core\\Eloquent\\Repository->paginate()
#14 /var/www/html/Thames/thamescc-backend/packages/Webkul/Product/src/Repositories/ProductRepository.php(213): Webkul\\Product\\Repositories\\ProductRepository->searchFromDatabase()
#15 /var/www/html/Thames/thamescc-backend/packages/Webkul/Shop/src/Http/Controllers/API/ProductController.php(34): Webkul\\Product\\Repositories\\ProductRepository->getAll()
#16 /var/www/html/Thames/thamescc-backend/vendor/laravel/framework/src/Illuminate/Routing/Controller.php(54): Webkul\\Shop\\Http\\Controllers\\API\\ProductController->index()
#17 /var/www/html/Thames/thamescc-backend/vendor/laravel/framework/src/Illuminate/Routing/ControllerDispatcher.php(44): Illuminate\\Routing\\Controller->callAction()
#18 /var/www/html/Thames/thamescc-backend/vendor/laravel/framework/src/Illuminate/Routing/Route.php(266): Illuminate\\Routing\\ControllerDispatcher->dispatch()
#19 /var/www/html/Thames/thamescc-backend/vendor/laravel/framework/src/Illuminate/Routing/Route.php(212): Illuminate\\Routing\\Route->runController()
#20 /var/www/html/Thames/thamescc-backend/vendor/laravel/framework/src/Illuminate/Routing/Router.php(808): Illuminate\\Routing\\Route->run()
#21 /var/www/html/Thames/thamescc-backend/vendor/laravel/framework/src/Illuminate/Pipeline/Pipeline.php(170): Illuminate\\Routing\\Router->Illuminate\\Routing\\{closure}()
#22 /var/www/html/Thames/thamescc-backend/packages/Webkul/Core/src/Http/Middleware/PreventRequestsDuringMaintenance.php(119): Illuminate\\Pipeline\\Pipeline->Illuminate\\Pipeline\\{closure}()
#23 /var/www/html/Thames/thamescc-backend/vendor/laravel/framework/src/Illuminate/Pipeline/Pipeline.php(209): Webkul\\Core\\Http\\Middleware\\PreventRequestsDuringMaintenance->handle()
#24 /var/www/html/Thames/thamescc-backend/packages/Webkul/Shop/src/Http/Middleware/Currency.php(40): Illuminate\\Pipeline\\Pipeline->Illuminate\\Pipeline\\{closure}()
#25 /var/www/html/Thames/thamescc-backend/vendor/laravel/framework/src/Illuminate/Pipeline/Pipeline.php(209): Webkul\\Shop\\Http\\Middleware\\Currency->handle()
#26 /var/www/html/Thames/thamescc-backend/packages/Webkul/Shop/src/Http/Middleware/Locale.php(40): Illuminate\\Pipeline\\Pipeline->Illuminate\\Pipeline\\{closure}()
#27 /var/www/html/Thames/thamescc-backend/vendor/laravel/framework/src/Illuminate/Pipeline/Pipeline.php(209): Webkul\\Shop\\Http\\Middleware\\Locale->handle()
#28 /var/www/html/Thames/thamescc-backend/packages/Webkul/Shop/src/Http/Middleware/Theme.php(32): Illuminate\\Pipeline\\Pipeline->Illuminate\\Pipeline\\{closure}()
#29 /var/www/html/Thames/thamescc-backend/vendor/laravel/framework/src/Illuminate/Pipeline/Pipeline.php(209): Webkul\\Shop\\Http\\Middleware\\Theme->handle()
#30 /var/www/html/Thames/thamescc-backend/vendor/barryvdh/laravel-debugbar/src/Middleware/InjectDebugbar.php(66): Illuminate\\Pipeline\\Pipeline->Illuminate\\Pipeline\\{closure}()
#31 /var/www/html/Thames/thamescc-backend/vendor/laravel/framework/src/Illuminate/Pipeline/Pipeline.php(209): Barryvdh\\Debugbar\\Middleware\\InjectDebugbar->handle()
#32 /var/www/html/Thames/thamescc-backend/vendor/laravel/framework/src/Illuminate/Routing/Middleware/SubstituteBindings.php(51): Illuminate\\Pipeline\\Pipeline->Illuminate\\Pipeline\\{closure}()
#33 /var/www/html/Thames/thamescc-backend/vendor/laravel/framework/src/Illuminate/Pipeline/Pipeline.php(209): Illuminate\\Routing\\Middleware\\SubstituteBindings->handle()
#34 /var/www/html/Thames/thamescc-backend/vendor/laravel/framework/src/Illuminate/Foundation/Http/Middleware/VerifyCsrfToken.php(88): Illuminate\\Pipeline\\Pipeline->Illuminate\\Pipeline\\{closure}()
#35 /var/www/html/Thames/thamescc-backend/vendor/laravel/framework/src/Illuminate/Pipeline/Pipeline.php(209): Illuminate\\Foundation\\Http\\Middleware\\VerifyCsrfToken->handle()
#36 /var/www/html/Thames/thamescc-backend/vendor/laravel/framework/src/Illuminate/View/Middleware/ShareErrorsFromSession.php(49): Illuminate\\Pipeline\\Pipeline->Illuminate\\Pipeline\\{closure}()
#37 /var/www/html/Thames/thamescc-backend/vendor/laravel/framework/src/Illuminate/Pipeline/Pipeline.php(209): Illuminate\\View\\Middleware\\ShareErrorsFromSession->handle()
#38 /var/www/html/Thames/thamescc-backend/vendor/laravel/framework/src/Illuminate/Session/Middleware/StartSession.php(121): Illuminate\\Pipeline\\Pipeline->Illuminate\\Pipeline\\{closure}()
#39 /var/www/html/Thames/thamescc-backend/vendor/laravel/framework/src/Illuminate/Session/Middleware/StartSession.php(64): Illuminate\\Session\\Middleware\\StartSession->handleStatefulRequest()
#40 /var/www/html/Thames/thamescc-backend/vendor/laravel/framework/src/Illuminate/Pipeline/Pipeline.php(209): Illuminate\\Session\\Middleware\\StartSession->handle()
#41 /var/www/html/Thames/thamescc-backend/vendor/laravel/framework/src/Illuminate/Cookie/Middleware/AddQueuedCookiesToResponse.php(37): Illuminate\\Pipeline\\Pipeline->Illuminate\\Pipeline\\{closure}()
#42 /var/www/html/Thames/thamescc-backend/vendor/laravel/framework/src/Illuminate/Pipeline/Pipeline.php(209): Illuminate\\Cookie\\Middleware\\AddQueuedCookiesToResponse->handle()
#43 /var/www/html/Thames/thamescc-backend/vendor/laravel/framework/src/Illuminate/Cookie/Middleware/EncryptCookies.php(75): Illuminate\\Pipeline\\Pipeline->Illuminate\\Pipeline\\{closure}()
#44 /var/www/html/Thames/thamescc-backend/vendor/laravel/framework/src/Illuminate/Pipeline/Pipeline.php(209): Illuminate\\Cookie\\Middleware\\EncryptCookies->handle()
#45 /var/www/html/Thames/thamescc-backend/vendor/laravel/framework/src/Illuminate/Pipeline/Pipeline.php(127): Illuminate\\Pipeline\\Pipeline->Illuminate\\Pipeline\\{closure}()
#46 /var/www/html/Thames/thamescc-backend/vendor/laravel/framework/src/Illuminate/Routing/Router.php(807): Illuminate\\Pipeline\\Pipeline->then()
#47 /var/www/html/Thames/thamescc-backend/vendor/laravel/framework/src/Illuminate/Routing/Router.php(786): Illuminate\\Routing\\Router->runRouteWithinStack()
#48 /var/www/html/Thames/thamescc-backend/vendor/laravel/framework/src/Illuminate/Routing/Router.php(750): Illuminate\\Routing\\Router->runRoute()
#49 /var/www/html/Thames/thamescc-backend/vendor/laravel/framework/src/Illuminate/Routing/Router.php(739): Illuminate\\Routing\\Router->dispatchToRoute()
#50 /var/www/html/Thames/thamescc-backend/vendor/laravel/framework/src/Illuminate/Foundation/Http/Kernel.php(201): Illuminate\\Routing\\Router->dispatch()
#51 /var/www/html/Thames/thamescc-backend/vendor/laravel/framework/src/Illuminate/Pipeline/Pipeline.php(170): Illuminate\\Foundation\\Http\\Kernel->Illuminate\\Foundation\\Http\\{closure}()
#52 /var/www/html/Thames/thamescc-backend/vendor/barryvdh/laravel-debugbar/src/Middleware/InjectDebugbar.php(66): Illuminate\\Pipeline\\Pipeline->Illuminate\\Pipeline\\{closure}()
#53 /var/www/html/Thames/thamescc-backend/vendor/laravel/framework/src/Illuminate/Pipeline/Pipeline.php(209): Barryvdh\\Debugbar\\Middleware\\InjectDebugbar->handle()
#54 /var/www/html/Thames/thamescc-backend/packages/Webkul/Installer/src/Http/Middleware/CanInstall.php(30): Illuminate\\Pipeline\\Pipeline->Illuminate\\Pipeline\\{closure}()
#55 /var/www/html/Thames/thamescc-backend/vendor/laravel/framework/src/Illuminate/Pipeline/Pipeline.php(209): Webkul\\Installer\\Http\\Middleware\\CanInstall->handle()
#56 /var/www/html/Thames/thamescc-backend/packages/Webkul/Core/src/Http/Middleware/SecureHeaders.php(29): Illuminate\\Pipeline\\Pipeline->Illuminate\\Pipeline\\{closure}()
#57 /var/www/html/Thames/thamescc-backend/vendor/laravel/framework/src/Illuminate/Pipeline/Pipeline.php(209): Webkul\\Core\\Http\\Middleware\\SecureHeaders->handle()
#58 /var/www/html/Thames/thamescc-backend/vendor/laravel/framework/src/Illuminate/Foundation/Http/Middleware/TransformsRequest.php(21): Illuminate\\Pipeline\\Pipeline->Illuminate\\Pipeline\\{closure}()
#59 /var/www/html/Thames/thamescc-backend/vendor/laravel/framework/src/Illuminate/Foundation/Http/Middleware/TrimStrings.php(51): Illuminate\\Foundation\\Http\\Middleware\\TransformsRequest->handle()
#60 /var/www/html/Thames/thamescc-backend/vendor/laravel/framework/src/Illuminate/Pipeline/Pipeline.php(209): Illuminate\\Foundation\\Http\\Middleware\\TrimStrings->handle()
#61 /var/www/html/Thames/thamescc-backend/vendor/laravel/framework/src/Illuminate/Http/Middleware/ValidatePostSize.php(27): Illuminate\\Pipeline\\Pipeline->Illuminate\\Pipeline\\{closure}()
#62 /var/www/html/Thames/thamescc-backend/vendor/laravel/framework/src/Illuminate/Pipeline/Pipeline.php(209): Illuminate\\Http\\Middleware\\ValidatePostSize->handle()
#63 /var/www/html/Thames/thamescc-backend/vendor/laravel/framework/src/Illuminate/Http/Middleware/HandleCors.php(62): Illuminate\\Pipeline\\Pipeline->Illuminate\\Pipeline\\{closure}()
#64 /var/www/html/Thames/thamescc-backend/vendor/laravel/framework/src/Illuminate/Pipeline/Pipeline.php(209): Illuminate\\Http\\Middleware\\HandleCors->handle()
#65 /var/www/html/Thames/thamescc-backend/vendor/laravel/framework/src/Illuminate/Http/Middleware/TrustProxies.php(58): Illuminate\\Pipeline\\Pipeline->Illuminate\\Pipeline\\{closure}()
#66 /var/www/html/Thames/thamescc-backend/vendor/laravel/framework/src/Illuminate/Pipeline/Pipeline.php(209): Illuminate\\Http\\Middleware\\TrustProxies->handle()
#67 /var/www/html/Thames/thamescc-backend/vendor/laravel/framework/src/Illuminate/Foundation/Http/Middleware/InvokeDeferredCallbacks.php(22): Illuminate\\Pipeline\\Pipeline->Illuminate\\Pipeline\\{closure}()
#68 /var/www/html/Thames/thamescc-backend/vendor/laravel/framework/src/Illuminate/Pipeline/Pipeline.php(209): Illuminate\\Foundation\\Http\\Middleware\\InvokeDeferredCallbacks->handle()
#69 /var/www/html/Thames/thamescc-backend/vendor/laravel/framework/src/Illuminate/Pipeline/Pipeline.php(127): Illuminate\\Pipeline\\Pipeline->Illuminate\\Pipeline\\{closure}()
#70 /var/www/html/Thames/thamescc-backend/vendor/laravel/framework/src/Illuminate/Foundation/Http/Kernel.php(176): Illuminate\\Pipeline\\Pipeline->then()
#71 /var/www/html/Thames/thamescc-backend/vendor/laravel/framework/src/Illuminate/Foundation/Http/Kernel.php(145): Illuminate\\Foundation\\Http\\Kernel->sendRequestThroughRouter()
#72 /var/www/html/Thames/thamescc-backend/public/index.php(51): Illuminate\\Foundation\\Http\\Kernel->handle()
#73 /var/www/html/Thames/thamescc-backend/vendor/laravel/framework/src/Illuminate/Foundation/resources/server.php(23): require_once('...')
#74 {main}
"} 
[2025-06-19 12:25:07] local.ERROR: SQLSTATE[42000]: Syntax error or access violation: 1066 Not unique table/alias: 'pmp_or_not_product_attribute_values' (Connection: mysql, SQL: select count(*) as aggregate from (select distinct `products`.* from `products` left join `products` as `variants` on COALESCE(variants.parent_id, variants.id) = `products`.`id` left join `product_price_indices` on `products`.`id` = `product_price_indices`.`product_id` and `product_price_indices`.`customer_group_id` = 1 left join `product_channels` on `products`.`id` = `product_channels`.`product_id` left join `product_attribute_values` as `status_product_attribute_values` on `products`.`id` = `status_product_attribute_values`.`product_id` left join `product_attribute_values` as `url_key_product_attribute_values` on `products`.`id` = `url_key_product_attribute_values`.`product_id` left join `product_attribute_values` as `visible_individually_product_attribute_values` on `products`.`id` = `visible_individually_product_attribute_values`.`product_id` left join `product_attribute_values` as `pmp_or_not_product_attribute_values` on `products`.`id` = `pmp_or_not_product_attribute_values`.`product_id` and `pmp_or_not_product_attribute_values`.`attribute_id` = 49 left join `product_attribute_values` as `prom_id_product_attribute_values` on `products`.`id` = `prom_id_product_attribute_values`.`product_id` and `prom_id_product_attribute_values`.`attribute_id` = 41 left join `product_attribute_values` as `pmp_or_not_variant_attribute_values` on `variants`.`id` = `pmp_or_not_variant_attribute_values`.`product_id` and `pmp_or_not_variant_attribute_values`.`attribute_id` = 49 left join `product_attribute_values` as `prom_id_variant_attribute_values` on `variants`.`id` = `prom_id_variant_attribute_values`.`product_id` and `prom_id_variant_attribute_values`.`attribute_id` = 41 left join `product_attribute_values` as `pmp_or_not_product_attribute_values` on `products`.`id` = `pmp_or_not_product_attribute_values`.`product_id` and `pmp_or_not_product_attribute_values`.`attribute_id` = 49 left join `product_attribute_values` as `prom_id_product_attribute_values` on `products`.`id` = `prom_id_product_attribute_values`.`product_id` and `prom_id_product_attribute_values`.`attribute_id` = 41 where `product_channels`.`channel_id` = 1 and `status_product_attribute_values`.`attribute_id` = 8 and `status_product_attribute_values`.`boolean_value` = 1 and `url_key_product_attribute_values`.`attribute_id` = 3 and `url_key_product_attribute_values`.`text_value` is not null and `visible_individually_product_attribute_values`.`attribute_id` = 7 and `visible_individually_product_attribute_values`.`boolean_value` = 1 and ((`pmp_or_not_product_attribute_values`.`text_value` in (, PMP) and `prom_id_product_attribute_values`.`text_value` in (, Promotion)) or (`pmp_or_not_variant_attribute_values`.`text_value` in (, PMP) and `prom_id_variant_attribute_values`.`text_value` in (, Promotion))) and `pmp_or_not_product_attribute_values`.`text_value` in (, PMP) and `prom_id_product_attribute_values`.`text_value` in (, Promotion) group by `products`.`id`, `products`.`id`) as `aggregate_table`) {"exception":"[object] (Illuminate\\Database\\QueryException(code: 42000): SQLSTATE[42000]: Syntax error or access violation: 1066 Not unique table/alias: 'pmp_or_not_product_attribute_values' (Connection: mysql, SQL: select count(*) as aggregate from (select distinct `products`.* from `products` left join `products` as `variants` on COALESCE(variants.parent_id, variants.id) = `products`.`id` left join `product_price_indices` on `products`.`id` = `product_price_indices`.`product_id` and `product_price_indices`.`customer_group_id` = 1 left join `product_channels` on `products`.`id` = `product_channels`.`product_id` left join `product_attribute_values` as `status_product_attribute_values` on `products`.`id` = `status_product_attribute_values`.`product_id` left join `product_attribute_values` as `url_key_product_attribute_values` on `products`.`id` = `url_key_product_attribute_values`.`product_id` left join `product_attribute_values` as `visible_individually_product_attribute_values` on `products`.`id` = `visible_individually_product_attribute_values`.`product_id` left join `product_attribute_values` as `pmp_or_not_product_attribute_values` on `products`.`id` = `pmp_or_not_product_attribute_values`.`product_id` and `pmp_or_not_product_attribute_values`.`attribute_id` = 49 left join `product_attribute_values` as `prom_id_product_attribute_values` on `products`.`id` = `prom_id_product_attribute_values`.`product_id` and `prom_id_product_attribute_values`.`attribute_id` = 41 left join `product_attribute_values` as `pmp_or_not_variant_attribute_values` on `variants`.`id` = `pmp_or_not_variant_attribute_values`.`product_id` and `pmp_or_not_variant_attribute_values`.`attribute_id` = 49 left join `product_attribute_values` as `prom_id_variant_attribute_values` on `variants`.`id` = `prom_id_variant_attribute_values`.`product_id` and `prom_id_variant_attribute_values`.`attribute_id` = 41 left join `product_attribute_values` as `pmp_or_not_product_attribute_values` on `products`.`id` = `pmp_or_not_product_attribute_values`.`product_id` and `pmp_or_not_product_attribute_values`.`attribute_id` = 49 left join `product_attribute_values` as `prom_id_product_attribute_values` on `products`.`id` = `prom_id_product_attribute_values`.`product_id` and `prom_id_product_attribute_values`.`attribute_id` = 41 where `product_channels`.`channel_id` = 1 and `status_product_attribute_values`.`attribute_id` = 8 and `status_product_attribute_values`.`boolean_value` = 1 and `url_key_product_attribute_values`.`attribute_id` = 3 and `url_key_product_attribute_values`.`text_value` is not null and `visible_individually_product_attribute_values`.`attribute_id` = 7 and `visible_individually_product_attribute_values`.`boolean_value` = 1 and ((`pmp_or_not_product_attribute_values`.`text_value` in (, PMP) and `prom_id_product_attribute_values`.`text_value` in (, Promotion)) or (`pmp_or_not_variant_attribute_values`.`text_value` in (, PMP) and `prom_id_variant_attribute_values`.`text_value` in (, Promotion))) and `pmp_or_not_product_attribute_values`.`text_value` in (, PMP) and `prom_id_product_attribute_values`.`text_value` in (, Promotion) group by `products`.`id`, `products`.`id`) as `aggregate_table`) at /var/www/html/Thames/thamescc-backend/vendor/laravel/framework/src/Illuminate/Database/Connection.php:825)
[stacktrace]
#0 /var/www/html/Thames/thamescc-backend/vendor/laravel/framework/src/Illuminate/Database/Connection.php(779): Illuminate\\Database\\Connection->runQueryCallback()
#1 /var/www/html/Thames/thamescc-backend/vendor/laravel/framework/src/Illuminate/Database/Connection.php(398): Illuminate\\Database\\Connection->run()
#2 /var/www/html/Thames/thamescc-backend/vendor/laravel/framework/src/Illuminate/Database/Query/Builder.php(3106): Illuminate\\Database\\Connection->select()
#3 /var/www/html/Thames/thamescc-backend/vendor/laravel/framework/src/Illuminate/Database/Query/Builder.php(3091): Illuminate\\Database\\Query\\Builder->runSelect()
#4 /var/www/html/Thames/thamescc-backend/vendor/laravel/framework/src/Illuminate/Database/Query/Builder.php(3676): Illuminate\\Database\\Query\\Builder->Illuminate\\Database\\Query\\{closure}()
#5 /var/www/html/Thames/thamescc-backend/vendor/laravel/framework/src/Illuminate/Database/Query/Builder.php(3090): Illuminate\\Database\\Query\\Builder->onceWithColumns()
#6 /var/www/html/Thames/thamescc-backend/vendor/laravel/framework/src/Illuminate/Database/Query/Builder.php(3277): Illuminate\\Database\\Query\\Builder->get()
#7 /var/www/html/Thames/thamescc-backend/vendor/laravel/framework/src/Illuminate/Database/Query/Builder.php(3244): Illuminate\\Database\\Query\\Builder->runPaginationCountQuery()
#8 /var/www/html/Thames/thamescc-backend/vendor/laravel/framework/src/Illuminate/Database/Eloquent/Builder.php(1029): Illuminate\\Database\\Query\\Builder->getCountForPagination()
#9 /var/www/html/Thames/thamescc-backend/vendor/prettus/l5-repository/src/Prettus/Repository/Eloquent/BaseRepository.php(487): Illuminate\\Database\\Eloquent\\Builder->paginate()
#10 /var/www/html/Thames/thamescc-backend/vendor/prettus/l5-repository/src/Prettus/Repository/Traits/CacheableRepository.php(238): Prettus\\Repository\\Eloquent\\BaseRepository->paginate()
#11 /var/www/html/Thames/thamescc-backend/packages/Webkul/Product/src/Repositories/ProductRepository.php(454): Webkul\\Core\\Eloquent\\Repository->paginate()
#12 /var/www/html/Thames/thamescc-backend/packages/Webkul/Product/src/Repositories/ProductRepository.php(213): Webkul\\Product\\Repositories\\ProductRepository->searchFromDatabase()
#13 /var/www/html/Thames/thamescc-backend/packages/Webkul/Shop/src/Http/Controllers/API/ProductController.php(34): Webkul\\Product\\Repositories\\ProductRepository->getAll()
#14 /var/www/html/Thames/thamescc-backend/vendor/laravel/framework/src/Illuminate/Routing/Controller.php(54): Webkul\\Shop\\Http\\Controllers\\API\\ProductController->index()
#15 /var/www/html/Thames/thamescc-backend/vendor/laravel/framework/src/Illuminate/Routing/ControllerDispatcher.php(44): Illuminate\\Routing\\Controller->callAction()
#16 /var/www/html/Thames/thamescc-backend/vendor/laravel/framework/src/Illuminate/Routing/Route.php(266): Illuminate\\Routing\\ControllerDispatcher->dispatch()
#17 /var/www/html/Thames/thamescc-backend/vendor/laravel/framework/src/Illuminate/Routing/Route.php(212): Illuminate\\Routing\\Route->runController()
#18 /var/www/html/Thames/thamescc-backend/vendor/laravel/framework/src/Illuminate/Routing/Router.php(808): Illuminate\\Routing\\Route->run()
#19 /var/www/html/Thames/thamescc-backend/vendor/laravel/framework/src/Illuminate/Pipeline/Pipeline.php(170): Illuminate\\Routing\\Router->Illuminate\\Routing\\{closure}()
#20 /var/www/html/Thames/thamescc-backend/packages/Webkul/Core/src/Http/Middleware/PreventRequestsDuringMaintenance.php(119): Illuminate\\Pipeline\\Pipeline->Illuminate\\Pipeline\\{closure}()
#21 /var/www/html/Thames/thamescc-backend/vendor/laravel/framework/src/Illuminate/Pipeline/Pipeline.php(209): Webkul\\Core\\Http\\Middleware\\PreventRequestsDuringMaintenance->handle()
#22 /var/www/html/Thames/thamescc-backend/packages/Webkul/Shop/src/Http/Middleware/Currency.php(40): Illuminate\\Pipeline\\Pipeline->Illuminate\\Pipeline\\{closure}()
#23 /var/www/html/Thames/thamescc-backend/vendor/laravel/framework/src/Illuminate/Pipeline/Pipeline.php(209): Webkul\\Shop\\Http\\Middleware\\Currency->handle()
#24 /var/www/html/Thames/thamescc-backend/packages/Webkul/Shop/src/Http/Middleware/Locale.php(40): Illuminate\\Pipeline\\Pipeline->Illuminate\\Pipeline\\{closure}()
#25 /var/www/html/Thames/thamescc-backend/vendor/laravel/framework/src/Illuminate/Pipeline/Pipeline.php(209): Webkul\\Shop\\Http\\Middleware\\Locale->handle()
#26 /var/www/html/Thames/thamescc-backend/packages/Webkul/Shop/src/Http/Middleware/Theme.php(32): Illuminate\\Pipeline\\Pipeline->Illuminate\\Pipeline\\{closure}()
#27 /var/www/html/Thames/thamescc-backend/vendor/laravel/framework/src/Illuminate/Pipeline/Pipeline.php(209): Webkul\\Shop\\Http\\Middleware\\Theme->handle()
#28 /var/www/html/Thames/thamescc-backend/vendor/barryvdh/laravel-debugbar/src/Middleware/InjectDebugbar.php(66): Illuminate\\Pipeline\\Pipeline->Illuminate\\Pipeline\\{closure}()
#29 /var/www/html/Thames/thamescc-backend/vendor/laravel/framework/src/Illuminate/Pipeline/Pipeline.php(209): Barryvdh\\Debugbar\\Middleware\\InjectDebugbar->handle()
#30 /var/www/html/Thames/thamescc-backend/vendor/laravel/framework/src/Illuminate/Routing/Middleware/SubstituteBindings.php(51): Illuminate\\Pipeline\\Pipeline->Illuminate\\Pipeline\\{closure}()
#31 /var/www/html/Thames/thamescc-backend/vendor/laravel/framework/src/Illuminate/Pipeline/Pipeline.php(209): Illuminate\\Routing\\Middleware\\SubstituteBindings->handle()
#32 /var/www/html/Thames/thamescc-backend/vendor/laravel/framework/src/Illuminate/Foundation/Http/Middleware/VerifyCsrfToken.php(88): Illuminate\\Pipeline\\Pipeline->Illuminate\\Pipeline\\{closure}()
#33 /var/www/html/Thames/thamescc-backend/vendor/laravel/framework/src/Illuminate/Pipeline/Pipeline.php(209): Illuminate\\Foundation\\Http\\Middleware\\VerifyCsrfToken->handle()
#34 /var/www/html/Thames/thamescc-backend/vendor/laravel/framework/src/Illuminate/View/Middleware/ShareErrorsFromSession.php(49): Illuminate\\Pipeline\\Pipeline->Illuminate\\Pipeline\\{closure}()
#35 /var/www/html/Thames/thamescc-backend/vendor/laravel/framework/src/Illuminate/Pipeline/Pipeline.php(209): Illuminate\\View\\Middleware\\ShareErrorsFromSession->handle()
#36 /var/www/html/Thames/thamescc-backend/vendor/laravel/framework/src/Illuminate/Session/Middleware/StartSession.php(121): Illuminate\\Pipeline\\Pipeline->Illuminate\\Pipeline\\{closure}()
#37 /var/www/html/Thames/thamescc-backend/vendor/laravel/framework/src/Illuminate/Session/Middleware/StartSession.php(64): Illuminate\\Session\\Middleware\\StartSession->handleStatefulRequest()
#38 /var/www/html/Thames/thamescc-backend/vendor/laravel/framework/src/Illuminate/Pipeline/Pipeline.php(209): Illuminate\\Session\\Middleware\\StartSession->handle()
#39 /var/www/html/Thames/thamescc-backend/vendor/laravel/framework/src/Illuminate/Cookie/Middleware/AddQueuedCookiesToResponse.php(37): Illuminate\\Pipeline\\Pipeline->Illuminate\\Pipeline\\{closure}()
#40 /var/www/html/Thames/thamescc-backend/vendor/laravel/framework/src/Illuminate/Pipeline/Pipeline.php(209): Illuminate\\Cookie\\Middleware\\AddQueuedCookiesToResponse->handle()
#41 /var/www/html/Thames/thamescc-backend/vendor/laravel/framework/src/Illuminate/Cookie/Middleware/EncryptCookies.php(75): Illuminate\\Pipeline\\Pipeline->Illuminate\\Pipeline\\{closure}()
#42 /var/www/html/Thames/thamescc-backend/vendor/laravel/framework/src/Illuminate/Pipeline/Pipeline.php(209): Illuminate\\Cookie\\Middleware\\EncryptCookies->handle()
#43 /var/www/html/Thames/thamescc-backend/vendor/laravel/framework/src/Illuminate/Pipeline/Pipeline.php(127): Illuminate\\Pipeline\\Pipeline->Illuminate\\Pipeline\\{closure}()
#44 /var/www/html/Thames/thamescc-backend/vendor/laravel/framework/src/Illuminate/Routing/Router.php(807): Illuminate\\Pipeline\\Pipeline->then()
#45 /var/www/html/Thames/thamescc-backend/vendor/laravel/framework/src/Illuminate/Routing/Router.php(786): Illuminate\\Routing\\Router->runRouteWithinStack()
#46 /var/www/html/Thames/thamescc-backend/vendor/laravel/framework/src/Illuminate/Routing/Router.php(750): Illuminate\\Routing\\Router->runRoute()
#47 /var/www/html/Thames/thamescc-backend/vendor/laravel/framework/src/Illuminate/Routing/Router.php(739): Illuminate\\Routing\\Router->dispatchToRoute()
#48 /var/www/html/Thames/thamescc-backend/vendor/laravel/framework/src/Illuminate/Foundation/Http/Kernel.php(201): Illuminate\\Routing\\Router->dispatch()
#49 /var/www/html/Thames/thamescc-backend/vendor/laravel/framework/src/Illuminate/Pipeline/Pipeline.php(170): Illuminate\\Foundation\\Http\\Kernel->Illuminate\\Foundation\\Http\\{closure}()
#50 /var/www/html/Thames/thamescc-backend/vendor/barryvdh/laravel-debugbar/src/Middleware/InjectDebugbar.php(66): Illuminate\\Pipeline\\Pipeline->Illuminate\\Pipeline\\{closure}()
#51 /var/www/html/Thames/thamescc-backend/vendor/laravel/framework/src/Illuminate/Pipeline/Pipeline.php(209): Barryvdh\\Debugbar\\Middleware\\InjectDebugbar->handle()
#52 /var/www/html/Thames/thamescc-backend/packages/Webkul/Installer/src/Http/Middleware/CanInstall.php(30): Illuminate\\Pipeline\\Pipeline->Illuminate\\Pipeline\\{closure}()
#53 /var/www/html/Thames/thamescc-backend/vendor/laravel/framework/src/Illuminate/Pipeline/Pipeline.php(209): Webkul\\Installer\\Http\\Middleware\\CanInstall->handle()
#54 /var/www/html/Thames/thamescc-backend/packages/Webkul/Core/src/Http/Middleware/SecureHeaders.php(29): Illuminate\\Pipeline\\Pipeline->Illuminate\\Pipeline\\{closure}()
#55 /var/www/html/Thames/thamescc-backend/vendor/laravel/framework/src/Illuminate/Pipeline/Pipeline.php(209): Webkul\\Core\\Http\\Middleware\\SecureHeaders->handle()
#56 /var/www/html/Thames/thamescc-backend/vendor/laravel/framework/src/Illuminate/Foundation/Http/Middleware/TransformsRequest.php(21): Illuminate\\Pipeline\\Pipeline->Illuminate\\Pipeline\\{closure}()
#57 /var/www/html/Thames/thamescc-backend/vendor/laravel/framework/src/Illuminate/Foundation/Http/Middleware/TrimStrings.php(51): Illuminate\\Foundation\\Http\\Middleware\\TransformsRequest->handle()
#58 /var/www/html/Thames/thamescc-backend/vendor/laravel/framework/src/Illuminate/Pipeline/Pipeline.php(209): Illuminate\\Foundation\\Http\\Middleware\\TrimStrings->handle()
#59 /var/www/html/Thames/thamescc-backend/vendor/laravel/framework/src/Illuminate/Http/Middleware/ValidatePostSize.php(27): Illuminate\\Pipeline\\Pipeline->Illuminate\\Pipeline\\{closure}()
#60 /var/www/html/Thames/thamescc-backend/vendor/laravel/framework/src/Illuminate/Pipeline/Pipeline.php(209): Illuminate\\Http\\Middleware\\ValidatePostSize->handle()
#61 /var/www/html/Thames/thamescc-backend/vendor/laravel/framework/src/Illuminate/Http/Middleware/HandleCors.php(62): Illuminate\\Pipeline\\Pipeline->Illuminate\\Pipeline\\{closure}()
#62 /var/www/html/Thames/thamescc-backend/vendor/laravel/framework/src/Illuminate/Pipeline/Pipeline.php(209): Illuminate\\Http\\Middleware\\HandleCors->handle()
#63 /var/www/html/Thames/thamescc-backend/vendor/laravel/framework/src/Illuminate/Http/Middleware/TrustProxies.php(58): Illuminate\\Pipeline\\Pipeline->Illuminate\\Pipeline\\{closure}()
#64 /var/www/html/Thames/thamescc-backend/vendor/laravel/framework/src/Illuminate/Pipeline/Pipeline.php(209): Illuminate\\Http\\Middleware\\TrustProxies->handle()
#65 /var/www/html/Thames/thamescc-backend/vendor/laravel/framework/src/Illuminate/Foundation/Http/Middleware/InvokeDeferredCallbacks.php(22): Illuminate\\Pipeline\\Pipeline->Illuminate\\Pipeline\\{closure}()
#66 /var/www/html/Thames/thamescc-backend/vendor/laravel/framework/src/Illuminate/Pipeline/Pipeline.php(209): Illuminate\\Foundation\\Http\\Middleware\\InvokeDeferredCallbacks->handle()
#67 /var/www/html/Thames/thamescc-backend/vendor/laravel/framework/src/Illuminate/Pipeline/Pipeline.php(127): Illuminate\\Pipeline\\Pipeline->Illuminate\\Pipeline\\{closure}()
#68 /var/www/html/Thames/thamescc-backend/vendor/laravel/framework/src/Illuminate/Foundation/Http/Kernel.php(176): Illuminate\\Pipeline\\Pipeline->then()
#69 /var/www/html/Thames/thamescc-backend/vendor/laravel/framework/src/Illuminate/Foundation/Http/Kernel.php(145): Illuminate\\Foundation\\Http\\Kernel->sendRequestThroughRouter()
#70 /var/www/html/Thames/thamescc-backend/public/index.php(51): Illuminate\\Foundation\\Http\\Kernel->handle()
#71 /var/www/html/Thames/thamescc-backend/vendor/laravel/framework/src/Illuminate/Foundation/resources/server.php(23): require_once('...')
#72 {main}

[previous exception] [object] (PDOException(code: 42000): SQLSTATE[42000]: Syntax error or access violation: 1066 Not unique table/alias: 'pmp_or_not_product_attribute_values' at /var/www/html/Thames/thamescc-backend/vendor/laravel/framework/src/Illuminate/Database/Connection.php:407)
[stacktrace]
#0 /var/www/html/Thames/thamescc-backend/vendor/laravel/framework/src/Illuminate/Database/Connection.php(407): PDO->prepare()
#1 /var/www/html/Thames/thamescc-backend/vendor/laravel/framework/src/Illuminate/Database/Connection.php(812): Illuminate\\Database\\Connection->Illuminate\\Database\\{closure}()
#2 /var/www/html/Thames/thamescc-backend/vendor/laravel/framework/src/Illuminate/Database/Connection.php(779): Illuminate\\Database\\Connection->runQueryCallback()
#3 /var/www/html/Thames/thamescc-backend/vendor/laravel/framework/src/Illuminate/Database/Connection.php(398): Illuminate\\Database\\Connection->run()
#4 /var/www/html/Thames/thamescc-backend/vendor/laravel/framework/src/Illuminate/Database/Query/Builder.php(3106): Illuminate\\Database\\Connection->select()
#5 /var/www/html/Thames/thamescc-backend/vendor/laravel/framework/src/Illuminate/Database/Query/Builder.php(3091): Illuminate\\Database\\Query\\Builder->runSelect()
#6 /var/www/html/Thames/thamescc-backend/vendor/laravel/framework/src/Illuminate/Database/Query/Builder.php(3676): Illuminate\\Database\\Query\\Builder->Illuminate\\Database\\Query\\{closure}()
#7 /var/www/html/Thames/thamescc-backend/vendor/laravel/framework/src/Illuminate/Database/Query/Builder.php(3090): Illuminate\\Database\\Query\\Builder->onceWithColumns()
#8 /var/www/html/Thames/thamescc-backend/vendor/laravel/framework/src/Illuminate/Database/Query/Builder.php(3277): Illuminate\\Database\\Query\\Builder->get()
#9 /var/www/html/Thames/thamescc-backend/vendor/laravel/framework/src/Illuminate/Database/Query/Builder.php(3244): Illuminate\\Database\\Query\\Builder->runPaginationCountQuery()
#10 /var/www/html/Thames/thamescc-backend/vendor/laravel/framework/src/Illuminate/Database/Eloquent/Builder.php(1029): Illuminate\\Database\\Query\\Builder->getCountForPagination()
#11 /var/www/html/Thames/thamescc-backend/vendor/prettus/l5-repository/src/Prettus/Repository/Eloquent/BaseRepository.php(487): Illuminate\\Database\\Eloquent\\Builder->paginate()
#12 /var/www/html/Thames/thamescc-backend/vendor/prettus/l5-repository/src/Prettus/Repository/Traits/CacheableRepository.php(238): Prettus\\Repository\\Eloquent\\BaseRepository->paginate()
#13 /var/www/html/Thames/thamescc-backend/packages/Webkul/Product/src/Repositories/ProductRepository.php(454): Webkul\\Core\\Eloquent\\Repository->paginate()
#14 /var/www/html/Thames/thamescc-backend/packages/Webkul/Product/src/Repositories/ProductRepository.php(213): Webkul\\Product\\Repositories\\ProductRepository->searchFromDatabase()
#15 /var/www/html/Thames/thamescc-backend/packages/Webkul/Shop/src/Http/Controllers/API/ProductController.php(34): Webkul\\Product\\Repositories\\ProductRepository->getAll()
#16 /var/www/html/Thames/thamescc-backend/vendor/laravel/framework/src/Illuminate/Routing/Controller.php(54): Webkul\\Shop\\Http\\Controllers\\API\\ProductController->index()
#17 /var/www/html/Thames/thamescc-backend/vendor/laravel/framework/src/Illuminate/Routing/ControllerDispatcher.php(44): Illuminate\\Routing\\Controller->callAction()
#18 /var/www/html/Thames/thamescc-backend/vendor/laravel/framework/src/Illuminate/Routing/Route.php(266): Illuminate\\Routing\\ControllerDispatcher->dispatch()
#19 /var/www/html/Thames/thamescc-backend/vendor/laravel/framework/src/Illuminate/Routing/Route.php(212): Illuminate\\Routing\\Route->runController()
#20 /var/www/html/Thames/thamescc-backend/vendor/laravel/framework/src/Illuminate/Routing/Router.php(808): Illuminate\\Routing\\Route->run()
#21 /var/www/html/Thames/thamescc-backend/vendor/laravel/framework/src/Illuminate/Pipeline/Pipeline.php(170): Illuminate\\Routing\\Router->Illuminate\\Routing\\{closure}()
#22 /var/www/html/Thames/thamescc-backend/packages/Webkul/Core/src/Http/Middleware/PreventRequestsDuringMaintenance.php(119): Illuminate\\Pipeline\\Pipeline->Illuminate\\Pipeline\\{closure}()
#23 /var/www/html/Thames/thamescc-backend/vendor/laravel/framework/src/Illuminate/Pipeline/Pipeline.php(209): Webkul\\Core\\Http\\Middleware\\PreventRequestsDuringMaintenance->handle()
#24 /var/www/html/Thames/thamescc-backend/packages/Webkul/Shop/src/Http/Middleware/Currency.php(40): Illuminate\\Pipeline\\Pipeline->Illuminate\\Pipeline\\{closure}()
#25 /var/www/html/Thames/thamescc-backend/vendor/laravel/framework/src/Illuminate/Pipeline/Pipeline.php(209): Webkul\\Shop\\Http\\Middleware\\Currency->handle()
#26 /var/www/html/Thames/thamescc-backend/packages/Webkul/Shop/src/Http/Middleware/Locale.php(40): Illuminate\\Pipeline\\Pipeline->Illuminate\\Pipeline\\{closure}()
#27 /var/www/html/Thames/thamescc-backend/vendor/laravel/framework/src/Illuminate/Pipeline/Pipeline.php(209): Webkul\\Shop\\Http\\Middleware\\Locale->handle()
#28 /var/www/html/Thames/thamescc-backend/packages/Webkul/Shop/src/Http/Middleware/Theme.php(32): Illuminate\\Pipeline\\Pipeline->Illuminate\\Pipeline\\{closure}()
#29 /var/www/html/Thames/thamescc-backend/vendor/laravel/framework/src/Illuminate/Pipeline/Pipeline.php(209): Webkul\\Shop\\Http\\Middleware\\Theme->handle()
#30 /var/www/html/Thames/thamescc-backend/vendor/barryvdh/laravel-debugbar/src/Middleware/InjectDebugbar.php(66): Illuminate\\Pipeline\\Pipeline->Illuminate\\Pipeline\\{closure}()
#31 /var/www/html/Thames/thamescc-backend/vendor/laravel/framework/src/Illuminate/Pipeline/Pipeline.php(209): Barryvdh\\Debugbar\\Middleware\\InjectDebugbar->handle()
#32 /var/www/html/Thames/thamescc-backend/vendor/laravel/framework/src/Illuminate/Routing/Middleware/SubstituteBindings.php(51): Illuminate\\Pipeline\\Pipeline->Illuminate\\Pipeline\\{closure}()
#33 /var/www/html/Thames/thamescc-backend/vendor/laravel/framework/src/Illuminate/Pipeline/Pipeline.php(209): Illuminate\\Routing\\Middleware\\SubstituteBindings->handle()
#34 /var/www/html/Thames/thamescc-backend/vendor/laravel/framework/src/Illuminate/Foundation/Http/Middleware/VerifyCsrfToken.php(88): Illuminate\\Pipeline\\Pipeline->Illuminate\\Pipeline\\{closure}()
#35 /var/www/html/Thames/thamescc-backend/vendor/laravel/framework/src/Illuminate/Pipeline/Pipeline.php(209): Illuminate\\Foundation\\Http\\Middleware\\VerifyCsrfToken->handle()
#36 /var/www/html/Thames/thamescc-backend/vendor/laravel/framework/src/Illuminate/View/Middleware/ShareErrorsFromSession.php(49): Illuminate\\Pipeline\\Pipeline->Illuminate\\Pipeline\\{closure}()
#37 /var/www/html/Thames/thamescc-backend/vendor/laravel/framework/src/Illuminate/Pipeline/Pipeline.php(209): Illuminate\\View\\Middleware\\ShareErrorsFromSession->handle()
#38 /var/www/html/Thames/thamescc-backend/vendor/laravel/framework/src/Illuminate/Session/Middleware/StartSession.php(121): Illuminate\\Pipeline\\Pipeline->Illuminate\\Pipeline\\{closure}()
#39 /var/www/html/Thames/thamescc-backend/vendor/laravel/framework/src/Illuminate/Session/Middleware/StartSession.php(64): Illuminate\\Session\\Middleware\\StartSession->handleStatefulRequest()
#40 /var/www/html/Thames/thamescc-backend/vendor/laravel/framework/src/Illuminate/Pipeline/Pipeline.php(209): Illuminate\\Session\\Middleware\\StartSession->handle()
#41 /var/www/html/Thames/thamescc-backend/vendor/laravel/framework/src/Illuminate/Cookie/Middleware/AddQueuedCookiesToResponse.php(37): Illuminate\\Pipeline\\Pipeline->Illuminate\\Pipeline\\{closure}()
#42 /var/www/html/Thames/thamescc-backend/vendor/laravel/framework/src/Illuminate/Pipeline/Pipeline.php(209): Illuminate\\Cookie\\Middleware\\AddQueuedCookiesToResponse->handle()
#43 /var/www/html/Thames/thamescc-backend/vendor/laravel/framework/src/Illuminate/Cookie/Middleware/EncryptCookies.php(75): Illuminate\\Pipeline\\Pipeline->Illuminate\\Pipeline\\{closure}()
#44 /var/www/html/Thames/thamescc-backend/vendor/laravel/framework/src/Illuminate/Pipeline/Pipeline.php(209): Illuminate\\Cookie\\Middleware\\EncryptCookies->handle()
#45 /var/www/html/Thames/thamescc-backend/vendor/laravel/framework/src/Illuminate/Pipeline/Pipeline.php(127): Illuminate\\Pipeline\\Pipeline->Illuminate\\Pipeline\\{closure}()
#46 /var/www/html/Thames/thamescc-backend/vendor/laravel/framework/src/Illuminate/Routing/Router.php(807): Illuminate\\Pipeline\\Pipeline->then()
#47 /var/www/html/Thames/thamescc-backend/vendor/laravel/framework/src/Illuminate/Routing/Router.php(786): Illuminate\\Routing\\Router->runRouteWithinStack()
#48 /var/www/html/Thames/thamescc-backend/vendor/laravel/framework/src/Illuminate/Routing/Router.php(750): Illuminate\\Routing\\Router->runRoute()
#49 /var/www/html/Thames/thamescc-backend/vendor/laravel/framework/src/Illuminate/Routing/Router.php(739): Illuminate\\Routing\\Router->dispatchToRoute()
#50 /var/www/html/Thames/thamescc-backend/vendor/laravel/framework/src/Illuminate/Foundation/Http/Kernel.php(201): Illuminate\\Routing\\Router->dispatch()
#51 /var/www/html/Thames/thamescc-backend/vendor/laravel/framework/src/Illuminate/Pipeline/Pipeline.php(170): Illuminate\\Foundation\\Http\\Kernel->Illuminate\\Foundation\\Http\\{closure}()
#52 /var/www/html/Thames/thamescc-backend/vendor/barryvdh/laravel-debugbar/src/Middleware/InjectDebugbar.php(66): Illuminate\\Pipeline\\Pipeline->Illuminate\\Pipeline\\{closure}()
#53 /var/www/html/Thames/thamescc-backend/vendor/laravel/framework/src/Illuminate/Pipeline/Pipeline.php(209): Barryvdh\\Debugbar\\Middleware\\InjectDebugbar->handle()
#54 /var/www/html/Thames/thamescc-backend/packages/Webkul/Installer/src/Http/Middleware/CanInstall.php(30): Illuminate\\Pipeline\\Pipeline->Illuminate\\Pipeline\\{closure}()
#55 /var/www/html/Thames/thamescc-backend/vendor/laravel/framework/src/Illuminate/Pipeline/Pipeline.php(209): Webkul\\Installer\\Http\\Middleware\\CanInstall->handle()
#56 /var/www/html/Thames/thamescc-backend/packages/Webkul/Core/src/Http/Middleware/SecureHeaders.php(29): Illuminate\\Pipeline\\Pipeline->Illuminate\\Pipeline\\{closure}()
#57 /var/www/html/Thames/thamescc-backend/vendor/laravel/framework/src/Illuminate/Pipeline/Pipeline.php(209): Webkul\\Core\\Http\\Middleware\\SecureHeaders->handle()
#58 /var/www/html/Thames/thamescc-backend/vendor/laravel/framework/src/Illuminate/Foundation/Http/Middleware/TransformsRequest.php(21): Illuminate\\Pipeline\\Pipeline->Illuminate\\Pipeline\\{closure}()
#59 /var/www/html/Thames/thamescc-backend/vendor/laravel/framework/src/Illuminate/Foundation/Http/Middleware/TrimStrings.php(51): Illuminate\\Foundation\\Http\\Middleware\\TransformsRequest->handle()
#60 /var/www/html/Thames/thamescc-backend/vendor/laravel/framework/src/Illuminate/Pipeline/Pipeline.php(209): Illuminate\\Foundation\\Http\\Middleware\\TrimStrings->handle()
#61 /var/www/html/Thames/thamescc-backend/vendor/laravel/framework/src/Illuminate/Http/Middleware/ValidatePostSize.php(27): Illuminate\\Pipeline\\Pipeline->Illuminate\\Pipeline\\{closure}()
#62 /var/www/html/Thames/thamescc-backend/vendor/laravel/framework/src/Illuminate/Pipeline/Pipeline.php(209): Illuminate\\Http\\Middleware\\ValidatePostSize->handle()
#63 /var/www/html/Thames/thamescc-backend/vendor/laravel/framework/src/Illuminate/Http/Middleware/HandleCors.php(62): Illuminate\\Pipeline\\Pipeline->Illuminate\\Pipeline\\{closure}()
#64 /var/www/html/Thames/thamescc-backend/vendor/laravel/framework/src/Illuminate/Pipeline/Pipeline.php(209): Illuminate\\Http\\Middleware\\HandleCors->handle()
#65 /var/www/html/Thames/thamescc-backend/vendor/laravel/framework/src/Illuminate/Http/Middleware/TrustProxies.php(58): Illuminate\\Pipeline\\Pipeline->Illuminate\\Pipeline\\{closure}()
#66 /var/www/html/Thames/thamescc-backend/vendor/laravel/framework/src/Illuminate/Pipeline/Pipeline.php(209): Illuminate\\Http\\Middleware\\TrustProxies->handle()
#67 /var/www/html/Thames/thamescc-backend/vendor/laravel/framework/src/Illuminate/Foundation/Http/Middleware/InvokeDeferredCallbacks.php(22): Illuminate\\Pipeline\\Pipeline->Illuminate\\Pipeline\\{closure}()
#68 /var/www/html/Thames/thamescc-backend/vendor/laravel/framework/src/Illuminate/Pipeline/Pipeline.php(209): Illuminate\\Foundation\\Http\\Middleware\\InvokeDeferredCallbacks->handle()
#69 /var/www/html/Thames/thamescc-backend/vendor/laravel/framework/src/Illuminate/Pipeline/Pipeline.php(127): Illuminate\\Pipeline\\Pipeline->Illuminate\\Pipeline\\{closure}()
#70 /var/www/html/Thames/thamescc-backend/vendor/laravel/framework/src/Illuminate/Foundation/Http/Kernel.php(176): Illuminate\\Pipeline\\Pipeline->then()
#71 /var/www/html/Thames/thamescc-backend/vendor/laravel/framework/src/Illuminate/Foundation/Http/Kernel.php(145): Illuminate\\Foundation\\Http\\Kernel->sendRequestThroughRouter()
#72 /var/www/html/Thames/thamescc-backend/public/index.php(51): Illuminate\\Foundation\\Http\\Kernel->handle()
#73 /var/www/html/Thames/thamescc-backend/vendor/laravel/framework/src/Illuminate/Foundation/resources/server.php(23): require_once('...')
#74 {main}
"} 
[2025-06-19 12:25:09] local.ERROR: SQLSTATE[42000]: Syntax error or access violation: 1066 Not unique table/alias: 'pmp_or_not_product_attribute_values' (Connection: mysql, SQL: select count(*) as aggregate from (select distinct `products`.* from `products` left join `products` as `variants` on COALESCE(variants.parent_id, variants.id) = `products`.`id` left join `product_price_indices` on `products`.`id` = `product_price_indices`.`product_id` and `product_price_indices`.`customer_group_id` = 1 left join `product_channels` on `products`.`id` = `product_channels`.`product_id` left join `product_attribute_values` as `status_product_attribute_values` on `products`.`id` = `status_product_attribute_values`.`product_id` left join `product_attribute_values` as `url_key_product_attribute_values` on `products`.`id` = `url_key_product_attribute_values`.`product_id` left join `product_attribute_values` as `visible_individually_product_attribute_values` on `products`.`id` = `visible_individually_product_attribute_values`.`product_id` left join `product_attribute_values` as `pmp_or_not_product_attribute_values` on `products`.`id` = `pmp_or_not_product_attribute_values`.`product_id` and `pmp_or_not_product_attribute_values`.`attribute_id` = 49 left join `product_attribute_values` as `prom_id_product_attribute_values` on `products`.`id` = `prom_id_product_attribute_values`.`product_id` and `prom_id_product_attribute_values`.`attribute_id` = 41 left join `product_attribute_values` as `pmp_or_not_variant_attribute_values` on `variants`.`id` = `pmp_or_not_variant_attribute_values`.`product_id` and `pmp_or_not_variant_attribute_values`.`attribute_id` = 49 left join `product_attribute_values` as `prom_id_variant_attribute_values` on `variants`.`id` = `prom_id_variant_attribute_values`.`product_id` and `prom_id_variant_attribute_values`.`attribute_id` = 41 left join `product_attribute_values` as `pmp_or_not_product_attribute_values` on `products`.`id` = `pmp_or_not_product_attribute_values`.`product_id` and `pmp_or_not_product_attribute_values`.`attribute_id` = 49 left join `product_attribute_values` as `prom_id_product_attribute_values` on `products`.`id` = `prom_id_product_attribute_values`.`product_id` and `prom_id_product_attribute_values`.`attribute_id` = 41 where `product_channels`.`channel_id` = 1 and `status_product_attribute_values`.`attribute_id` = 8 and `status_product_attribute_values`.`boolean_value` = 1 and `url_key_product_attribute_values`.`attribute_id` = 3 and `url_key_product_attribute_values`.`text_value` is not null and `visible_individually_product_attribute_values`.`attribute_id` = 7 and `visible_individually_product_attribute_values`.`boolean_value` = 1 and ((`pmp_or_not_product_attribute_values`.`text_value` in (, PMP) and `prom_id_product_attribute_values`.`text_value` in (, Promotion, Clearance)) or (`pmp_or_not_variant_attribute_values`.`text_value` in (, PMP) and `prom_id_variant_attribute_values`.`text_value` in (, Promotion, Clearance))) and `pmp_or_not_product_attribute_values`.`text_value` in (, PMP) and `prom_id_product_attribute_values`.`text_value` in (, Promotion, Clearance) group by `products`.`id`, `products`.`id`) as `aggregate_table`) {"exception":"[object] (Illuminate\\Database\\QueryException(code: 42000): SQLSTATE[42000]: Syntax error or access violation: 1066 Not unique table/alias: 'pmp_or_not_product_attribute_values' (Connection: mysql, SQL: select count(*) as aggregate from (select distinct `products`.* from `products` left join `products` as `variants` on COALESCE(variants.parent_id, variants.id) = `products`.`id` left join `product_price_indices` on `products`.`id` = `product_price_indices`.`product_id` and `product_price_indices`.`customer_group_id` = 1 left join `product_channels` on `products`.`id` = `product_channels`.`product_id` left join `product_attribute_values` as `status_product_attribute_values` on `products`.`id` = `status_product_attribute_values`.`product_id` left join `product_attribute_values` as `url_key_product_attribute_values` on `products`.`id` = `url_key_product_attribute_values`.`product_id` left join `product_attribute_values` as `visible_individually_product_attribute_values` on `products`.`id` = `visible_individually_product_attribute_values`.`product_id` left join `product_attribute_values` as `pmp_or_not_product_attribute_values` on `products`.`id` = `pmp_or_not_product_attribute_values`.`product_id` and `pmp_or_not_product_attribute_values`.`attribute_id` = 49 left join `product_attribute_values` as `prom_id_product_attribute_values` on `products`.`id` = `prom_id_product_attribute_values`.`product_id` and `prom_id_product_attribute_values`.`attribute_id` = 41 left join `product_attribute_values` as `pmp_or_not_variant_attribute_values` on `variants`.`id` = `pmp_or_not_variant_attribute_values`.`product_id` and `pmp_or_not_variant_attribute_values`.`attribute_id` = 49 left join `product_attribute_values` as `prom_id_variant_attribute_values` on `variants`.`id` = `prom_id_variant_attribute_values`.`product_id` and `prom_id_variant_attribute_values`.`attribute_id` = 41 left join `product_attribute_values` as `pmp_or_not_product_attribute_values` on `products`.`id` = `pmp_or_not_product_attribute_values`.`product_id` and `pmp_or_not_product_attribute_values`.`attribute_id` = 49 left join `product_attribute_values` as `prom_id_product_attribute_values` on `products`.`id` = `prom_id_product_attribute_values`.`product_id` and `prom_id_product_attribute_values`.`attribute_id` = 41 where `product_channels`.`channel_id` = 1 and `status_product_attribute_values`.`attribute_id` = 8 and `status_product_attribute_values`.`boolean_value` = 1 and `url_key_product_attribute_values`.`attribute_id` = 3 and `url_key_product_attribute_values`.`text_value` is not null and `visible_individually_product_attribute_values`.`attribute_id` = 7 and `visible_individually_product_attribute_values`.`boolean_value` = 1 and ((`pmp_or_not_product_attribute_values`.`text_value` in (, PMP) and `prom_id_product_attribute_values`.`text_value` in (, Promotion, Clearance)) or (`pmp_or_not_variant_attribute_values`.`text_value` in (, PMP) and `prom_id_variant_attribute_values`.`text_value` in (, Promotion, Clearance))) and `pmp_or_not_product_attribute_values`.`text_value` in (, PMP) and `prom_id_product_attribute_values`.`text_value` in (, Promotion, Clearance) group by `products`.`id`, `products`.`id`) as `aggregate_table`) at /var/www/html/Thames/thamescc-backend/vendor/laravel/framework/src/Illuminate/Database/Connection.php:825)
[stacktrace]
#0 /var/www/html/Thames/thamescc-backend/vendor/laravel/framework/src/Illuminate/Database/Connection.php(779): Illuminate\\Database\\Connection->runQueryCallback()
#1 /var/www/html/Thames/thamescc-backend/vendor/laravel/framework/src/Illuminate/Database/Connection.php(398): Illuminate\\Database\\Connection->run()
#2 /var/www/html/Thames/thamescc-backend/vendor/laravel/framework/src/Illuminate/Database/Query/Builder.php(3106): Illuminate\\Database\\Connection->select()
#3 /var/www/html/Thames/thamescc-backend/vendor/laravel/framework/src/Illuminate/Database/Query/Builder.php(3091): Illuminate\\Database\\Query\\Builder->runSelect()
#4 /var/www/html/Thames/thamescc-backend/vendor/laravel/framework/src/Illuminate/Database/Query/Builder.php(3676): Illuminate\\Database\\Query\\Builder->Illuminate\\Database\\Query\\{closure}()
#5 /var/www/html/Thames/thamescc-backend/vendor/laravel/framework/src/Illuminate/Database/Query/Builder.php(3090): Illuminate\\Database\\Query\\Builder->onceWithColumns()
#6 /var/www/html/Thames/thamescc-backend/vendor/laravel/framework/src/Illuminate/Database/Query/Builder.php(3277): Illuminate\\Database\\Query\\Builder->get()
#7 /var/www/html/Thames/thamescc-backend/vendor/laravel/framework/src/Illuminate/Database/Query/Builder.php(3244): Illuminate\\Database\\Query\\Builder->runPaginationCountQuery()
#8 /var/www/html/Thames/thamescc-backend/vendor/laravel/framework/src/Illuminate/Database/Eloquent/Builder.php(1029): Illuminate\\Database\\Query\\Builder->getCountForPagination()
#9 /var/www/html/Thames/thamescc-backend/vendor/prettus/l5-repository/src/Prettus/Repository/Eloquent/BaseRepository.php(487): Illuminate\\Database\\Eloquent\\Builder->paginate()
#10 /var/www/html/Thames/thamescc-backend/vendor/prettus/l5-repository/src/Prettus/Repository/Traits/CacheableRepository.php(238): Prettus\\Repository\\Eloquent\\BaseRepository->paginate()
#11 /var/www/html/Thames/thamescc-backend/packages/Webkul/Product/src/Repositories/ProductRepository.php(454): Webkul\\Core\\Eloquent\\Repository->paginate()
#12 /var/www/html/Thames/thamescc-backend/packages/Webkul/Product/src/Repositories/ProductRepository.php(213): Webkul\\Product\\Repositories\\ProductRepository->searchFromDatabase()
#13 /var/www/html/Thames/thamescc-backend/packages/Webkul/Shop/src/Http/Controllers/API/ProductController.php(34): Webkul\\Product\\Repositories\\ProductRepository->getAll()
#14 /var/www/html/Thames/thamescc-backend/vendor/laravel/framework/src/Illuminate/Routing/Controller.php(54): Webkul\\Shop\\Http\\Controllers\\API\\ProductController->index()
#15 /var/www/html/Thames/thamescc-backend/vendor/laravel/framework/src/Illuminate/Routing/ControllerDispatcher.php(44): Illuminate\\Routing\\Controller->callAction()
#16 /var/www/html/Thames/thamescc-backend/vendor/laravel/framework/src/Illuminate/Routing/Route.php(266): Illuminate\\Routing\\ControllerDispatcher->dispatch()
#17 /var/www/html/Thames/thamescc-backend/vendor/laravel/framework/src/Illuminate/Routing/Route.php(212): Illuminate\\Routing\\Route->runController()
#18 /var/www/html/Thames/thamescc-backend/vendor/laravel/framework/src/Illuminate/Routing/Router.php(808): Illuminate\\Routing\\Route->run()
#19 /var/www/html/Thames/thamescc-backend/vendor/laravel/framework/src/Illuminate/Pipeline/Pipeline.php(170): Illuminate\\Routing\\Router->Illuminate\\Routing\\{closure}()
#20 /var/www/html/Thames/thamescc-backend/packages/Webkul/Core/src/Http/Middleware/PreventRequestsDuringMaintenance.php(119): Illuminate\\Pipeline\\Pipeline->Illuminate\\Pipeline\\{closure}()
#21 /var/www/html/Thames/thamescc-backend/vendor/laravel/framework/src/Illuminate/Pipeline/Pipeline.php(209): Webkul\\Core\\Http\\Middleware\\PreventRequestsDuringMaintenance->handle()
#22 /var/www/html/Thames/thamescc-backend/packages/Webkul/Shop/src/Http/Middleware/Currency.php(40): Illuminate\\Pipeline\\Pipeline->Illuminate\\Pipeline\\{closure}()
#23 /var/www/html/Thames/thamescc-backend/vendor/laravel/framework/src/Illuminate/Pipeline/Pipeline.php(209): Webkul\\Shop\\Http\\Middleware\\Currency->handle()
#24 /var/www/html/Thames/thamescc-backend/packages/Webkul/Shop/src/Http/Middleware/Locale.php(40): Illuminate\\Pipeline\\Pipeline->Illuminate\\Pipeline\\{closure}()
#25 /var/www/html/Thames/thamescc-backend/vendor/laravel/framework/src/Illuminate/Pipeline/Pipeline.php(209): Webkul\\Shop\\Http\\Middleware\\Locale->handle()
#26 /var/www/html/Thames/thamescc-backend/packages/Webkul/Shop/src/Http/Middleware/Theme.php(32): Illuminate\\Pipeline\\Pipeline->Illuminate\\Pipeline\\{closure}()
#27 /var/www/html/Thames/thamescc-backend/vendor/laravel/framework/src/Illuminate/Pipeline/Pipeline.php(209): Webkul\\Shop\\Http\\Middleware\\Theme->handle()
#28 /var/www/html/Thames/thamescc-backend/vendor/barryvdh/laravel-debugbar/src/Middleware/InjectDebugbar.php(66): Illuminate\\Pipeline\\Pipeline->Illuminate\\Pipeline\\{closure}()
#29 /var/www/html/Thames/thamescc-backend/vendor/laravel/framework/src/Illuminate/Pipeline/Pipeline.php(209): Barryvdh\\Debugbar\\Middleware\\InjectDebugbar->handle()
#30 /var/www/html/Thames/thamescc-backend/vendor/laravel/framework/src/Illuminate/Routing/Middleware/SubstituteBindings.php(51): Illuminate\\Pipeline\\Pipeline->Illuminate\\Pipeline\\{closure}()
#31 /var/www/html/Thames/thamescc-backend/vendor/laravel/framework/src/Illuminate/Pipeline/Pipeline.php(209): Illuminate\\Routing\\Middleware\\SubstituteBindings->handle()
#32 /var/www/html/Thames/thamescc-backend/vendor/laravel/framework/src/Illuminate/Foundation/Http/Middleware/VerifyCsrfToken.php(88): Illuminate\\Pipeline\\Pipeline->Illuminate\\Pipeline\\{closure}()
#33 /var/www/html/Thames/thamescc-backend/vendor/laravel/framework/src/Illuminate/Pipeline/Pipeline.php(209): Illuminate\\Foundation\\Http\\Middleware\\VerifyCsrfToken->handle()
#34 /var/www/html/Thames/thamescc-backend/vendor/laravel/framework/src/Illuminate/View/Middleware/ShareErrorsFromSession.php(49): Illuminate\\Pipeline\\Pipeline->Illuminate\\Pipeline\\{closure}()
#35 /var/www/html/Thames/thamescc-backend/vendor/laravel/framework/src/Illuminate/Pipeline/Pipeline.php(209): Illuminate\\View\\Middleware\\ShareErrorsFromSession->handle()
#36 /var/www/html/Thames/thamescc-backend/vendor/laravel/framework/src/Illuminate/Session/Middleware/StartSession.php(121): Illuminate\\Pipeline\\Pipeline->Illuminate\\Pipeline\\{closure}()
#37 /var/www/html/Thames/thamescc-backend/vendor/laravel/framework/src/Illuminate/Session/Middleware/StartSession.php(64): Illuminate\\Session\\Middleware\\StartSession->handleStatefulRequest()
#38 /var/www/html/Thames/thamescc-backend/vendor/laravel/framework/src/Illuminate/Pipeline/Pipeline.php(209): Illuminate\\Session\\Middleware\\StartSession->handle()
#39 /var/www/html/Thames/thamescc-backend/vendor/laravel/framework/src/Illuminate/Cookie/Middleware/AddQueuedCookiesToResponse.php(37): Illuminate\\Pipeline\\Pipeline->Illuminate\\Pipeline\\{closure}()
#40 /var/www/html/Thames/thamescc-backend/vendor/laravel/framework/src/Illuminate/Pipeline/Pipeline.php(209): Illuminate\\Cookie\\Middleware\\AddQueuedCookiesToResponse->handle()
#41 /var/www/html/Thames/thamescc-backend/vendor/laravel/framework/src/Illuminate/Cookie/Middleware/EncryptCookies.php(75): Illuminate\\Pipeline\\Pipeline->Illuminate\\Pipeline\\{closure}()
#42 /var/www/html/Thames/thamescc-backend/vendor/laravel/framework/src/Illuminate/Pipeline/Pipeline.php(209): Illuminate\\Cookie\\Middleware\\EncryptCookies->handle()
#43 /var/www/html/Thames/thamescc-backend/vendor/laravel/framework/src/Illuminate/Pipeline/Pipeline.php(127): Illuminate\\Pipeline\\Pipeline->Illuminate\\Pipeline\\{closure}()
#44 /var/www/html/Thames/thamescc-backend/vendor/laravel/framework/src/Illuminate/Routing/Router.php(807): Illuminate\\Pipeline\\Pipeline->then()
#45 /var/www/html/Thames/thamescc-backend/vendor/laravel/framework/src/Illuminate/Routing/Router.php(786): Illuminate\\Routing\\Router->runRouteWithinStack()
#46 /var/www/html/Thames/thamescc-backend/vendor/laravel/framework/src/Illuminate/Routing/Router.php(750): Illuminate\\Routing\\Router->runRoute()
#47 /var/www/html/Thames/thamescc-backend/vendor/laravel/framework/src/Illuminate/Routing/Router.php(739): Illuminate\\Routing\\Router->dispatchToRoute()
#48 /var/www/html/Thames/thamescc-backend/vendor/laravel/framework/src/Illuminate/Foundation/Http/Kernel.php(201): Illuminate\\Routing\\Router->dispatch()
#49 /var/www/html/Thames/thamescc-backend/vendor/laravel/framework/src/Illuminate/Pipeline/Pipeline.php(170): Illuminate\\Foundation\\Http\\Kernel->Illuminate\\Foundation\\Http\\{closure}()
#50 /var/www/html/Thames/thamescc-backend/vendor/barryvdh/laravel-debugbar/src/Middleware/InjectDebugbar.php(66): Illuminate\\Pipeline\\Pipeline->Illuminate\\Pipeline\\{closure}()
#51 /var/www/html/Thames/thamescc-backend/vendor/laravel/framework/src/Illuminate/Pipeline/Pipeline.php(209): Barryvdh\\Debugbar\\Middleware\\InjectDebugbar->handle()
#52 /var/www/html/Thames/thamescc-backend/packages/Webkul/Installer/src/Http/Middleware/CanInstall.php(30): Illuminate\\Pipeline\\Pipeline->Illuminate\\Pipeline\\{closure}()
#53 /var/www/html/Thames/thamescc-backend/vendor/laravel/framework/src/Illuminate/Pipeline/Pipeline.php(209): Webkul\\Installer\\Http\\Middleware\\CanInstall->handle()
#54 /var/www/html/Thames/thamescc-backend/packages/Webkul/Core/src/Http/Middleware/SecureHeaders.php(29): Illuminate\\Pipeline\\Pipeline->Illuminate\\Pipeline\\{closure}()
#55 /var/www/html/Thames/thamescc-backend/vendor/laravel/framework/src/Illuminate/Pipeline/Pipeline.php(209): Webkul\\Core\\Http\\Middleware\\SecureHeaders->handle()
#56 /var/www/html/Thames/thamescc-backend/vendor/laravel/framework/src/Illuminate/Foundation/Http/Middleware/TransformsRequest.php(21): Illuminate\\Pipeline\\Pipeline->Illuminate\\Pipeline\\{closure}()
#57 /var/www/html/Thames/thamescc-backend/vendor/laravel/framework/src/Illuminate/Foundation/Http/Middleware/TrimStrings.php(51): Illuminate\\Foundation\\Http\\Middleware\\TransformsRequest->handle()
#58 /var/www/html/Thames/thamescc-backend/vendor/laravel/framework/src/Illuminate/Pipeline/Pipeline.php(209): Illuminate\\Foundation\\Http\\Middleware\\TrimStrings->handle()
#59 /var/www/html/Thames/thamescc-backend/vendor/laravel/framework/src/Illuminate/Http/Middleware/ValidatePostSize.php(27): Illuminate\\Pipeline\\Pipeline->Illuminate\\Pipeline\\{closure}()
#60 /var/www/html/Thames/thamescc-backend/vendor/laravel/framework/src/Illuminate/Pipeline/Pipeline.php(209): Illuminate\\Http\\Middleware\\ValidatePostSize->handle()
#61 /var/www/html/Thames/thamescc-backend/vendor/laravel/framework/src/Illuminate/Http/Middleware/HandleCors.php(62): Illuminate\\Pipeline\\Pipeline->Illuminate\\Pipeline\\{closure}()
#62 /var/www/html/Thames/thamescc-backend/vendor/laravel/framework/src/Illuminate/Pipeline/Pipeline.php(209): Illuminate\\Http\\Middleware\\HandleCors->handle()
#63 /var/www/html/Thames/thamescc-backend/vendor/laravel/framework/src/Illuminate/Http/Middleware/TrustProxies.php(58): Illuminate\\Pipeline\\Pipeline->Illuminate\\Pipeline\\{closure}()
#64 /var/www/html/Thames/thamescc-backend/vendor/laravel/framework/src/Illuminate/Pipeline/Pipeline.php(209): Illuminate\\Http\\Middleware\\TrustProxies->handle()
#65 /var/www/html/Thames/thamescc-backend/vendor/laravel/framework/src/Illuminate/Foundation/Http/Middleware/InvokeDeferredCallbacks.php(22): Illuminate\\Pipeline\\Pipeline->Illuminate\\Pipeline\\{closure}()
#66 /var/www/html/Thames/thamescc-backend/vendor/laravel/framework/src/Illuminate/Pipeline/Pipeline.php(209): Illuminate\\Foundation\\Http\\Middleware\\InvokeDeferredCallbacks->handle()
#67 /var/www/html/Thames/thamescc-backend/vendor/laravel/framework/src/Illuminate/Pipeline/Pipeline.php(127): Illuminate\\Pipeline\\Pipeline->Illuminate\\Pipeline\\{closure}()
#68 /var/www/html/Thames/thamescc-backend/vendor/laravel/framework/src/Illuminate/Foundation/Http/Kernel.php(176): Illuminate\\Pipeline\\Pipeline->then()
#69 /var/www/html/Thames/thamescc-backend/vendor/laravel/framework/src/Illuminate/Foundation/Http/Kernel.php(145): Illuminate\\Foundation\\Http\\Kernel->sendRequestThroughRouter()
#70 /var/www/html/Thames/thamescc-backend/public/index.php(51): Illuminate\\Foundation\\Http\\Kernel->handle()
#71 /var/www/html/Thames/thamescc-backend/vendor/laravel/framework/src/Illuminate/Foundation/resources/server.php(23): require_once('...')
#72 {main}

[previous exception] [object] (PDOException(code: 42000): SQLSTATE[42000]: Syntax error or access violation: 1066 Not unique table/alias: 'pmp_or_not_product_attribute_values' at /var/www/html/Thames/thamescc-backend/vendor/laravel/framework/src/Illuminate/Database/Connection.php:407)
[stacktrace]
#0 /var/www/html/Thames/thamescc-backend/vendor/laravel/framework/src/Illuminate/Database/Connection.php(407): PDO->prepare()
#1 /var/www/html/Thames/thamescc-backend/vendor/laravel/framework/src/Illuminate/Database/Connection.php(812): Illuminate\\Database\\Connection->Illuminate\\Database\\{closure}()
#2 /var/www/html/Thames/thamescc-backend/vendor/laravel/framework/src/Illuminate/Database/Connection.php(779): Illuminate\\Database\\Connection->runQueryCallback()
#3 /var/www/html/Thames/thamescc-backend/vendor/laravel/framework/src/Illuminate/Database/Connection.php(398): Illuminate\\Database\\Connection->run()
#4 /var/www/html/Thames/thamescc-backend/vendor/laravel/framework/src/Illuminate/Database/Query/Builder.php(3106): Illuminate\\Database\\Connection->select()
#5 /var/www/html/Thames/thamescc-backend/vendor/laravel/framework/src/Illuminate/Database/Query/Builder.php(3091): Illuminate\\Database\\Query\\Builder->runSelect()
#6 /var/www/html/Thames/thamescc-backend/vendor/laravel/framework/src/Illuminate/Database/Query/Builder.php(3676): Illuminate\\Database\\Query\\Builder->Illuminate\\Database\\Query\\{closure}()
#7 /var/www/html/Thames/thamescc-backend/vendor/laravel/framework/src/Illuminate/Database/Query/Builder.php(3090): Illuminate\\Database\\Query\\Builder->onceWithColumns()
#8 /var/www/html/Thames/thamescc-backend/vendor/laravel/framework/src/Illuminate/Database/Query/Builder.php(3277): Illuminate\\Database\\Query\\Builder->get()
#9 /var/www/html/Thames/thamescc-backend/vendor/laravel/framework/src/Illuminate/Database/Query/Builder.php(3244): Illuminate\\Database\\Query\\Builder->runPaginationCountQuery()
#10 /var/www/html/Thames/thamescc-backend/vendor/laravel/framework/src/Illuminate/Database/Eloquent/Builder.php(1029): Illuminate\\Database\\Query\\Builder->getCountForPagination()
#11 /var/www/html/Thames/thamescc-backend/vendor/prettus/l5-repository/src/Prettus/Repository/Eloquent/BaseRepository.php(487): Illuminate\\Database\\Eloquent\\Builder->paginate()
#12 /var/www/html/Thames/thamescc-backend/vendor/prettus/l5-repository/src/Prettus/Repository/Traits/CacheableRepository.php(238): Prettus\\Repository\\Eloquent\\BaseRepository->paginate()
#13 /var/www/html/Thames/thamescc-backend/packages/Webkul/Product/src/Repositories/ProductRepository.php(454): Webkul\\Core\\Eloquent\\Repository->paginate()
#14 /var/www/html/Thames/thamescc-backend/packages/Webkul/Product/src/Repositories/ProductRepository.php(213): Webkul\\Product\\Repositories\\ProductRepository->searchFromDatabase()
#15 /var/www/html/Thames/thamescc-backend/packages/Webkul/Shop/src/Http/Controllers/API/ProductController.php(34): Webkul\\Product\\Repositories\\ProductRepository->getAll()
#16 /var/www/html/Thames/thamescc-backend/vendor/laravel/framework/src/Illuminate/Routing/Controller.php(54): Webkul\\Shop\\Http\\Controllers\\API\\ProductController->index()
#17 /var/www/html/Thames/thamescc-backend/vendor/laravel/framework/src/Illuminate/Routing/ControllerDispatcher.php(44): Illuminate\\Routing\\Controller->callAction()
#18 /var/www/html/Thames/thamescc-backend/vendor/laravel/framework/src/Illuminate/Routing/Route.php(266): Illuminate\\Routing\\ControllerDispatcher->dispatch()
#19 /var/www/html/Thames/thamescc-backend/vendor/laravel/framework/src/Illuminate/Routing/Route.php(212): Illuminate\\Routing\\Route->runController()
#20 /var/www/html/Thames/thamescc-backend/vendor/laravel/framework/src/Illuminate/Routing/Router.php(808): Illuminate\\Routing\\Route->run()
#21 /var/www/html/Thames/thamescc-backend/vendor/laravel/framework/src/Illuminate/Pipeline/Pipeline.php(170): Illuminate\\Routing\\Router->Illuminate\\Routing\\{closure}()
#22 /var/www/html/Thames/thamescc-backend/packages/Webkul/Core/src/Http/Middleware/PreventRequestsDuringMaintenance.php(119): Illuminate\\Pipeline\\Pipeline->Illuminate\\Pipeline\\{closure}()
#23 /var/www/html/Thames/thamescc-backend/vendor/laravel/framework/src/Illuminate/Pipeline/Pipeline.php(209): Webkul\\Core\\Http\\Middleware\\PreventRequestsDuringMaintenance->handle()
#24 /var/www/html/Thames/thamescc-backend/packages/Webkul/Shop/src/Http/Middleware/Currency.php(40): Illuminate\\Pipeline\\Pipeline->Illuminate\\Pipeline\\{closure}()
#25 /var/www/html/Thames/thamescc-backend/vendor/laravel/framework/src/Illuminate/Pipeline/Pipeline.php(209): Webkul\\Shop\\Http\\Middleware\\Currency->handle()
#26 /var/www/html/Thames/thamescc-backend/packages/Webkul/Shop/src/Http/Middleware/Locale.php(40): Illuminate\\Pipeline\\Pipeline->Illuminate\\Pipeline\\{closure}()
#27 /var/www/html/Thames/thamescc-backend/vendor/laravel/framework/src/Illuminate/Pipeline/Pipeline.php(209): Webkul\\Shop\\Http\\Middleware\\Locale->handle()
#28 /var/www/html/Thames/thamescc-backend/packages/Webkul/Shop/src/Http/Middleware/Theme.php(32): Illuminate\\Pipeline\\Pipeline->Illuminate\\Pipeline\\{closure}()
#29 /var/www/html/Thames/thamescc-backend/vendor/laravel/framework/src/Illuminate/Pipeline/Pipeline.php(209): Webkul\\Shop\\Http\\Middleware\\Theme->handle()
#30 /var/www/html/Thames/thamescc-backend/vendor/barryvdh/laravel-debugbar/src/Middleware/InjectDebugbar.php(66): Illuminate\\Pipeline\\Pipeline->Illuminate\\Pipeline\\{closure}()
#31 /var/www/html/Thames/thamescc-backend/vendor/laravel/framework/src/Illuminate/Pipeline/Pipeline.php(209): Barryvdh\\Debugbar\\Middleware\\InjectDebugbar->handle()
#32 /var/www/html/Thames/thamescc-backend/vendor/laravel/framework/src/Illuminate/Routing/Middleware/SubstituteBindings.php(51): Illuminate\\Pipeline\\Pipeline->Illuminate\\Pipeline\\{closure}()
#33 /var/www/html/Thames/thamescc-backend/vendor/laravel/framework/src/Illuminate/Pipeline/Pipeline.php(209): Illuminate\\Routing\\Middleware\\SubstituteBindings->handle()
#34 /var/www/html/Thames/thamescc-backend/vendor/laravel/framework/src/Illuminate/Foundation/Http/Middleware/VerifyCsrfToken.php(88): Illuminate\\Pipeline\\Pipeline->Illuminate\\Pipeline\\{closure}()
#35 /var/www/html/Thames/thamescc-backend/vendor/laravel/framework/src/Illuminate/Pipeline/Pipeline.php(209): Illuminate\\Foundation\\Http\\Middleware\\VerifyCsrfToken->handle()
#36 /var/www/html/Thames/thamescc-backend/vendor/laravel/framework/src/Illuminate/View/Middleware/ShareErrorsFromSession.php(49): Illuminate\\Pipeline\\Pipeline->Illuminate\\Pipeline\\{closure}()
#37 /var/www/html/Thames/thamescc-backend/vendor/laravel/framework/src/Illuminate/Pipeline/Pipeline.php(209): Illuminate\\View\\Middleware\\ShareErrorsFromSession->handle()
#38 /var/www/html/Thames/thamescc-backend/vendor/laravel/framework/src/Illuminate/Session/Middleware/StartSession.php(121): Illuminate\\Pipeline\\Pipeline->Illuminate\\Pipeline\\{closure}()
#39 /var/www/html/Thames/thamescc-backend/vendor/laravel/framework/src/Illuminate/Session/Middleware/StartSession.php(64): Illuminate\\Session\\Middleware\\StartSession->handleStatefulRequest()
#40 /var/www/html/Thames/thamescc-backend/vendor/laravel/framework/src/Illuminate/Pipeline/Pipeline.php(209): Illuminate\\Session\\Middleware\\StartSession->handle()
#41 /var/www/html/Thames/thamescc-backend/vendor/laravel/framework/src/Illuminate/Cookie/Middleware/AddQueuedCookiesToResponse.php(37): Illuminate\\Pipeline\\Pipeline->Illuminate\\Pipeline\\{closure}()
#42 /var/www/html/Thames/thamescc-backend/vendor/laravel/framework/src/Illuminate/Pipeline/Pipeline.php(209): Illuminate\\Cookie\\Middleware\\AddQueuedCookiesToResponse->handle()
#43 /var/www/html/Thames/thamescc-backend/vendor/laravel/framework/src/Illuminate/Cookie/Middleware/EncryptCookies.php(75): Illuminate\\Pipeline\\Pipeline->Illuminate\\Pipeline\\{closure}()
#44 /var/www/html/Thames/thamescc-backend/vendor/laravel/framework/src/Illuminate/Pipeline/Pipeline.php(209): Illuminate\\Cookie\\Middleware\\EncryptCookies->handle()
#45 /var/www/html/Thames/thamescc-backend/vendor/laravel/framework/src/Illuminate/Pipeline/Pipeline.php(127): Illuminate\\Pipeline\\Pipeline->Illuminate\\Pipeline\\{closure}()
#46 /var/www/html/Thames/thamescc-backend/vendor/laravel/framework/src/Illuminate/Routing/Router.php(807): Illuminate\\Pipeline\\Pipeline->then()
#47 /var/www/html/Thames/thamescc-backend/vendor/laravel/framework/src/Illuminate/Routing/Router.php(786): Illuminate\\Routing\\Router->runRouteWithinStack()
#48 /var/www/html/Thames/thamescc-backend/vendor/laravel/framework/src/Illuminate/Routing/Router.php(750): Illuminate\\Routing\\Router->runRoute()
#49 /var/www/html/Thames/thamescc-backend/vendor/laravel/framework/src/Illuminate/Routing/Router.php(739): Illuminate\\Routing\\Router->dispatchToRoute()
#50 /var/www/html/Thames/thamescc-backend/vendor/laravel/framework/src/Illuminate/Foundation/Http/Kernel.php(201): Illuminate\\Routing\\Router->dispatch()
#51 /var/www/html/Thames/thamescc-backend/vendor/laravel/framework/src/Illuminate/Pipeline/Pipeline.php(170): Illuminate\\Foundation\\Http\\Kernel->Illuminate\\Foundation\\Http\\{closure}()
#52 /var/www/html/Thames/thamescc-backend/vendor/barryvdh/laravel-debugbar/src/Middleware/InjectDebugbar.php(66): Illuminate\\Pipeline\\Pipeline->Illuminate\\Pipeline\\{closure}()
#53 /var/www/html/Thames/thamescc-backend/vendor/laravel/framework/src/Illuminate/Pipeline/Pipeline.php(209): Barryvdh\\Debugbar\\Middleware\\InjectDebugbar->handle()
#54 /var/www/html/Thames/thamescc-backend/packages/Webkul/Installer/src/Http/Middleware/CanInstall.php(30): Illuminate\\Pipeline\\Pipeline->Illuminate\\Pipeline\\{closure}()
#55 /var/www/html/Thames/thamescc-backend/vendor/laravel/framework/src/Illuminate/Pipeline/Pipeline.php(209): Webkul\\Installer\\Http\\Middleware\\CanInstall->handle()
#56 /var/www/html/Thames/thamescc-backend/packages/Webkul/Core/src/Http/Middleware/SecureHeaders.php(29): Illuminate\\Pipeline\\Pipeline->Illuminate\\Pipeline\\{closure}()
#57 /var/www/html/Thames/thamescc-backend/vendor/laravel/framework/src/Illuminate/Pipeline/Pipeline.php(209): Webkul\\Core\\Http\\Middleware\\SecureHeaders->handle()
#58 /var/www/html/Thames/thamescc-backend/vendor/laravel/framework/src/Illuminate/Foundation/Http/Middleware/TransformsRequest.php(21): Illuminate\\Pipeline\\Pipeline->Illuminate\\Pipeline\\{closure}()
#59 /var/www/html/Thames/thamescc-backend/vendor/laravel/framework/src/Illuminate/Foundation/Http/Middleware/TrimStrings.php(51): Illuminate\\Foundation\\Http\\Middleware\\TransformsRequest->handle()
#60 /var/www/html/Thames/thamescc-backend/vendor/laravel/framework/src/Illuminate/Pipeline/Pipeline.php(209): Illuminate\\Foundation\\Http\\Middleware\\TrimStrings->handle()
#61 /var/www/html/Thames/thamescc-backend/vendor/laravel/framework/src/Illuminate/Http/Middleware/ValidatePostSize.php(27): Illuminate\\Pipeline\\Pipeline->Illuminate\\Pipeline\\{closure}()
#62 /var/www/html/Thames/thamescc-backend/vendor/laravel/framework/src/Illuminate/Pipeline/Pipeline.php(209): Illuminate\\Http\\Middleware\\ValidatePostSize->handle()
#63 /var/www/html/Thames/thamescc-backend/vendor/laravel/framework/src/Illuminate/Http/Middleware/HandleCors.php(62): Illuminate\\Pipeline\\Pipeline->Illuminate\\Pipeline\\{closure}()
#64 /var/www/html/Thames/thamescc-backend/vendor/laravel/framework/src/Illuminate/Pipeline/Pipeline.php(209): Illuminate\\Http\\Middleware\\HandleCors->handle()
#65 /var/www/html/Thames/thamescc-backend/vendor/laravel/framework/src/Illuminate/Http/Middleware/TrustProxies.php(58): Illuminate\\Pipeline\\Pipeline->Illuminate\\Pipeline\\{closure}()
#66 /var/www/html/Thames/thamescc-backend/vendor/laravel/framework/src/Illuminate/Pipeline/Pipeline.php(209): Illuminate\\Http\\Middleware\\TrustProxies->handle()
#67 /var/www/html/Thames/thamescc-backend/vendor/laravel/framework/src/Illuminate/Foundation/Http/Middleware/InvokeDeferredCallbacks.php(22): Illuminate\\Pipeline\\Pipeline->Illuminate\\Pipeline\\{closure}()
#68 /var/www/html/Thames/thamescc-backend/vendor/laravel/framework/src/Illuminate/Pipeline/Pipeline.php(209): Illuminate\\Foundation\\Http\\Middleware\\InvokeDeferredCallbacks->handle()
#69 /var/www/html/Thames/thamescc-backend/vendor/laravel/framework/src/Illuminate/Pipeline/Pipeline.php(127): Illuminate\\Pipeline\\Pipeline->Illuminate\\Pipeline\\{closure}()
#70 /var/www/html/Thames/thamescc-backend/vendor/laravel/framework/src/Illuminate/Foundation/Http/Kernel.php(176): Illuminate\\Pipeline\\Pipeline->then()
#71 /var/www/html/Thames/thamescc-backend/vendor/laravel/framework/src/Illuminate/Foundation/Http/Kernel.php(145): Illuminate\\Foundation\\Http\\Kernel->sendRequestThroughRouter()
#72 /var/www/html/Thames/thamescc-backend/public/index.php(51): Illuminate\\Foundation\\Http\\Kernel->handle()
#73 /var/www/html/Thames/thamescc-backend/vendor/laravel/framework/src/Illuminate/Foundation/resources/server.php(23): require_once('...')
#74 {main}
"} 
[2025-06-19 12:25:09] local.ERROR: SQLSTATE[42000]: Syntax error or access violation: 1066 Not unique table/alias: 'pmp_or_not_product_attribute_values' (Connection: mysql, SQL: select count(*) as aggregate from (select distinct `products`.* from `products` left join `products` as `variants` on COALESCE(variants.parent_id, variants.id) = `products`.`id` left join `product_price_indices` on `products`.`id` = `product_price_indices`.`product_id` and `product_price_indices`.`customer_group_id` = 1 left join `product_channels` on `products`.`id` = `product_channels`.`product_id` left join `product_attribute_values` as `status_product_attribute_values` on `products`.`id` = `status_product_attribute_values`.`product_id` left join `product_attribute_values` as `url_key_product_attribute_values` on `products`.`id` = `url_key_product_attribute_values`.`product_id` left join `product_attribute_values` as `visible_individually_product_attribute_values` on `products`.`id` = `visible_individually_product_attribute_values`.`product_id` left join `product_attribute_values` as `pmp_or_not_product_attribute_values` on `products`.`id` = `pmp_or_not_product_attribute_values`.`product_id` and `pmp_or_not_product_attribute_values`.`attribute_id` = 49 left join `product_attribute_values` as `prom_id_product_attribute_values` on `products`.`id` = `prom_id_product_attribute_values`.`product_id` and `prom_id_product_attribute_values`.`attribute_id` = 41 left join `product_attribute_values` as `pmp_or_not_variant_attribute_values` on `variants`.`id` = `pmp_or_not_variant_attribute_values`.`product_id` and `pmp_or_not_variant_attribute_values`.`attribute_id` = 49 left join `product_attribute_values` as `prom_id_variant_attribute_values` on `variants`.`id` = `prom_id_variant_attribute_values`.`product_id` and `prom_id_variant_attribute_values`.`attribute_id` = 41 left join `product_attribute_values` as `pmp_or_not_product_attribute_values` on `products`.`id` = `pmp_or_not_product_attribute_values`.`product_id` and `pmp_or_not_product_attribute_values`.`attribute_id` = 49 left join `product_attribute_values` as `prom_id_product_attribute_values` on `products`.`id` = `prom_id_product_attribute_values`.`product_id` and `prom_id_product_attribute_values`.`attribute_id` = 41 where `product_channels`.`channel_id` = 1 and `status_product_attribute_values`.`attribute_id` = 8 and `status_product_attribute_values`.`boolean_value` = 1 and `url_key_product_attribute_values`.`attribute_id` = 3 and `url_key_product_attribute_values`.`text_value` is not null and `visible_individually_product_attribute_values`.`attribute_id` = 7 and `visible_individually_product_attribute_values`.`boolean_value` = 1 and ((`pmp_or_not_product_attribute_values`.`text_value` in (, PMP) and `prom_id_product_attribute_values`.`text_value` in (, Promotion, Clearance)) or (`pmp_or_not_variant_attribute_values`.`text_value` in (, PMP) and `prom_id_variant_attribute_values`.`text_value` in (, Promotion, Clearance))) and `pmp_or_not_product_attribute_values`.`text_value` in (, PMP) and `prom_id_product_attribute_values`.`text_value` in (, Promotion, Clearance) group by `products`.`id`, `products`.`id`) as `aggregate_table`) {"exception":"[object] (Illuminate\\Database\\QueryException(code: 42000): SQLSTATE[42000]: Syntax error or access violation: 1066 Not unique table/alias: 'pmp_or_not_product_attribute_values' (Connection: mysql, SQL: select count(*) as aggregate from (select distinct `products`.* from `products` left join `products` as `variants` on COALESCE(variants.parent_id, variants.id) = `products`.`id` left join `product_price_indices` on `products`.`id` = `product_price_indices`.`product_id` and `product_price_indices`.`customer_group_id` = 1 left join `product_channels` on `products`.`id` = `product_channels`.`product_id` left join `product_attribute_values` as `status_product_attribute_values` on `products`.`id` = `status_product_attribute_values`.`product_id` left join `product_attribute_values` as `url_key_product_attribute_values` on `products`.`id` = `url_key_product_attribute_values`.`product_id` left join `product_attribute_values` as `visible_individually_product_attribute_values` on `products`.`id` = `visible_individually_product_attribute_values`.`product_id` left join `product_attribute_values` as `pmp_or_not_product_attribute_values` on `products`.`id` = `pmp_or_not_product_attribute_values`.`product_id` and `pmp_or_not_product_attribute_values`.`attribute_id` = 49 left join `product_attribute_values` as `prom_id_product_attribute_values` on `products`.`id` = `prom_id_product_attribute_values`.`product_id` and `prom_id_product_attribute_values`.`attribute_id` = 41 left join `product_attribute_values` as `pmp_or_not_variant_attribute_values` on `variants`.`id` = `pmp_or_not_variant_attribute_values`.`product_id` and `pmp_or_not_variant_attribute_values`.`attribute_id` = 49 left join `product_attribute_values` as `prom_id_variant_attribute_values` on `variants`.`id` = `prom_id_variant_attribute_values`.`product_id` and `prom_id_variant_attribute_values`.`attribute_id` = 41 left join `product_attribute_values` as `pmp_or_not_product_attribute_values` on `products`.`id` = `pmp_or_not_product_attribute_values`.`product_id` and `pmp_or_not_product_attribute_values`.`attribute_id` = 49 left join `product_attribute_values` as `prom_id_product_attribute_values` on `products`.`id` = `prom_id_product_attribute_values`.`product_id` and `prom_id_product_attribute_values`.`attribute_id` = 41 where `product_channels`.`channel_id` = 1 and `status_product_attribute_values`.`attribute_id` = 8 and `status_product_attribute_values`.`boolean_value` = 1 and `url_key_product_attribute_values`.`attribute_id` = 3 and `url_key_product_attribute_values`.`text_value` is not null and `visible_individually_product_attribute_values`.`attribute_id` = 7 and `visible_individually_product_attribute_values`.`boolean_value` = 1 and ((`pmp_or_not_product_attribute_values`.`text_value` in (, PMP) and `prom_id_product_attribute_values`.`text_value` in (, Promotion, Clearance)) or (`pmp_or_not_variant_attribute_values`.`text_value` in (, PMP) and `prom_id_variant_attribute_values`.`text_value` in (, Promotion, Clearance))) and `pmp_or_not_product_attribute_values`.`text_value` in (, PMP) and `prom_id_product_attribute_values`.`text_value` in (, Promotion, Clearance) group by `products`.`id`, `products`.`id`) as `aggregate_table`) at /var/www/html/Thames/thamescc-backend/vendor/laravel/framework/src/Illuminate/Database/Connection.php:825)
[stacktrace]
#0 /var/www/html/Thames/thamescc-backend/vendor/laravel/framework/src/Illuminate/Database/Connection.php(779): Illuminate\\Database\\Connection->runQueryCallback()
#1 /var/www/html/Thames/thamescc-backend/vendor/laravel/framework/src/Illuminate/Database/Connection.php(398): Illuminate\\Database\\Connection->run()
#2 /var/www/html/Thames/thamescc-backend/vendor/laravel/framework/src/Illuminate/Database/Query/Builder.php(3106): Illuminate\\Database\\Connection->select()
#3 /var/www/html/Thames/thamescc-backend/vendor/laravel/framework/src/Illuminate/Database/Query/Builder.php(3091): Illuminate\\Database\\Query\\Builder->runSelect()
#4 /var/www/html/Thames/thamescc-backend/vendor/laravel/framework/src/Illuminate/Database/Query/Builder.php(3676): Illuminate\\Database\\Query\\Builder->Illuminate\\Database\\Query\\{closure}()
#5 /var/www/html/Thames/thamescc-backend/vendor/laravel/framework/src/Illuminate/Database/Query/Builder.php(3090): Illuminate\\Database\\Query\\Builder->onceWithColumns()
#6 /var/www/html/Thames/thamescc-backend/vendor/laravel/framework/src/Illuminate/Database/Query/Builder.php(3277): Illuminate\\Database\\Query\\Builder->get()
#7 /var/www/html/Thames/thamescc-backend/vendor/laravel/framework/src/Illuminate/Database/Query/Builder.php(3244): Illuminate\\Database\\Query\\Builder->runPaginationCountQuery()
#8 /var/www/html/Thames/thamescc-backend/vendor/laravel/framework/src/Illuminate/Database/Eloquent/Builder.php(1029): Illuminate\\Database\\Query\\Builder->getCountForPagination()
#9 /var/www/html/Thames/thamescc-backend/vendor/prettus/l5-repository/src/Prettus/Repository/Eloquent/BaseRepository.php(487): Illuminate\\Database\\Eloquent\\Builder->paginate()
#10 /var/www/html/Thames/thamescc-backend/vendor/prettus/l5-repository/src/Prettus/Repository/Traits/CacheableRepository.php(238): Prettus\\Repository\\Eloquent\\BaseRepository->paginate()
#11 /var/www/html/Thames/thamescc-backend/packages/Webkul/Product/src/Repositories/ProductRepository.php(454): Webkul\\Core\\Eloquent\\Repository->paginate()
#12 /var/www/html/Thames/thamescc-backend/packages/Webkul/Product/src/Repositories/ProductRepository.php(213): Webkul\\Product\\Repositories\\ProductRepository->searchFromDatabase()
#13 /var/www/html/Thames/thamescc-backend/packages/Webkul/Shop/src/Http/Controllers/API/ProductController.php(34): Webkul\\Product\\Repositories\\ProductRepository->getAll()
#14 /var/www/html/Thames/thamescc-backend/vendor/laravel/framework/src/Illuminate/Routing/Controller.php(54): Webkul\\Shop\\Http\\Controllers\\API\\ProductController->index()
#15 /var/www/html/Thames/thamescc-backend/vendor/laravel/framework/src/Illuminate/Routing/ControllerDispatcher.php(44): Illuminate\\Routing\\Controller->callAction()
#16 /var/www/html/Thames/thamescc-backend/vendor/laravel/framework/src/Illuminate/Routing/Route.php(266): Illuminate\\Routing\\ControllerDispatcher->dispatch()
#17 /var/www/html/Thames/thamescc-backend/vendor/laravel/framework/src/Illuminate/Routing/Route.php(212): Illuminate\\Routing\\Route->runController()
#18 /var/www/html/Thames/thamescc-backend/vendor/laravel/framework/src/Illuminate/Routing/Router.php(808): Illuminate\\Routing\\Route->run()
#19 /var/www/html/Thames/thamescc-backend/vendor/laravel/framework/src/Illuminate/Pipeline/Pipeline.php(170): Illuminate\\Routing\\Router->Illuminate\\Routing\\{closure}()
#20 /var/www/html/Thames/thamescc-backend/packages/Webkul/Core/src/Http/Middleware/PreventRequestsDuringMaintenance.php(119): Illuminate\\Pipeline\\Pipeline->Illuminate\\Pipeline\\{closure}()
#21 /var/www/html/Thames/thamescc-backend/vendor/laravel/framework/src/Illuminate/Pipeline/Pipeline.php(209): Webkul\\Core\\Http\\Middleware\\PreventRequestsDuringMaintenance->handle()
#22 /var/www/html/Thames/thamescc-backend/packages/Webkul/Shop/src/Http/Middleware/Currency.php(40): Illuminate\\Pipeline\\Pipeline->Illuminate\\Pipeline\\{closure}()
#23 /var/www/html/Thames/thamescc-backend/vendor/laravel/framework/src/Illuminate/Pipeline/Pipeline.php(209): Webkul\\Shop\\Http\\Middleware\\Currency->handle()
#24 /var/www/html/Thames/thamescc-backend/packages/Webkul/Shop/src/Http/Middleware/Locale.php(40): Illuminate\\Pipeline\\Pipeline->Illuminate\\Pipeline\\{closure}()
#25 /var/www/html/Thames/thamescc-backend/vendor/laravel/framework/src/Illuminate/Pipeline/Pipeline.php(209): Webkul\\Shop\\Http\\Middleware\\Locale->handle()
#26 /var/www/html/Thames/thamescc-backend/packages/Webkul/Shop/src/Http/Middleware/Theme.php(32): Illuminate\\Pipeline\\Pipeline->Illuminate\\Pipeline\\{closure}()
#27 /var/www/html/Thames/thamescc-backend/vendor/laravel/framework/src/Illuminate/Pipeline/Pipeline.php(209): Webkul\\Shop\\Http\\Middleware\\Theme->handle()
#28 /var/www/html/Thames/thamescc-backend/vendor/barryvdh/laravel-debugbar/src/Middleware/InjectDebugbar.php(66): Illuminate\\Pipeline\\Pipeline->Illuminate\\Pipeline\\{closure}()
#29 /var/www/html/Thames/thamescc-backend/vendor/laravel/framework/src/Illuminate/Pipeline/Pipeline.php(209): Barryvdh\\Debugbar\\Middleware\\InjectDebugbar->handle()
#30 /var/www/html/Thames/thamescc-backend/vendor/laravel/framework/src/Illuminate/Routing/Middleware/SubstituteBindings.php(51): Illuminate\\Pipeline\\Pipeline->Illuminate\\Pipeline\\{closure}()
#31 /var/www/html/Thames/thamescc-backend/vendor/laravel/framework/src/Illuminate/Pipeline/Pipeline.php(209): Illuminate\\Routing\\Middleware\\SubstituteBindings->handle()
#32 /var/www/html/Thames/thamescc-backend/vendor/laravel/framework/src/Illuminate/Foundation/Http/Middleware/VerifyCsrfToken.php(88): Illuminate\\Pipeline\\Pipeline->Illuminate\\Pipeline\\{closure}()
#33 /var/www/html/Thames/thamescc-backend/vendor/laravel/framework/src/Illuminate/Pipeline/Pipeline.php(209): Illuminate\\Foundation\\Http\\Middleware\\VerifyCsrfToken->handle()
#34 /var/www/html/Thames/thamescc-backend/vendor/laravel/framework/src/Illuminate/View/Middleware/ShareErrorsFromSession.php(49): Illuminate\\Pipeline\\Pipeline->Illuminate\\Pipeline\\{closure}()
#35 /var/www/html/Thames/thamescc-backend/vendor/laravel/framework/src/Illuminate/Pipeline/Pipeline.php(209): Illuminate\\View\\Middleware\\ShareErrorsFromSession->handle()
#36 /var/www/html/Thames/thamescc-backend/vendor/laravel/framework/src/Illuminate/Session/Middleware/StartSession.php(121): Illuminate\\Pipeline\\Pipeline->Illuminate\\Pipeline\\{closure}()
#37 /var/www/html/Thames/thamescc-backend/vendor/laravel/framework/src/Illuminate/Session/Middleware/StartSession.php(64): Illuminate\\Session\\Middleware\\StartSession->handleStatefulRequest()
#38 /var/www/html/Thames/thamescc-backend/vendor/laravel/framework/src/Illuminate/Pipeline/Pipeline.php(209): Illuminate\\Session\\Middleware\\StartSession->handle()
#39 /var/www/html/Thames/thamescc-backend/vendor/laravel/framework/src/Illuminate/Cookie/Middleware/AddQueuedCookiesToResponse.php(37): Illuminate\\Pipeline\\Pipeline->Illuminate\\Pipeline\\{closure}()
#40 /var/www/html/Thames/thamescc-backend/vendor/laravel/framework/src/Illuminate/Pipeline/Pipeline.php(209): Illuminate\\Cookie\\Middleware\\AddQueuedCookiesToResponse->handle()
#41 /var/www/html/Thames/thamescc-backend/vendor/laravel/framework/src/Illuminate/Cookie/Middleware/EncryptCookies.php(75): Illuminate\\Pipeline\\Pipeline->Illuminate\\Pipeline\\{closure}()
#42 /var/www/html/Thames/thamescc-backend/vendor/laravel/framework/src/Illuminate/Pipeline/Pipeline.php(209): Illuminate\\Cookie\\Middleware\\EncryptCookies->handle()
#43 /var/www/html/Thames/thamescc-backend/vendor/laravel/framework/src/Illuminate/Pipeline/Pipeline.php(127): Illuminate\\Pipeline\\Pipeline->Illuminate\\Pipeline\\{closure}()
#44 /var/www/html/Thames/thamescc-backend/vendor/laravel/framework/src/Illuminate/Routing/Router.php(807): Illuminate\\Pipeline\\Pipeline->then()
#45 /var/www/html/Thames/thamescc-backend/vendor/laravel/framework/src/Illuminate/Routing/Router.php(786): Illuminate\\Routing\\Router->runRouteWithinStack()
#46 /var/www/html/Thames/thamescc-backend/vendor/laravel/framework/src/Illuminate/Routing/Router.php(750): Illuminate\\Routing\\Router->runRoute()
#47 /var/www/html/Thames/thamescc-backend/vendor/laravel/framework/src/Illuminate/Routing/Router.php(739): Illuminate\\Routing\\Router->dispatchToRoute()
#48 /var/www/html/Thames/thamescc-backend/vendor/laravel/framework/src/Illuminate/Foundation/Http/Kernel.php(201): Illuminate\\Routing\\Router->dispatch()
#49 /var/www/html/Thames/thamescc-backend/vendor/laravel/framework/src/Illuminate/Pipeline/Pipeline.php(170): Illuminate\\Foundation\\Http\\Kernel->Illuminate\\Foundation\\Http\\{closure}()
#50 /var/www/html/Thames/thamescc-backend/vendor/barryvdh/laravel-debugbar/src/Middleware/InjectDebugbar.php(66): Illuminate\\Pipeline\\Pipeline->Illuminate\\Pipeline\\{closure}()
#51 /var/www/html/Thames/thamescc-backend/vendor/laravel/framework/src/Illuminate/Pipeline/Pipeline.php(209): Barryvdh\\Debugbar\\Middleware\\InjectDebugbar->handle()
#52 /var/www/html/Thames/thamescc-backend/packages/Webkul/Installer/src/Http/Middleware/CanInstall.php(30): Illuminate\\Pipeline\\Pipeline->Illuminate\\Pipeline\\{closure}()
#53 /var/www/html/Thames/thamescc-backend/vendor/laravel/framework/src/Illuminate/Pipeline/Pipeline.php(209): Webkul\\Installer\\Http\\Middleware\\CanInstall->handle()
#54 /var/www/html/Thames/thamescc-backend/packages/Webkul/Core/src/Http/Middleware/SecureHeaders.php(29): Illuminate\\Pipeline\\Pipeline->Illuminate\\Pipeline\\{closure}()
#55 /var/www/html/Thames/thamescc-backend/vendor/laravel/framework/src/Illuminate/Pipeline/Pipeline.php(209): Webkul\\Core\\Http\\Middleware\\SecureHeaders->handle()
#56 /var/www/html/Thames/thamescc-backend/vendor/laravel/framework/src/Illuminate/Foundation/Http/Middleware/TransformsRequest.php(21): Illuminate\\Pipeline\\Pipeline->Illuminate\\Pipeline\\{closure}()
#57 /var/www/html/Thames/thamescc-backend/vendor/laravel/framework/src/Illuminate/Foundation/Http/Middleware/TrimStrings.php(51): Illuminate\\Foundation\\Http\\Middleware\\TransformsRequest->handle()
#58 /var/www/html/Thames/thamescc-backend/vendor/laravel/framework/src/Illuminate/Pipeline/Pipeline.php(209): Illuminate\\Foundation\\Http\\Middleware\\TrimStrings->handle()
#59 /var/www/html/Thames/thamescc-backend/vendor/laravel/framework/src/Illuminate/Http/Middleware/ValidatePostSize.php(27): Illuminate\\Pipeline\\Pipeline->Illuminate\\Pipeline\\{closure}()
#60 /var/www/html/Thames/thamescc-backend/vendor/laravel/framework/src/Illuminate/Pipeline/Pipeline.php(209): Illuminate\\Http\\Middleware\\ValidatePostSize->handle()
#61 /var/www/html/Thames/thamescc-backend/vendor/laravel/framework/src/Illuminate/Http/Middleware/HandleCors.php(62): Illuminate\\Pipeline\\Pipeline->Illuminate\\Pipeline\\{closure}()
#62 /var/www/html/Thames/thamescc-backend/vendor/laravel/framework/src/Illuminate/Pipeline/Pipeline.php(209): Illuminate\\Http\\Middleware\\HandleCors->handle()
#63 /var/www/html/Thames/thamescc-backend/vendor/laravel/framework/src/Illuminate/Http/Middleware/TrustProxies.php(58): Illuminate\\Pipeline\\Pipeline->Illuminate\\Pipeline\\{closure}()
#64 /var/www/html/Thames/thamescc-backend/vendor/laravel/framework/src/Illuminate/Pipeline/Pipeline.php(209): Illuminate\\Http\\Middleware\\TrustProxies->handle()
#65 /var/www/html/Thames/thamescc-backend/vendor/laravel/framework/src/Illuminate/Foundation/Http/Middleware/InvokeDeferredCallbacks.php(22): Illuminate\\Pipeline\\Pipeline->Illuminate\\Pipeline\\{closure}()
#66 /var/www/html/Thames/thamescc-backend/vendor/laravel/framework/src/Illuminate/Pipeline/Pipeline.php(209): Illuminate\\Foundation\\Http\\Middleware\\InvokeDeferredCallbacks->handle()
#67 /var/www/html/Thames/thamescc-backend/vendor/laravel/framework/src/Illuminate/Pipeline/Pipeline.php(127): Illuminate\\Pipeline\\Pipeline->Illuminate\\Pipeline\\{closure}()
#68 /var/www/html/Thames/thamescc-backend/vendor/laravel/framework/src/Illuminate/Foundation/Http/Kernel.php(176): Illuminate\\Pipeline\\Pipeline->then()
#69 /var/www/html/Thames/thamescc-backend/vendor/laravel/framework/src/Illuminate/Foundation/Http/Kernel.php(145): Illuminate\\Foundation\\Http\\Kernel->sendRequestThroughRouter()
#70 /var/www/html/Thames/thamescc-backend/public/index.php(51): Illuminate\\Foundation\\Http\\Kernel->handle()
#71 /var/www/html/Thames/thamescc-backend/vendor/laravel/framework/src/Illuminate/Foundation/resources/server.php(23): require_once('...')
#72 {main}

[previous exception] [object] (PDOException(code: 42000): SQLSTATE[42000]: Syntax error or access violation: 1066 Not unique table/alias: 'pmp_or_not_product_attribute_values' at /var/www/html/Thames/thamescc-backend/vendor/laravel/framework/src/Illuminate/Database/Connection.php:407)
[stacktrace]
#0 /var/www/html/Thames/thamescc-backend/vendor/laravel/framework/src/Illuminate/Database/Connection.php(407): PDO->prepare()
#1 /var/www/html/Thames/thamescc-backend/vendor/laravel/framework/src/Illuminate/Database/Connection.php(812): Illuminate\\Database\\Connection->Illuminate\\Database\\{closure}()
#2 /var/www/html/Thames/thamescc-backend/vendor/laravel/framework/src/Illuminate/Database/Connection.php(779): Illuminate\\Database\\Connection->runQueryCallback()
#3 /var/www/html/Thames/thamescc-backend/vendor/laravel/framework/src/Illuminate/Database/Connection.php(398): Illuminate\\Database\\Connection->run()
#4 /var/www/html/Thames/thamescc-backend/vendor/laravel/framework/src/Illuminate/Database/Query/Builder.php(3106): Illuminate\\Database\\Connection->select()
#5 /var/www/html/Thames/thamescc-backend/vendor/laravel/framework/src/Illuminate/Database/Query/Builder.php(3091): Illuminate\\Database\\Query\\Builder->runSelect()
#6 /var/www/html/Thames/thamescc-backend/vendor/laravel/framework/src/Illuminate/Database/Query/Builder.php(3676): Illuminate\\Database\\Query\\Builder->Illuminate\\Database\\Query\\{closure}()
#7 /var/www/html/Thames/thamescc-backend/vendor/laravel/framework/src/Illuminate/Database/Query/Builder.php(3090): Illuminate\\Database\\Query\\Builder->onceWithColumns()
#8 /var/www/html/Thames/thamescc-backend/vendor/laravel/framework/src/Illuminate/Database/Query/Builder.php(3277): Illuminate\\Database\\Query\\Builder->get()
#9 /var/www/html/Thames/thamescc-backend/vendor/laravel/framework/src/Illuminate/Database/Query/Builder.php(3244): Illuminate\\Database\\Query\\Builder->runPaginationCountQuery()
#10 /var/www/html/Thames/thamescc-backend/vendor/laravel/framework/src/Illuminate/Database/Eloquent/Builder.php(1029): Illuminate\\Database\\Query\\Builder->getCountForPagination()
#11 /var/www/html/Thames/thamescc-backend/vendor/prettus/l5-repository/src/Prettus/Repository/Eloquent/BaseRepository.php(487): Illuminate\\Database\\Eloquent\\Builder->paginate()
#12 /var/www/html/Thames/thamescc-backend/vendor/prettus/l5-repository/src/Prettus/Repository/Traits/CacheableRepository.php(238): Prettus\\Repository\\Eloquent\\BaseRepository->paginate()
#13 /var/www/html/Thames/thamescc-backend/packages/Webkul/Product/src/Repositories/ProductRepository.php(454): Webkul\\Core\\Eloquent\\Repository->paginate()
#14 /var/www/html/Thames/thamescc-backend/packages/Webkul/Product/src/Repositories/ProductRepository.php(213): Webkul\\Product\\Repositories\\ProductRepository->searchFromDatabase()
#15 /var/www/html/Thames/thamescc-backend/packages/Webkul/Shop/src/Http/Controllers/API/ProductController.php(34): Webkul\\Product\\Repositories\\ProductRepository->getAll()
#16 /var/www/html/Thames/thamescc-backend/vendor/laravel/framework/src/Illuminate/Routing/Controller.php(54): Webkul\\Shop\\Http\\Controllers\\API\\ProductController->index()
#17 /var/www/html/Thames/thamescc-backend/vendor/laravel/framework/src/Illuminate/Routing/ControllerDispatcher.php(44): Illuminate\\Routing\\Controller->callAction()
#18 /var/www/html/Thames/thamescc-backend/vendor/laravel/framework/src/Illuminate/Routing/Route.php(266): Illuminate\\Routing\\ControllerDispatcher->dispatch()
#19 /var/www/html/Thames/thamescc-backend/vendor/laravel/framework/src/Illuminate/Routing/Route.php(212): Illuminate\\Routing\\Route->runController()
#20 /var/www/html/Thames/thamescc-backend/vendor/laravel/framework/src/Illuminate/Routing/Router.php(808): Illuminate\\Routing\\Route->run()
#21 /var/www/html/Thames/thamescc-backend/vendor/laravel/framework/src/Illuminate/Pipeline/Pipeline.php(170): Illuminate\\Routing\\Router->Illuminate\\Routing\\{closure}()
#22 /var/www/html/Thames/thamescc-backend/packages/Webkul/Core/src/Http/Middleware/PreventRequestsDuringMaintenance.php(119): Illuminate\\Pipeline\\Pipeline->Illuminate\\Pipeline\\{closure}()
#23 /var/www/html/Thames/thamescc-backend/vendor/laravel/framework/src/Illuminate/Pipeline/Pipeline.php(209): Webkul\\Core\\Http\\Middleware\\PreventRequestsDuringMaintenance->handle()
#24 /var/www/html/Thames/thamescc-backend/packages/Webkul/Shop/src/Http/Middleware/Currency.php(40): Illuminate\\Pipeline\\Pipeline->Illuminate\\Pipeline\\{closure}()
#25 /var/www/html/Thames/thamescc-backend/vendor/laravel/framework/src/Illuminate/Pipeline/Pipeline.php(209): Webkul\\Shop\\Http\\Middleware\\Currency->handle()
#26 /var/www/html/Thames/thamescc-backend/packages/Webkul/Shop/src/Http/Middleware/Locale.php(40): Illuminate\\Pipeline\\Pipeline->Illuminate\\Pipeline\\{closure}()
#27 /var/www/html/Thames/thamescc-backend/vendor/laravel/framework/src/Illuminate/Pipeline/Pipeline.php(209): Webkul\\Shop\\Http\\Middleware\\Locale->handle()
#28 /var/www/html/Thames/thamescc-backend/packages/Webkul/Shop/src/Http/Middleware/Theme.php(32): Illuminate\\Pipeline\\Pipeline->Illuminate\\Pipeline\\{closure}()
#29 /var/www/html/Thames/thamescc-backend/vendor/laravel/framework/src/Illuminate/Pipeline/Pipeline.php(209): Webkul\\Shop\\Http\\Middleware\\Theme->handle()
#30 /var/www/html/Thames/thamescc-backend/vendor/barryvdh/laravel-debugbar/src/Middleware/InjectDebugbar.php(66): Illuminate\\Pipeline\\Pipeline->Illuminate\\Pipeline\\{closure}()
#31 /var/www/html/Thames/thamescc-backend/vendor/laravel/framework/src/Illuminate/Pipeline/Pipeline.php(209): Barryvdh\\Debugbar\\Middleware\\InjectDebugbar->handle()
#32 /var/www/html/Thames/thamescc-backend/vendor/laravel/framework/src/Illuminate/Routing/Middleware/SubstituteBindings.php(51): Illuminate\\Pipeline\\Pipeline->Illuminate\\Pipeline\\{closure}()
#33 /var/www/html/Thames/thamescc-backend/vendor/laravel/framework/src/Illuminate/Pipeline/Pipeline.php(209): Illuminate\\Routing\\Middleware\\SubstituteBindings->handle()
#34 /var/www/html/Thames/thamescc-backend/vendor/laravel/framework/src/Illuminate/Foundation/Http/Middleware/VerifyCsrfToken.php(88): Illuminate\\Pipeline\\Pipeline->Illuminate\\Pipeline\\{closure}()
#35 /var/www/html/Thames/thamescc-backend/vendor/laravel/framework/src/Illuminate/Pipeline/Pipeline.php(209): Illuminate\\Foundation\\Http\\Middleware\\VerifyCsrfToken->handle()
#36 /var/www/html/Thames/thamescc-backend/vendor/laravel/framework/src/Illuminate/View/Middleware/ShareErrorsFromSession.php(49): Illuminate\\Pipeline\\Pipeline->Illuminate\\Pipeline\\{closure}()
#37 /var/www/html/Thames/thamescc-backend/vendor/laravel/framework/src/Illuminate/Pipeline/Pipeline.php(209): Illuminate\\View\\Middleware\\ShareErrorsFromSession->handle()
#38 /var/www/html/Thames/thamescc-backend/vendor/laravel/framework/src/Illuminate/Session/Middleware/StartSession.php(121): Illuminate\\Pipeline\\Pipeline->Illuminate\\Pipeline\\{closure}()
#39 /var/www/html/Thames/thamescc-backend/vendor/laravel/framework/src/Illuminate/Session/Middleware/StartSession.php(64): Illuminate\\Session\\Middleware\\StartSession->handleStatefulRequest()
#40 /var/www/html/Thames/thamescc-backend/vendor/laravel/framework/src/Illuminate/Pipeline/Pipeline.php(209): Illuminate\\Session\\Middleware\\StartSession->handle()
#41 /var/www/html/Thames/thamescc-backend/vendor/laravel/framework/src/Illuminate/Cookie/Middleware/AddQueuedCookiesToResponse.php(37): Illuminate\\Pipeline\\Pipeline->Illuminate\\Pipeline\\{closure}()
#42 /var/www/html/Thames/thamescc-backend/vendor/laravel/framework/src/Illuminate/Pipeline/Pipeline.php(209): Illuminate\\Cookie\\Middleware\\AddQueuedCookiesToResponse->handle()
#43 /var/www/html/Thames/thamescc-backend/vendor/laravel/framework/src/Illuminate/Cookie/Middleware/EncryptCookies.php(75): Illuminate\\Pipeline\\Pipeline->Illuminate\\Pipeline\\{closure}()
#44 /var/www/html/Thames/thamescc-backend/vendor/laravel/framework/src/Illuminate/Pipeline/Pipeline.php(209): Illuminate\\Cookie\\Middleware\\EncryptCookies->handle()
#45 /var/www/html/Thames/thamescc-backend/vendor/laravel/framework/src/Illuminate/Pipeline/Pipeline.php(127): Illuminate\\Pipeline\\Pipeline->Illuminate\\Pipeline\\{closure}()
#46 /var/www/html/Thames/thamescc-backend/vendor/laravel/framework/src/Illuminate/Routing/Router.php(807): Illuminate\\Pipeline\\Pipeline->then()
#47 /var/www/html/Thames/thamescc-backend/vendor/laravel/framework/src/Illuminate/Routing/Router.php(786): Illuminate\\Routing\\Router->runRouteWithinStack()
#48 /var/www/html/Thames/thamescc-backend/vendor/laravel/framework/src/Illuminate/Routing/Router.php(750): Illuminate\\Routing\\Router->runRoute()
#49 /var/www/html/Thames/thamescc-backend/vendor/laravel/framework/src/Illuminate/Routing/Router.php(739): Illuminate\\Routing\\Router->dispatchToRoute()
#50 /var/www/html/Thames/thamescc-backend/vendor/laravel/framework/src/Illuminate/Foundation/Http/Kernel.php(201): Illuminate\\Routing\\Router->dispatch()
#51 /var/www/html/Thames/thamescc-backend/vendor/laravel/framework/src/Illuminate/Pipeline/Pipeline.php(170): Illuminate\\Foundation\\Http\\Kernel->Illuminate\\Foundation\\Http\\{closure}()
#52 /var/www/html/Thames/thamescc-backend/vendor/barryvdh/laravel-debugbar/src/Middleware/InjectDebugbar.php(66): Illuminate\\Pipeline\\Pipeline->Illuminate\\Pipeline\\{closure}()
#53 /var/www/html/Thames/thamescc-backend/vendor/laravel/framework/src/Illuminate/Pipeline/Pipeline.php(209): Barryvdh\\Debugbar\\Middleware\\InjectDebugbar->handle()
#54 /var/www/html/Thames/thamescc-backend/packages/Webkul/Installer/src/Http/Middleware/CanInstall.php(30): Illuminate\\Pipeline\\Pipeline->Illuminate\\Pipeline\\{closure}()
#55 /var/www/html/Thames/thamescc-backend/vendor/laravel/framework/src/Illuminate/Pipeline/Pipeline.php(209): Webkul\\Installer\\Http\\Middleware\\CanInstall->handle()
#56 /var/www/html/Thames/thamescc-backend/packages/Webkul/Core/src/Http/Middleware/SecureHeaders.php(29): Illuminate\\Pipeline\\Pipeline->Illuminate\\Pipeline\\{closure}()
#57 /var/www/html/Thames/thamescc-backend/vendor/laravel/framework/src/Illuminate/Pipeline/Pipeline.php(209): Webkul\\Core\\Http\\Middleware\\SecureHeaders->handle()
#58 /var/www/html/Thames/thamescc-backend/vendor/laravel/framework/src/Illuminate/Foundation/Http/Middleware/TransformsRequest.php(21): Illuminate\\Pipeline\\Pipeline->Illuminate\\Pipeline\\{closure}()
#59 /var/www/html/Thames/thamescc-backend/vendor/laravel/framework/src/Illuminate/Foundation/Http/Middleware/TrimStrings.php(51): Illuminate\\Foundation\\Http\\Middleware\\TransformsRequest->handle()
#60 /var/www/html/Thames/thamescc-backend/vendor/laravel/framework/src/Illuminate/Pipeline/Pipeline.php(209): Illuminate\\Foundation\\Http\\Middleware\\TrimStrings->handle()
#61 /var/www/html/Thames/thamescc-backend/vendor/laravel/framework/src/Illuminate/Http/Middleware/ValidatePostSize.php(27): Illuminate\\Pipeline\\Pipeline->Illuminate\\Pipeline\\{closure}()
#62 /var/www/html/Thames/thamescc-backend/vendor/laravel/framework/src/Illuminate/Pipeline/Pipeline.php(209): Illuminate\\Http\\Middleware\\ValidatePostSize->handle()
#63 /var/www/html/Thames/thamescc-backend/vendor/laravel/framework/src/Illuminate/Http/Middleware/HandleCors.php(62): Illuminate\\Pipeline\\Pipeline->Illuminate\\Pipeline\\{closure}()
#64 /var/www/html/Thames/thamescc-backend/vendor/laravel/framework/src/Illuminate/Pipeline/Pipeline.php(209): Illuminate\\Http\\Middleware\\HandleCors->handle()
#65 /var/www/html/Thames/thamescc-backend/vendor/laravel/framework/src/Illuminate/Http/Middleware/TrustProxies.php(58): Illuminate\\Pipeline\\Pipeline->Illuminate\\Pipeline\\{closure}()
#66 /var/www/html/Thames/thamescc-backend/vendor/laravel/framework/src/Illuminate/Pipeline/Pipeline.php(209): Illuminate\\Http\\Middleware\\TrustProxies->handle()
#67 /var/www/html/Thames/thamescc-backend/vendor/laravel/framework/src/Illuminate/Foundation/Http/Middleware/InvokeDeferredCallbacks.php(22): Illuminate\\Pipeline\\Pipeline->Illuminate\\Pipeline\\{closure}()
#68 /var/www/html/Thames/thamescc-backend/vendor/laravel/framework/src/Illuminate/Pipeline/Pipeline.php(209): Illuminate\\Foundation\\Http\\Middleware\\InvokeDeferredCallbacks->handle()
#69 /var/www/html/Thames/thamescc-backend/vendor/laravel/framework/src/Illuminate/Pipeline/Pipeline.php(127): Illuminate\\Pipeline\\Pipeline->Illuminate\\Pipeline\\{closure}()
#70 /var/www/html/Thames/thamescc-backend/vendor/laravel/framework/src/Illuminate/Foundation/Http/Kernel.php(176): Illuminate\\Pipeline\\Pipeline->then()
#71 /var/www/html/Thames/thamescc-backend/vendor/laravel/framework/src/Illuminate/Foundation/Http/Kernel.php(145): Illuminate\\Foundation\\Http\\Kernel->sendRequestThroughRouter()
#72 /var/www/html/Thames/thamescc-backend/public/index.php(51): Illuminate\\Foundation\\Http\\Kernel->handle()
#73 /var/www/html/Thames/thamescc-backend/vendor/laravel/framework/src/Illuminate/Foundation/resources/server.php(23): require_once('...')
#74 {main}
"} 
[2025-06-19 12:25:10] local.ERROR: SQLSTATE[42000]: Syntax error or access violation: 1066 Not unique table/alias: 'pmp_or_not_product_attribute_values' (Connection: mysql, SQL: select count(*) as aggregate from (select distinct `products`.* from `products` left join `products` as `variants` on COALESCE(variants.parent_id, variants.id) = `products`.`id` left join `product_price_indices` on `products`.`id` = `product_price_indices`.`product_id` and `product_price_indices`.`customer_group_id` = 1 left join `product_channels` on `products`.`id` = `product_channels`.`product_id` left join `product_attribute_values` as `status_product_attribute_values` on `products`.`id` = `status_product_attribute_values`.`product_id` left join `product_attribute_values` as `url_key_product_attribute_values` on `products`.`id` = `url_key_product_attribute_values`.`product_id` left join `product_attribute_values` as `visible_individually_product_attribute_values` on `products`.`id` = `visible_individually_product_attribute_values`.`product_id` left join `product_attribute_values` as `pmp_or_not_product_attribute_values` on `products`.`id` = `pmp_or_not_product_attribute_values`.`product_id` and `pmp_or_not_product_attribute_values`.`attribute_id` = 49 left join `product_attribute_values` as `prom_id_product_attribute_values` on `products`.`id` = `prom_id_product_attribute_values`.`product_id` and `prom_id_product_attribute_values`.`attribute_id` = 41 left join `product_attribute_values` as `pmp_or_not_variant_attribute_values` on `variants`.`id` = `pmp_or_not_variant_attribute_values`.`product_id` and `pmp_or_not_variant_attribute_values`.`attribute_id` = 49 left join `product_attribute_values` as `prom_id_variant_attribute_values` on `variants`.`id` = `prom_id_variant_attribute_values`.`product_id` and `prom_id_variant_attribute_values`.`attribute_id` = 41 left join `product_attribute_values` as `pmp_or_not_product_attribute_values` on `products`.`id` = `pmp_or_not_product_attribute_values`.`product_id` and `pmp_or_not_product_attribute_values`.`attribute_id` = 49 left join `product_attribute_values` as `prom_id_product_attribute_values` on `products`.`id` = `prom_id_product_attribute_values`.`product_id` and `prom_id_product_attribute_values`.`attribute_id` = 41 where `product_channels`.`channel_id` = 1 and `status_product_attribute_values`.`attribute_id` = 8 and `status_product_attribute_values`.`boolean_value` = 1 and `url_key_product_attribute_values`.`attribute_id` = 3 and `url_key_product_attribute_values`.`text_value` is not null and `visible_individually_product_attribute_values`.`attribute_id` = 7 and `visible_individually_product_attribute_values`.`boolean_value` = 1 and ((`pmp_or_not_product_attribute_values`.`text_value` in (, PMP) and `prom_id_product_attribute_values`.`text_value` in (, Promotion)) or (`pmp_or_not_variant_attribute_values`.`text_value` in (, PMP) and `prom_id_variant_attribute_values`.`text_value` in (, Promotion))) and `pmp_or_not_product_attribute_values`.`text_value` in (, PMP) and `prom_id_product_attribute_values`.`text_value` in (, Promotion) group by `products`.`id`, `products`.`id`) as `aggregate_table`) {"exception":"[object] (Illuminate\\Database\\QueryException(code: 42000): SQLSTATE[42000]: Syntax error or access violation: 1066 Not unique table/alias: 'pmp_or_not_product_attribute_values' (Connection: mysql, SQL: select count(*) as aggregate from (select distinct `products`.* from `products` left join `products` as `variants` on COALESCE(variants.parent_id, variants.id) = `products`.`id` left join `product_price_indices` on `products`.`id` = `product_price_indices`.`product_id` and `product_price_indices`.`customer_group_id` = 1 left join `product_channels` on `products`.`id` = `product_channels`.`product_id` left join `product_attribute_values` as `status_product_attribute_values` on `products`.`id` = `status_product_attribute_values`.`product_id` left join `product_attribute_values` as `url_key_product_attribute_values` on `products`.`id` = `url_key_product_attribute_values`.`product_id` left join `product_attribute_values` as `visible_individually_product_attribute_values` on `products`.`id` = `visible_individually_product_attribute_values`.`product_id` left join `product_attribute_values` as `pmp_or_not_product_attribute_values` on `products`.`id` = `pmp_or_not_product_attribute_values`.`product_id` and `pmp_or_not_product_attribute_values`.`attribute_id` = 49 left join `product_attribute_values` as `prom_id_product_attribute_values` on `products`.`id` = `prom_id_product_attribute_values`.`product_id` and `prom_id_product_attribute_values`.`attribute_id` = 41 left join `product_attribute_values` as `pmp_or_not_variant_attribute_values` on `variants`.`id` = `pmp_or_not_variant_attribute_values`.`product_id` and `pmp_or_not_variant_attribute_values`.`attribute_id` = 49 left join `product_attribute_values` as `prom_id_variant_attribute_values` on `variants`.`id` = `prom_id_variant_attribute_values`.`product_id` and `prom_id_variant_attribute_values`.`attribute_id` = 41 left join `product_attribute_values` as `pmp_or_not_product_attribute_values` on `products`.`id` = `pmp_or_not_product_attribute_values`.`product_id` and `pmp_or_not_product_attribute_values`.`attribute_id` = 49 left join `product_attribute_values` as `prom_id_product_attribute_values` on `products`.`id` = `prom_id_product_attribute_values`.`product_id` and `prom_id_product_attribute_values`.`attribute_id` = 41 where `product_channels`.`channel_id` = 1 and `status_product_attribute_values`.`attribute_id` = 8 and `status_product_attribute_values`.`boolean_value` = 1 and `url_key_product_attribute_values`.`attribute_id` = 3 and `url_key_product_attribute_values`.`text_value` is not null and `visible_individually_product_attribute_values`.`attribute_id` = 7 and `visible_individually_product_attribute_values`.`boolean_value` = 1 and ((`pmp_or_not_product_attribute_values`.`text_value` in (, PMP) and `prom_id_product_attribute_values`.`text_value` in (, Promotion)) or (`pmp_or_not_variant_attribute_values`.`text_value` in (, PMP) and `prom_id_variant_attribute_values`.`text_value` in (, Promotion))) and `pmp_or_not_product_attribute_values`.`text_value` in (, PMP) and `prom_id_product_attribute_values`.`text_value` in (, Promotion) group by `products`.`id`, `products`.`id`) as `aggregate_table`) at /var/www/html/Thames/thamescc-backend/vendor/laravel/framework/src/Illuminate/Database/Connection.php:825)
[stacktrace]
#0 /var/www/html/Thames/thamescc-backend/vendor/laravel/framework/src/Illuminate/Database/Connection.php(779): Illuminate\\Database\\Connection->runQueryCallback()
#1 /var/www/html/Thames/thamescc-backend/vendor/laravel/framework/src/Illuminate/Database/Connection.php(398): Illuminate\\Database\\Connection->run()
#2 /var/www/html/Thames/thamescc-backend/vendor/laravel/framework/src/Illuminate/Database/Query/Builder.php(3106): Illuminate\\Database\\Connection->select()
#3 /var/www/html/Thames/thamescc-backend/vendor/laravel/framework/src/Illuminate/Database/Query/Builder.php(3091): Illuminate\\Database\\Query\\Builder->runSelect()
#4 /var/www/html/Thames/thamescc-backend/vendor/laravel/framework/src/Illuminate/Database/Query/Builder.php(3676): Illuminate\\Database\\Query\\Builder->Illuminate\\Database\\Query\\{closure}()
#5 /var/www/html/Thames/thamescc-backend/vendor/laravel/framework/src/Illuminate/Database/Query/Builder.php(3090): Illuminate\\Database\\Query\\Builder->onceWithColumns()
#6 /var/www/html/Thames/thamescc-backend/vendor/laravel/framework/src/Illuminate/Database/Query/Builder.php(3277): Illuminate\\Database\\Query\\Builder->get()
#7 /var/www/html/Thames/thamescc-backend/vendor/laravel/framework/src/Illuminate/Database/Query/Builder.php(3244): Illuminate\\Database\\Query\\Builder->runPaginationCountQuery()
#8 /var/www/html/Thames/thamescc-backend/vendor/laravel/framework/src/Illuminate/Database/Eloquent/Builder.php(1029): Illuminate\\Database\\Query\\Builder->getCountForPagination()
#9 /var/www/html/Thames/thamescc-backend/vendor/prettus/l5-repository/src/Prettus/Repository/Eloquent/BaseRepository.php(487): Illuminate\\Database\\Eloquent\\Builder->paginate()
#10 /var/www/html/Thames/thamescc-backend/vendor/prettus/l5-repository/src/Prettus/Repository/Traits/CacheableRepository.php(238): Prettus\\Repository\\Eloquent\\BaseRepository->paginate()
#11 /var/www/html/Thames/thamescc-backend/packages/Webkul/Product/src/Repositories/ProductRepository.php(454): Webkul\\Core\\Eloquent\\Repository->paginate()
#12 /var/www/html/Thames/thamescc-backend/packages/Webkul/Product/src/Repositories/ProductRepository.php(213): Webkul\\Product\\Repositories\\ProductRepository->searchFromDatabase()
#13 /var/www/html/Thames/thamescc-backend/packages/Webkul/Shop/src/Http/Controllers/API/ProductController.php(34): Webkul\\Product\\Repositories\\ProductRepository->getAll()
#14 /var/www/html/Thames/thamescc-backend/vendor/laravel/framework/src/Illuminate/Routing/Controller.php(54): Webkul\\Shop\\Http\\Controllers\\API\\ProductController->index()
#15 /var/www/html/Thames/thamescc-backend/vendor/laravel/framework/src/Illuminate/Routing/ControllerDispatcher.php(44): Illuminate\\Routing\\Controller->callAction()
#16 /var/www/html/Thames/thamescc-backend/vendor/laravel/framework/src/Illuminate/Routing/Route.php(266): Illuminate\\Routing\\ControllerDispatcher->dispatch()
#17 /var/www/html/Thames/thamescc-backend/vendor/laravel/framework/src/Illuminate/Routing/Route.php(212): Illuminate\\Routing\\Route->runController()
#18 /var/www/html/Thames/thamescc-backend/vendor/laravel/framework/src/Illuminate/Routing/Router.php(808): Illuminate\\Routing\\Route->run()
#19 /var/www/html/Thames/thamescc-backend/vendor/laravel/framework/src/Illuminate/Pipeline/Pipeline.php(170): Illuminate\\Routing\\Router->Illuminate\\Routing\\{closure}()
#20 /var/www/html/Thames/thamescc-backend/packages/Webkul/Core/src/Http/Middleware/PreventRequestsDuringMaintenance.php(119): Illuminate\\Pipeline\\Pipeline->Illuminate\\Pipeline\\{closure}()
#21 /var/www/html/Thames/thamescc-backend/vendor/laravel/framework/src/Illuminate/Pipeline/Pipeline.php(209): Webkul\\Core\\Http\\Middleware\\PreventRequestsDuringMaintenance->handle()
#22 /var/www/html/Thames/thamescc-backend/packages/Webkul/Shop/src/Http/Middleware/Currency.php(40): Illuminate\\Pipeline\\Pipeline->Illuminate\\Pipeline\\{closure}()
#23 /var/www/html/Thames/thamescc-backend/vendor/laravel/framework/src/Illuminate/Pipeline/Pipeline.php(209): Webkul\\Shop\\Http\\Middleware\\Currency->handle()
#24 /var/www/html/Thames/thamescc-backend/packages/Webkul/Shop/src/Http/Middleware/Locale.php(40): Illuminate\\Pipeline\\Pipeline->Illuminate\\Pipeline\\{closure}()
#25 /var/www/html/Thames/thamescc-backend/vendor/laravel/framework/src/Illuminate/Pipeline/Pipeline.php(209): Webkul\\Shop\\Http\\Middleware\\Locale->handle()
#26 /var/www/html/Thames/thamescc-backend/packages/Webkul/Shop/src/Http/Middleware/Theme.php(32): Illuminate\\Pipeline\\Pipeline->Illuminate\\Pipeline\\{closure}()
#27 /var/www/html/Thames/thamescc-backend/vendor/laravel/framework/src/Illuminate/Pipeline/Pipeline.php(209): Webkul\\Shop\\Http\\Middleware\\Theme->handle()
#28 /var/www/html/Thames/thamescc-backend/vendor/barryvdh/laravel-debugbar/src/Middleware/InjectDebugbar.php(66): Illuminate\\Pipeline\\Pipeline->Illuminate\\Pipeline\\{closure}()
#29 /var/www/html/Thames/thamescc-backend/vendor/laravel/framework/src/Illuminate/Pipeline/Pipeline.php(209): Barryvdh\\Debugbar\\Middleware\\InjectDebugbar->handle()
#30 /var/www/html/Thames/thamescc-backend/vendor/laravel/framework/src/Illuminate/Routing/Middleware/SubstituteBindings.php(51): Illuminate\\Pipeline\\Pipeline->Illuminate\\Pipeline\\{closure}()
#31 /var/www/html/Thames/thamescc-backend/vendor/laravel/framework/src/Illuminate/Pipeline/Pipeline.php(209): Illuminate\\Routing\\Middleware\\SubstituteBindings->handle()
#32 /var/www/html/Thames/thamescc-backend/vendor/laravel/framework/src/Illuminate/Foundation/Http/Middleware/VerifyCsrfToken.php(88): Illuminate\\Pipeline\\Pipeline->Illuminate\\Pipeline\\{closure}()
#33 /var/www/html/Thames/thamescc-backend/vendor/laravel/framework/src/Illuminate/Pipeline/Pipeline.php(209): Illuminate\\Foundation\\Http\\Middleware\\VerifyCsrfToken->handle()
#34 /var/www/html/Thames/thamescc-backend/vendor/laravel/framework/src/Illuminate/View/Middleware/ShareErrorsFromSession.php(49): Illuminate\\Pipeline\\Pipeline->Illuminate\\Pipeline\\{closure}()
#35 /var/www/html/Thames/thamescc-backend/vendor/laravel/framework/src/Illuminate/Pipeline/Pipeline.php(209): Illuminate\\View\\Middleware\\ShareErrorsFromSession->handle()
#36 /var/www/html/Thames/thamescc-backend/vendor/laravel/framework/src/Illuminate/Session/Middleware/StartSession.php(121): Illuminate\\Pipeline\\Pipeline->Illuminate\\Pipeline\\{closure}()
#37 /var/www/html/Thames/thamescc-backend/vendor/laravel/framework/src/Illuminate/Session/Middleware/StartSession.php(64): Illuminate\\Session\\Middleware\\StartSession->handleStatefulRequest()
#38 /var/www/html/Thames/thamescc-backend/vendor/laravel/framework/src/Illuminate/Pipeline/Pipeline.php(209): Illuminate\\Session\\Middleware\\StartSession->handle()
#39 /var/www/html/Thames/thamescc-backend/vendor/laravel/framework/src/Illuminate/Cookie/Middleware/AddQueuedCookiesToResponse.php(37): Illuminate\\Pipeline\\Pipeline->Illuminate\\Pipeline\\{closure}()
#40 /var/www/html/Thames/thamescc-backend/vendor/laravel/framework/src/Illuminate/Pipeline/Pipeline.php(209): Illuminate\\Cookie\\Middleware\\AddQueuedCookiesToResponse->handle()
#41 /var/www/html/Thames/thamescc-backend/vendor/laravel/framework/src/Illuminate/Cookie/Middleware/EncryptCookies.php(75): Illuminate\\Pipeline\\Pipeline->Illuminate\\Pipeline\\{closure}()
#42 /var/www/html/Thames/thamescc-backend/vendor/laravel/framework/src/Illuminate/Pipeline/Pipeline.php(209): Illuminate\\Cookie\\Middleware\\EncryptCookies->handle()
#43 /var/www/html/Thames/thamescc-backend/vendor/laravel/framework/src/Illuminate/Pipeline/Pipeline.php(127): Illuminate\\Pipeline\\Pipeline->Illuminate\\Pipeline\\{closure}()
#44 /var/www/html/Thames/thamescc-backend/vendor/laravel/framework/src/Illuminate/Routing/Router.php(807): Illuminate\\Pipeline\\Pipeline->then()
#45 /var/www/html/Thames/thamescc-backend/vendor/laravel/framework/src/Illuminate/Routing/Router.php(786): Illuminate\\Routing\\Router->runRouteWithinStack()
#46 /var/www/html/Thames/thamescc-backend/vendor/laravel/framework/src/Illuminate/Routing/Router.php(750): Illuminate\\Routing\\Router->runRoute()
#47 /var/www/html/Thames/thamescc-backend/vendor/laravel/framework/src/Illuminate/Routing/Router.php(739): Illuminate\\Routing\\Router->dispatchToRoute()
#48 /var/www/html/Thames/thamescc-backend/vendor/laravel/framework/src/Illuminate/Foundation/Http/Kernel.php(201): Illuminate\\Routing\\Router->dispatch()
#49 /var/www/html/Thames/thamescc-backend/vendor/laravel/framework/src/Illuminate/Pipeline/Pipeline.php(170): Illuminate\\Foundation\\Http\\Kernel->Illuminate\\Foundation\\Http\\{closure}()
#50 /var/www/html/Thames/thamescc-backend/vendor/barryvdh/laravel-debugbar/src/Middleware/InjectDebugbar.php(66): Illuminate\\Pipeline\\Pipeline->Illuminate\\Pipeline\\{closure}()
#51 /var/www/html/Thames/thamescc-backend/vendor/laravel/framework/src/Illuminate/Pipeline/Pipeline.php(209): Barryvdh\\Debugbar\\Middleware\\InjectDebugbar->handle()
#52 /var/www/html/Thames/thamescc-backend/packages/Webkul/Installer/src/Http/Middleware/CanInstall.php(30): Illuminate\\Pipeline\\Pipeline->Illuminate\\Pipeline\\{closure}()
#53 /var/www/html/Thames/thamescc-backend/vendor/laravel/framework/src/Illuminate/Pipeline/Pipeline.php(209): Webkul\\Installer\\Http\\Middleware\\CanInstall->handle()
#54 /var/www/html/Thames/thamescc-backend/packages/Webkul/Core/src/Http/Middleware/SecureHeaders.php(29): Illuminate\\Pipeline\\Pipeline->Illuminate\\Pipeline\\{closure}()
#55 /var/www/html/Thames/thamescc-backend/vendor/laravel/framework/src/Illuminate/Pipeline/Pipeline.php(209): Webkul\\Core\\Http\\Middleware\\SecureHeaders->handle()
#56 /var/www/html/Thames/thamescc-backend/vendor/laravel/framework/src/Illuminate/Foundation/Http/Middleware/TransformsRequest.php(21): Illuminate\\Pipeline\\Pipeline->Illuminate\\Pipeline\\{closure}()
#57 /var/www/html/Thames/thamescc-backend/vendor/laravel/framework/src/Illuminate/Foundation/Http/Middleware/TrimStrings.php(51): Illuminate\\Foundation\\Http\\Middleware\\TransformsRequest->handle()
#58 /var/www/html/Thames/thamescc-backend/vendor/laravel/framework/src/Illuminate/Pipeline/Pipeline.php(209): Illuminate\\Foundation\\Http\\Middleware\\TrimStrings->handle()
#59 /var/www/html/Thames/thamescc-backend/vendor/laravel/framework/src/Illuminate/Http/Middleware/ValidatePostSize.php(27): Illuminate\\Pipeline\\Pipeline->Illuminate\\Pipeline\\{closure}()
#60 /var/www/html/Thames/thamescc-backend/vendor/laravel/framework/src/Illuminate/Pipeline/Pipeline.php(209): Illuminate\\Http\\Middleware\\ValidatePostSize->handle()
#61 /var/www/html/Thames/thamescc-backend/vendor/laravel/framework/src/Illuminate/Http/Middleware/HandleCors.php(62): Illuminate\\Pipeline\\Pipeline->Illuminate\\Pipeline\\{closure}()
#62 /var/www/html/Thames/thamescc-backend/vendor/laravel/framework/src/Illuminate/Pipeline/Pipeline.php(209): Illuminate\\Http\\Middleware\\HandleCors->handle()
#63 /var/www/html/Thames/thamescc-backend/vendor/laravel/framework/src/Illuminate/Http/Middleware/TrustProxies.php(58): Illuminate\\Pipeline\\Pipeline->Illuminate\\Pipeline\\{closure}()
#64 /var/www/html/Thames/thamescc-backend/vendor/laravel/framework/src/Illuminate/Pipeline/Pipeline.php(209): Illuminate\\Http\\Middleware\\TrustProxies->handle()
#65 /var/www/html/Thames/thamescc-backend/vendor/laravel/framework/src/Illuminate/Foundation/Http/Middleware/InvokeDeferredCallbacks.php(22): Illuminate\\Pipeline\\Pipeline->Illuminate\\Pipeline\\{closure}()
#66 /var/www/html/Thames/thamescc-backend/vendor/laravel/framework/src/Illuminate/Pipeline/Pipeline.php(209): Illuminate\\Foundation\\Http\\Middleware\\InvokeDeferredCallbacks->handle()
#67 /var/www/html/Thames/thamescc-backend/vendor/laravel/framework/src/Illuminate/Pipeline/Pipeline.php(127): Illuminate\\Pipeline\\Pipeline->Illuminate\\Pipeline\\{closure}()
#68 /var/www/html/Thames/thamescc-backend/vendor/laravel/framework/src/Illuminate/Foundation/Http/Kernel.php(176): Illuminate\\Pipeline\\Pipeline->then()
#69 /var/www/html/Thames/thamescc-backend/vendor/laravel/framework/src/Illuminate/Foundation/Http/Kernel.php(145): Illuminate\\Foundation\\Http\\Kernel->sendRequestThroughRouter()
#70 /var/www/html/Thames/thamescc-backend/public/index.php(51): Illuminate\\Foundation\\Http\\Kernel->handle()
#71 /var/www/html/Thames/thamescc-backend/vendor/laravel/framework/src/Illuminate/Foundation/resources/server.php(23): require_once('...')
#72 {main}

[previous exception] [object] (PDOException(code: 42000): SQLSTATE[42000]: Syntax error or access violation: 1066 Not unique table/alias: 'pmp_or_not_product_attribute_values' at /var/www/html/Thames/thamescc-backend/vendor/laravel/framework/src/Illuminate/Database/Connection.php:407)
[stacktrace]
#0 /var/www/html/Thames/thamescc-backend/vendor/laravel/framework/src/Illuminate/Database/Connection.php(407): PDO->prepare()
#1 /var/www/html/Thames/thamescc-backend/vendor/laravel/framework/src/Illuminate/Database/Connection.php(812): Illuminate\\Database\\Connection->Illuminate\\Database\\{closure}()
#2 /var/www/html/Thames/thamescc-backend/vendor/laravel/framework/src/Illuminate/Database/Connection.php(779): Illuminate\\Database\\Connection->runQueryCallback()
#3 /var/www/html/Thames/thamescc-backend/vendor/laravel/framework/src/Illuminate/Database/Connection.php(398): Illuminate\\Database\\Connection->run()
#4 /var/www/html/Thames/thamescc-backend/vendor/laravel/framework/src/Illuminate/Database/Query/Builder.php(3106): Illuminate\\Database\\Connection->select()
#5 /var/www/html/Thames/thamescc-backend/vendor/laravel/framework/src/Illuminate/Database/Query/Builder.php(3091): Illuminate\\Database\\Query\\Builder->runSelect()
#6 /var/www/html/Thames/thamescc-backend/vendor/laravel/framework/src/Illuminate/Database/Query/Builder.php(3676): Illuminate\\Database\\Query\\Builder->Illuminate\\Database\\Query\\{closure}()
#7 /var/www/html/Thames/thamescc-backend/vendor/laravel/framework/src/Illuminate/Database/Query/Builder.php(3090): Illuminate\\Database\\Query\\Builder->onceWithColumns()
#8 /var/www/html/Thames/thamescc-backend/vendor/laravel/framework/src/Illuminate/Database/Query/Builder.php(3277): Illuminate\\Database\\Query\\Builder->get()
#9 /var/www/html/Thames/thamescc-backend/vendor/laravel/framework/src/Illuminate/Database/Query/Builder.php(3244): Illuminate\\Database\\Query\\Builder->runPaginationCountQuery()
#10 /var/www/html/Thames/thamescc-backend/vendor/laravel/framework/src/Illuminate/Database/Eloquent/Builder.php(1029): Illuminate\\Database\\Query\\Builder->getCountForPagination()
#11 /var/www/html/Thames/thamescc-backend/vendor/prettus/l5-repository/src/Prettus/Repository/Eloquent/BaseRepository.php(487): Illuminate\\Database\\Eloquent\\Builder->paginate()
#12 /var/www/html/Thames/thamescc-backend/vendor/prettus/l5-repository/src/Prettus/Repository/Traits/CacheableRepository.php(238): Prettus\\Repository\\Eloquent\\BaseRepository->paginate()
#13 /var/www/html/Thames/thamescc-backend/packages/Webkul/Product/src/Repositories/ProductRepository.php(454): Webkul\\Core\\Eloquent\\Repository->paginate()
#14 /var/www/html/Thames/thamescc-backend/packages/Webkul/Product/src/Repositories/ProductRepository.php(213): Webkul\\Product\\Repositories\\ProductRepository->searchFromDatabase()
#15 /var/www/html/Thames/thamescc-backend/packages/Webkul/Shop/src/Http/Controllers/API/ProductController.php(34): Webkul\\Product\\Repositories\\ProductRepository->getAll()
#16 /var/www/html/Thames/thamescc-backend/vendor/laravel/framework/src/Illuminate/Routing/Controller.php(54): Webkul\\Shop\\Http\\Controllers\\API\\ProductController->index()
#17 /var/www/html/Thames/thamescc-backend/vendor/laravel/framework/src/Illuminate/Routing/ControllerDispatcher.php(44): Illuminate\\Routing\\Controller->callAction()
#18 /var/www/html/Thames/thamescc-backend/vendor/laravel/framework/src/Illuminate/Routing/Route.php(266): Illuminate\\Routing\\ControllerDispatcher->dispatch()
#19 /var/www/html/Thames/thamescc-backend/vendor/laravel/framework/src/Illuminate/Routing/Route.php(212): Illuminate\\Routing\\Route->runController()
#20 /var/www/html/Thames/thamescc-backend/vendor/laravel/framework/src/Illuminate/Routing/Router.php(808): Illuminate\\Routing\\Route->run()
#21 /var/www/html/Thames/thamescc-backend/vendor/laravel/framework/src/Illuminate/Pipeline/Pipeline.php(170): Illuminate\\Routing\\Router->Illuminate\\Routing\\{closure}()
#22 /var/www/html/Thames/thamescc-backend/packages/Webkul/Core/src/Http/Middleware/PreventRequestsDuringMaintenance.php(119): Illuminate\\Pipeline\\Pipeline->Illuminate\\Pipeline\\{closure}()
#23 /var/www/html/Thames/thamescc-backend/vendor/laravel/framework/src/Illuminate/Pipeline/Pipeline.php(209): Webkul\\Core\\Http\\Middleware\\PreventRequestsDuringMaintenance->handle()
#24 /var/www/html/Thames/thamescc-backend/packages/Webkul/Shop/src/Http/Middleware/Currency.php(40): Illuminate\\Pipeline\\Pipeline->Illuminate\\Pipeline\\{closure}()
#25 /var/www/html/Thames/thamescc-backend/vendor/laravel/framework/src/Illuminate/Pipeline/Pipeline.php(209): Webkul\\Shop\\Http\\Middleware\\Currency->handle()
#26 /var/www/html/Thames/thamescc-backend/packages/Webkul/Shop/src/Http/Middleware/Locale.php(40): Illuminate\\Pipeline\\Pipeline->Illuminate\\Pipeline\\{closure}()
#27 /var/www/html/Thames/thamescc-backend/vendor/laravel/framework/src/Illuminate/Pipeline/Pipeline.php(209): Webkul\\Shop\\Http\\Middleware\\Locale->handle()
#28 /var/www/html/Thames/thamescc-backend/packages/Webkul/Shop/src/Http/Middleware/Theme.php(32): Illuminate\\Pipeline\\Pipeline->Illuminate\\Pipeline\\{closure}()
#29 /var/www/html/Thames/thamescc-backend/vendor/laravel/framework/src/Illuminate/Pipeline/Pipeline.php(209): Webkul\\Shop\\Http\\Middleware\\Theme->handle()
#30 /var/www/html/Thames/thamescc-backend/vendor/barryvdh/laravel-debugbar/src/Middleware/InjectDebugbar.php(66): Illuminate\\Pipeline\\Pipeline->Illuminate\\Pipeline\\{closure}()
#31 /var/www/html/Thames/thamescc-backend/vendor/laravel/framework/src/Illuminate/Pipeline/Pipeline.php(209): Barryvdh\\Debugbar\\Middleware\\InjectDebugbar->handle()
#32 /var/www/html/Thames/thamescc-backend/vendor/laravel/framework/src/Illuminate/Routing/Middleware/SubstituteBindings.php(51): Illuminate\\Pipeline\\Pipeline->Illuminate\\Pipeline\\{closure}()
#33 /var/www/html/Thames/thamescc-backend/vendor/laravel/framework/src/Illuminate/Pipeline/Pipeline.php(209): Illuminate\\Routing\\Middleware\\SubstituteBindings->handle()
#34 /var/www/html/Thames/thamescc-backend/vendor/laravel/framework/src/Illuminate/Foundation/Http/Middleware/VerifyCsrfToken.php(88): Illuminate\\Pipeline\\Pipeline->Illuminate\\Pipeline\\{closure}()
#35 /var/www/html/Thames/thamescc-backend/vendor/laravel/framework/src/Illuminate/Pipeline/Pipeline.php(209): Illuminate\\Foundation\\Http\\Middleware\\VerifyCsrfToken->handle()
#36 /var/www/html/Thames/thamescc-backend/vendor/laravel/framework/src/Illuminate/View/Middleware/ShareErrorsFromSession.php(49): Illuminate\\Pipeline\\Pipeline->Illuminate\\Pipeline\\{closure}()
#37 /var/www/html/Thames/thamescc-backend/vendor/laravel/framework/src/Illuminate/Pipeline/Pipeline.php(209): Illuminate\\View\\Middleware\\ShareErrorsFromSession->handle()
#38 /var/www/html/Thames/thamescc-backend/vendor/laravel/framework/src/Illuminate/Session/Middleware/StartSession.php(121): Illuminate\\Pipeline\\Pipeline->Illuminate\\Pipeline\\{closure}()
#39 /var/www/html/Thames/thamescc-backend/vendor/laravel/framework/src/Illuminate/Session/Middleware/StartSession.php(64): Illuminate\\Session\\Middleware\\StartSession->handleStatefulRequest()
#40 /var/www/html/Thames/thamescc-backend/vendor/laravel/framework/src/Illuminate/Pipeline/Pipeline.php(209): Illuminate\\Session\\Middleware\\StartSession->handle()
#41 /var/www/html/Thames/thamescc-backend/vendor/laravel/framework/src/Illuminate/Cookie/Middleware/AddQueuedCookiesToResponse.php(37): Illuminate\\Pipeline\\Pipeline->Illuminate\\Pipeline\\{closure}()
#42 /var/www/html/Thames/thamescc-backend/vendor/laravel/framework/src/Illuminate/Pipeline/Pipeline.php(209): Illuminate\\Cookie\\Middleware\\AddQueuedCookiesToResponse->handle()
#43 /var/www/html/Thames/thamescc-backend/vendor/laravel/framework/src/Illuminate/Cookie/Middleware/EncryptCookies.php(75): Illuminate\\Pipeline\\Pipeline->Illuminate\\Pipeline\\{closure}()
#44 /var/www/html/Thames/thamescc-backend/vendor/laravel/framework/src/Illuminate/Pipeline/Pipeline.php(209): Illuminate\\Cookie\\Middleware\\EncryptCookies->handle()
#45 /var/www/html/Thames/thamescc-backend/vendor/laravel/framework/src/Illuminate/Pipeline/Pipeline.php(127): Illuminate\\Pipeline\\Pipeline->Illuminate\\Pipeline\\{closure}()
#46 /var/www/html/Thames/thamescc-backend/vendor/laravel/framework/src/Illuminate/Routing/Router.php(807): Illuminate\\Pipeline\\Pipeline->then()
#47 /var/www/html/Thames/thamescc-backend/vendor/laravel/framework/src/Illuminate/Routing/Router.php(786): Illuminate\\Routing\\Router->runRouteWithinStack()
#48 /var/www/html/Thames/thamescc-backend/vendor/laravel/framework/src/Illuminate/Routing/Router.php(750): Illuminate\\Routing\\Router->runRoute()
#49 /var/www/html/Thames/thamescc-backend/vendor/laravel/framework/src/Illuminate/Routing/Router.php(739): Illuminate\\Routing\\Router->dispatchToRoute()
#50 /var/www/html/Thames/thamescc-backend/vendor/laravel/framework/src/Illuminate/Foundation/Http/Kernel.php(201): Illuminate\\Routing\\Router->dispatch()
#51 /var/www/html/Thames/thamescc-backend/vendor/laravel/framework/src/Illuminate/Pipeline/Pipeline.php(170): Illuminate\\Foundation\\Http\\Kernel->Illuminate\\Foundation\\Http\\{closure}()
#52 /var/www/html/Thames/thamescc-backend/vendor/barryvdh/laravel-debugbar/src/Middleware/InjectDebugbar.php(66): Illuminate\\Pipeline\\Pipeline->Illuminate\\Pipeline\\{closure}()
#53 /var/www/html/Thames/thamescc-backend/vendor/laravel/framework/src/Illuminate/Pipeline/Pipeline.php(209): Barryvdh\\Debugbar\\Middleware\\InjectDebugbar->handle()
#54 /var/www/html/Thames/thamescc-backend/packages/Webkul/Installer/src/Http/Middleware/CanInstall.php(30): Illuminate\\Pipeline\\Pipeline->Illuminate\\Pipeline\\{closure}()
#55 /var/www/html/Thames/thamescc-backend/vendor/laravel/framework/src/Illuminate/Pipeline/Pipeline.php(209): Webkul\\Installer\\Http\\Middleware\\CanInstall->handle()
#56 /var/www/html/Thames/thamescc-backend/packages/Webkul/Core/src/Http/Middleware/SecureHeaders.php(29): Illuminate\\Pipeline\\Pipeline->Illuminate\\Pipeline\\{closure}()
#57 /var/www/html/Thames/thamescc-backend/vendor/laravel/framework/src/Illuminate/Pipeline/Pipeline.php(209): Webkul\\Core\\Http\\Middleware\\SecureHeaders->handle()
#58 /var/www/html/Thames/thamescc-backend/vendor/laravel/framework/src/Illuminate/Foundation/Http/Middleware/TransformsRequest.php(21): Illuminate\\Pipeline\\Pipeline->Illuminate\\Pipeline\\{closure}()
#59 /var/www/html/Thames/thamescc-backend/vendor/laravel/framework/src/Illuminate/Foundation/Http/Middleware/TrimStrings.php(51): Illuminate\\Foundation\\Http\\Middleware\\TransformsRequest->handle()
#60 /var/www/html/Thames/thamescc-backend/vendor/laravel/framework/src/Illuminate/Pipeline/Pipeline.php(209): Illuminate\\Foundation\\Http\\Middleware\\TrimStrings->handle()
#61 /var/www/html/Thames/thamescc-backend/vendor/laravel/framework/src/Illuminate/Http/Middleware/ValidatePostSize.php(27): Illuminate\\Pipeline\\Pipeline->Illuminate\\Pipeline\\{closure}()
#62 /var/www/html/Thames/thamescc-backend/vendor/laravel/framework/src/Illuminate/Pipeline/Pipeline.php(209): Illuminate\\Http\\Middleware\\ValidatePostSize->handle()
#63 /var/www/html/Thames/thamescc-backend/vendor/laravel/framework/src/Illuminate/Http/Middleware/HandleCors.php(62): Illuminate\\Pipeline\\Pipeline->Illuminate\\Pipeline\\{closure}()
#64 /var/www/html/Thames/thamescc-backend/vendor/laravel/framework/src/Illuminate/Pipeline/Pipeline.php(209): Illuminate\\Http\\Middleware\\HandleCors->handle()
#65 /var/www/html/Thames/thamescc-backend/vendor/laravel/framework/src/Illuminate/Http/Middleware/TrustProxies.php(58): Illuminate\\Pipeline\\Pipeline->Illuminate\\Pipeline\\{closure}()
#66 /var/www/html/Thames/thamescc-backend/vendor/laravel/framework/src/Illuminate/Pipeline/Pipeline.php(209): Illuminate\\Http\\Middleware\\TrustProxies->handle()
#67 /var/www/html/Thames/thamescc-backend/vendor/laravel/framework/src/Illuminate/Foundation/Http/Middleware/InvokeDeferredCallbacks.php(22): Illuminate\\Pipeline\\Pipeline->Illuminate\\Pipeline\\{closure}()
#68 /var/www/html/Thames/thamescc-backend/vendor/laravel/framework/src/Illuminate/Pipeline/Pipeline.php(209): Illuminate\\Foundation\\Http\\Middleware\\InvokeDeferredCallbacks->handle()
#69 /var/www/html/Thames/thamescc-backend/vendor/laravel/framework/src/Illuminate/Pipeline/Pipeline.php(127): Illuminate\\Pipeline\\Pipeline->Illuminate\\Pipeline\\{closure}()
#70 /var/www/html/Thames/thamescc-backend/vendor/laravel/framework/src/Illuminate/Foundation/Http/Kernel.php(176): Illuminate\\Pipeline\\Pipeline->then()
#71 /var/www/html/Thames/thamescc-backend/vendor/laravel/framework/src/Illuminate/Foundation/Http/Kernel.php(145): Illuminate\\Foundation\\Http\\Kernel->sendRequestThroughRouter()
#72 /var/www/html/Thames/thamescc-backend/public/index.php(51): Illuminate\\Foundation\\Http\\Kernel->handle()
#73 /var/www/html/Thames/thamescc-backend/vendor/laravel/framework/src/Illuminate/Foundation/resources/server.php(23): require_once('...')
#74 {main}
"} 
[2025-06-19 12:25:11] local.ERROR: SQLSTATE[42000]: Syntax error or access violation: 1066 Not unique table/alias: 'pmp_or_not_product_attribute_values' (Connection: mysql, SQL: select count(*) as aggregate from (select distinct `products`.* from `products` left join `products` as `variants` on COALESCE(variants.parent_id, variants.id) = `products`.`id` left join `product_price_indices` on `products`.`id` = `product_price_indices`.`product_id` and `product_price_indices`.`customer_group_id` = 1 left join `product_channels` on `products`.`id` = `product_channels`.`product_id` left join `product_attribute_values` as `status_product_attribute_values` on `products`.`id` = `status_product_attribute_values`.`product_id` left join `product_attribute_values` as `url_key_product_attribute_values` on `products`.`id` = `url_key_product_attribute_values`.`product_id` left join `product_attribute_values` as `visible_individually_product_attribute_values` on `products`.`id` = `visible_individually_product_attribute_values`.`product_id` left join `product_attribute_values` as `pmp_or_not_product_attribute_values` on `products`.`id` = `pmp_or_not_product_attribute_values`.`product_id` and `pmp_or_not_product_attribute_values`.`attribute_id` = 49 left join `product_attribute_values` as `prom_id_product_attribute_values` on `products`.`id` = `prom_id_product_attribute_values`.`product_id` and `prom_id_product_attribute_values`.`attribute_id` = 41 left join `product_attribute_values` as `pmp_or_not_variant_attribute_values` on `variants`.`id` = `pmp_or_not_variant_attribute_values`.`product_id` and `pmp_or_not_variant_attribute_values`.`attribute_id` = 49 left join `product_attribute_values` as `prom_id_variant_attribute_values` on `variants`.`id` = `prom_id_variant_attribute_values`.`product_id` and `prom_id_variant_attribute_values`.`attribute_id` = 41 left join `product_attribute_values` as `pmp_or_not_product_attribute_values` on `products`.`id` = `pmp_or_not_product_attribute_values`.`product_id` and `pmp_or_not_product_attribute_values`.`attribute_id` = 49 left join `product_attribute_values` as `prom_id_product_attribute_values` on `products`.`id` = `prom_id_product_attribute_values`.`product_id` and `prom_id_product_attribute_values`.`attribute_id` = 41 where `product_channels`.`channel_id` = 1 and `status_product_attribute_values`.`attribute_id` = 8 and `status_product_attribute_values`.`boolean_value` = 1 and `url_key_product_attribute_values`.`attribute_id` = 3 and `url_key_product_attribute_values`.`text_value` is not null and `visible_individually_product_attribute_values`.`attribute_id` = 7 and `visible_individually_product_attribute_values`.`boolean_value` = 1 and ((`pmp_or_not_product_attribute_values`.`text_value` in (, PMP) and `prom_id_product_attribute_values`.`text_value` in (, Promotion)) or (`pmp_or_not_variant_attribute_values`.`text_value` in (, PMP) and `prom_id_variant_attribute_values`.`text_value` in (, Promotion))) and `pmp_or_not_product_attribute_values`.`text_value` in (, PMP) and `prom_id_product_attribute_values`.`text_value` in (, Promotion) group by `products`.`id`, `products`.`id`) as `aggregate_table`) {"exception":"[object] (Illuminate\\Database\\QueryException(code: 42000): SQLSTATE[42000]: Syntax error or access violation: 1066 Not unique table/alias: 'pmp_or_not_product_attribute_values' (Connection: mysql, SQL: select count(*) as aggregate from (select distinct `products`.* from `products` left join `products` as `variants` on COALESCE(variants.parent_id, variants.id) = `products`.`id` left join `product_price_indices` on `products`.`id` = `product_price_indices`.`product_id` and `product_price_indices`.`customer_group_id` = 1 left join `product_channels` on `products`.`id` = `product_channels`.`product_id` left join `product_attribute_values` as `status_product_attribute_values` on `products`.`id` = `status_product_attribute_values`.`product_id` left join `product_attribute_values` as `url_key_product_attribute_values` on `products`.`id` = `url_key_product_attribute_values`.`product_id` left join `product_attribute_values` as `visible_individually_product_attribute_values` on `products`.`id` = `visible_individually_product_attribute_values`.`product_id` left join `product_attribute_values` as `pmp_or_not_product_attribute_values` on `products`.`id` = `pmp_or_not_product_attribute_values`.`product_id` and `pmp_or_not_product_attribute_values`.`attribute_id` = 49 left join `product_attribute_values` as `prom_id_product_attribute_values` on `products`.`id` = `prom_id_product_attribute_values`.`product_id` and `prom_id_product_attribute_values`.`attribute_id` = 41 left join `product_attribute_values` as `pmp_or_not_variant_attribute_values` on `variants`.`id` = `pmp_or_not_variant_attribute_values`.`product_id` and `pmp_or_not_variant_attribute_values`.`attribute_id` = 49 left join `product_attribute_values` as `prom_id_variant_attribute_values` on `variants`.`id` = `prom_id_variant_attribute_values`.`product_id` and `prom_id_variant_attribute_values`.`attribute_id` = 41 left join `product_attribute_values` as `pmp_or_not_product_attribute_values` on `products`.`id` = `pmp_or_not_product_attribute_values`.`product_id` and `pmp_or_not_product_attribute_values`.`attribute_id` = 49 left join `product_attribute_values` as `prom_id_product_attribute_values` on `products`.`id` = `prom_id_product_attribute_values`.`product_id` and `prom_id_product_attribute_values`.`attribute_id` = 41 where `product_channels`.`channel_id` = 1 and `status_product_attribute_values`.`attribute_id` = 8 and `status_product_attribute_values`.`boolean_value` = 1 and `url_key_product_attribute_values`.`attribute_id` = 3 and `url_key_product_attribute_values`.`text_value` is not null and `visible_individually_product_attribute_values`.`attribute_id` = 7 and `visible_individually_product_attribute_values`.`boolean_value` = 1 and ((`pmp_or_not_product_attribute_values`.`text_value` in (, PMP) and `prom_id_product_attribute_values`.`text_value` in (, Promotion)) or (`pmp_or_not_variant_attribute_values`.`text_value` in (, PMP) and `prom_id_variant_attribute_values`.`text_value` in (, Promotion))) and `pmp_or_not_product_attribute_values`.`text_value` in (, PMP) and `prom_id_product_attribute_values`.`text_value` in (, Promotion) group by `products`.`id`, `products`.`id`) as `aggregate_table`) at /var/www/html/Thames/thamescc-backend/vendor/laravel/framework/src/Illuminate/Database/Connection.php:825)
[stacktrace]
#0 /var/www/html/Thames/thamescc-backend/vendor/laravel/framework/src/Illuminate/Database/Connection.php(779): Illuminate\\Database\\Connection->runQueryCallback()
#1 /var/www/html/Thames/thamescc-backend/vendor/laravel/framework/src/Illuminate/Database/Connection.php(398): Illuminate\\Database\\Connection->run()
#2 /var/www/html/Thames/thamescc-backend/vendor/laravel/framework/src/Illuminate/Database/Query/Builder.php(3106): Illuminate\\Database\\Connection->select()
#3 /var/www/html/Thames/thamescc-backend/vendor/laravel/framework/src/Illuminate/Database/Query/Builder.php(3091): Illuminate\\Database\\Query\\Builder->runSelect()
#4 /var/www/html/Thames/thamescc-backend/vendor/laravel/framework/src/Illuminate/Database/Query/Builder.php(3676): Illuminate\\Database\\Query\\Builder->Illuminate\\Database\\Query\\{closure}()
#5 /var/www/html/Thames/thamescc-backend/vendor/laravel/framework/src/Illuminate/Database/Query/Builder.php(3090): Illuminate\\Database\\Query\\Builder->onceWithColumns()
#6 /var/www/html/Thames/thamescc-backend/vendor/laravel/framework/src/Illuminate/Database/Query/Builder.php(3277): Illuminate\\Database\\Query\\Builder->get()
#7 /var/www/html/Thames/thamescc-backend/vendor/laravel/framework/src/Illuminate/Database/Query/Builder.php(3244): Illuminate\\Database\\Query\\Builder->runPaginationCountQuery()
#8 /var/www/html/Thames/thamescc-backend/vendor/laravel/framework/src/Illuminate/Database/Eloquent/Builder.php(1029): Illuminate\\Database\\Query\\Builder->getCountForPagination()
#9 /var/www/html/Thames/thamescc-backend/vendor/prettus/l5-repository/src/Prettus/Repository/Eloquent/BaseRepository.php(487): Illuminate\\Database\\Eloquent\\Builder->paginate()
#10 /var/www/html/Thames/thamescc-backend/vendor/prettus/l5-repository/src/Prettus/Repository/Traits/CacheableRepository.php(238): Prettus\\Repository\\Eloquent\\BaseRepository->paginate()
#11 /var/www/html/Thames/thamescc-backend/packages/Webkul/Product/src/Repositories/ProductRepository.php(454): Webkul\\Core\\Eloquent\\Repository->paginate()
#12 /var/www/html/Thames/thamescc-backend/packages/Webkul/Product/src/Repositories/ProductRepository.php(213): Webkul\\Product\\Repositories\\ProductRepository->searchFromDatabase()
#13 /var/www/html/Thames/thamescc-backend/packages/Webkul/Shop/src/Http/Controllers/API/ProductController.php(34): Webkul\\Product\\Repositories\\ProductRepository->getAll()
#14 /var/www/html/Thames/thamescc-backend/vendor/laravel/framework/src/Illuminate/Routing/Controller.php(54): Webkul\\Shop\\Http\\Controllers\\API\\ProductController->index()
#15 /var/www/html/Thames/thamescc-backend/vendor/laravel/framework/src/Illuminate/Routing/ControllerDispatcher.php(44): Illuminate\\Routing\\Controller->callAction()
#16 /var/www/html/Thames/thamescc-backend/vendor/laravel/framework/src/Illuminate/Routing/Route.php(266): Illuminate\\Routing\\ControllerDispatcher->dispatch()
#17 /var/www/html/Thames/thamescc-backend/vendor/laravel/framework/src/Illuminate/Routing/Route.php(212): Illuminate\\Routing\\Route->runController()
#18 /var/www/html/Thames/thamescc-backend/vendor/laravel/framework/src/Illuminate/Routing/Router.php(808): Illuminate\\Routing\\Route->run()
#19 /var/www/html/Thames/thamescc-backend/vendor/laravel/framework/src/Illuminate/Pipeline/Pipeline.php(170): Illuminate\\Routing\\Router->Illuminate\\Routing\\{closure}()
#20 /var/www/html/Thames/thamescc-backend/packages/Webkul/Core/src/Http/Middleware/PreventRequestsDuringMaintenance.php(119): Illuminate\\Pipeline\\Pipeline->Illuminate\\Pipeline\\{closure}()
#21 /var/www/html/Thames/thamescc-backend/vendor/laravel/framework/src/Illuminate/Pipeline/Pipeline.php(209): Webkul\\Core\\Http\\Middleware\\PreventRequestsDuringMaintenance->handle()
#22 /var/www/html/Thames/thamescc-backend/packages/Webkul/Shop/src/Http/Middleware/Currency.php(40): Illuminate\\Pipeline\\Pipeline->Illuminate\\Pipeline\\{closure}()
#23 /var/www/html/Thames/thamescc-backend/vendor/laravel/framework/src/Illuminate/Pipeline/Pipeline.php(209): Webkul\\Shop\\Http\\Middleware\\Currency->handle()
#24 /var/www/html/Thames/thamescc-backend/packages/Webkul/Shop/src/Http/Middleware/Locale.php(40): Illuminate\\Pipeline\\Pipeline->Illuminate\\Pipeline\\{closure}()
#25 /var/www/html/Thames/thamescc-backend/vendor/laravel/framework/src/Illuminate/Pipeline/Pipeline.php(209): Webkul\\Shop\\Http\\Middleware\\Locale->handle()
#26 /var/www/html/Thames/thamescc-backend/packages/Webkul/Shop/src/Http/Middleware/Theme.php(32): Illuminate\\Pipeline\\Pipeline->Illuminate\\Pipeline\\{closure}()
#27 /var/www/html/Thames/thamescc-backend/vendor/laravel/framework/src/Illuminate/Pipeline/Pipeline.php(209): Webkul\\Shop\\Http\\Middleware\\Theme->handle()
#28 /var/www/html/Thames/thamescc-backend/vendor/barryvdh/laravel-debugbar/src/Middleware/InjectDebugbar.php(66): Illuminate\\Pipeline\\Pipeline->Illuminate\\Pipeline\\{closure}()
#29 /var/www/html/Thames/thamescc-backend/vendor/laravel/framework/src/Illuminate/Pipeline/Pipeline.php(209): Barryvdh\\Debugbar\\Middleware\\InjectDebugbar->handle()
#30 /var/www/html/Thames/thamescc-backend/vendor/laravel/framework/src/Illuminate/Routing/Middleware/SubstituteBindings.php(51): Illuminate\\Pipeline\\Pipeline->Illuminate\\Pipeline\\{closure}()
#31 /var/www/html/Thames/thamescc-backend/vendor/laravel/framework/src/Illuminate/Pipeline/Pipeline.php(209): Illuminate\\Routing\\Middleware\\SubstituteBindings->handle()
#32 /var/www/html/Thames/thamescc-backend/vendor/laravel/framework/src/Illuminate/Foundation/Http/Middleware/VerifyCsrfToken.php(88): Illuminate\\Pipeline\\Pipeline->Illuminate\\Pipeline\\{closure}()
#33 /var/www/html/Thames/thamescc-backend/vendor/laravel/framework/src/Illuminate/Pipeline/Pipeline.php(209): Illuminate\\Foundation\\Http\\Middleware\\VerifyCsrfToken->handle()
#34 /var/www/html/Thames/thamescc-backend/vendor/laravel/framework/src/Illuminate/View/Middleware/ShareErrorsFromSession.php(49): Illuminate\\Pipeline\\Pipeline->Illuminate\\Pipeline\\{closure}()
#35 /var/www/html/Thames/thamescc-backend/vendor/laravel/framework/src/Illuminate/Pipeline/Pipeline.php(209): Illuminate\\View\\Middleware\\ShareErrorsFromSession->handle()
#36 /var/www/html/Thames/thamescc-backend/vendor/laravel/framework/src/Illuminate/Session/Middleware/StartSession.php(121): Illuminate\\Pipeline\\Pipeline->Illuminate\\Pipeline\\{closure}()
#37 /var/www/html/Thames/thamescc-backend/vendor/laravel/framework/src/Illuminate/Session/Middleware/StartSession.php(64): Illuminate\\Session\\Middleware\\StartSession->handleStatefulRequest()
#38 /var/www/html/Thames/thamescc-backend/vendor/laravel/framework/src/Illuminate/Pipeline/Pipeline.php(209): Illuminate\\Session\\Middleware\\StartSession->handle()
#39 /var/www/html/Thames/thamescc-backend/vendor/laravel/framework/src/Illuminate/Cookie/Middleware/AddQueuedCookiesToResponse.php(37): Illuminate\\Pipeline\\Pipeline->Illuminate\\Pipeline\\{closure}()
#40 /var/www/html/Thames/thamescc-backend/vendor/laravel/framework/src/Illuminate/Pipeline/Pipeline.php(209): Illuminate\\Cookie\\Middleware\\AddQueuedCookiesToResponse->handle()
#41 /var/www/html/Thames/thamescc-backend/vendor/laravel/framework/src/Illuminate/Cookie/Middleware/EncryptCookies.php(75): Illuminate\\Pipeline\\Pipeline->Illuminate\\Pipeline\\{closure}()
#42 /var/www/html/Thames/thamescc-backend/vendor/laravel/framework/src/Illuminate/Pipeline/Pipeline.php(209): Illuminate\\Cookie\\Middleware\\EncryptCookies->handle()
#43 /var/www/html/Thames/thamescc-backend/vendor/laravel/framework/src/Illuminate/Pipeline/Pipeline.php(127): Illuminate\\Pipeline\\Pipeline->Illuminate\\Pipeline\\{closure}()
#44 /var/www/html/Thames/thamescc-backend/vendor/laravel/framework/src/Illuminate/Routing/Router.php(807): Illuminate\\Pipeline\\Pipeline->then()
#45 /var/www/html/Thames/thamescc-backend/vendor/laravel/framework/src/Illuminate/Routing/Router.php(786): Illuminate\\Routing\\Router->runRouteWithinStack()
#46 /var/www/html/Thames/thamescc-backend/vendor/laravel/framework/src/Illuminate/Routing/Router.php(750): Illuminate\\Routing\\Router->runRoute()
#47 /var/www/html/Thames/thamescc-backend/vendor/laravel/framework/src/Illuminate/Routing/Router.php(739): Illuminate\\Routing\\Router->dispatchToRoute()
#48 /var/www/html/Thames/thamescc-backend/vendor/laravel/framework/src/Illuminate/Foundation/Http/Kernel.php(201): Illuminate\\Routing\\Router->dispatch()
#49 /var/www/html/Thames/thamescc-backend/vendor/laravel/framework/src/Illuminate/Pipeline/Pipeline.php(170): Illuminate\\Foundation\\Http\\Kernel->Illuminate\\Foundation\\Http\\{closure}()
#50 /var/www/html/Thames/thamescc-backend/vendor/barryvdh/laravel-debugbar/src/Middleware/InjectDebugbar.php(66): Illuminate\\Pipeline\\Pipeline->Illuminate\\Pipeline\\{closure}()
#51 /var/www/html/Thames/thamescc-backend/vendor/laravel/framework/src/Illuminate/Pipeline/Pipeline.php(209): Barryvdh\\Debugbar\\Middleware\\InjectDebugbar->handle()
#52 /var/www/html/Thames/thamescc-backend/packages/Webkul/Installer/src/Http/Middleware/CanInstall.php(30): Illuminate\\Pipeline\\Pipeline->Illuminate\\Pipeline\\{closure}()
#53 /var/www/html/Thames/thamescc-backend/vendor/laravel/framework/src/Illuminate/Pipeline/Pipeline.php(209): Webkul\\Installer\\Http\\Middleware\\CanInstall->handle()
#54 /var/www/html/Thames/thamescc-backend/packages/Webkul/Core/src/Http/Middleware/SecureHeaders.php(29): Illuminate\\Pipeline\\Pipeline->Illuminate\\Pipeline\\{closure}()
#55 /var/www/html/Thames/thamescc-backend/vendor/laravel/framework/src/Illuminate/Pipeline/Pipeline.php(209): Webkul\\Core\\Http\\Middleware\\SecureHeaders->handle()
#56 /var/www/html/Thames/thamescc-backend/vendor/laravel/framework/src/Illuminate/Foundation/Http/Middleware/TransformsRequest.php(21): Illuminate\\Pipeline\\Pipeline->Illuminate\\Pipeline\\{closure}()
#57 /var/www/html/Thames/thamescc-backend/vendor/laravel/framework/src/Illuminate/Foundation/Http/Middleware/TrimStrings.php(51): Illuminate\\Foundation\\Http\\Middleware\\TransformsRequest->handle()
#58 /var/www/html/Thames/thamescc-backend/vendor/laravel/framework/src/Illuminate/Pipeline/Pipeline.php(209): Illuminate\\Foundation\\Http\\Middleware\\TrimStrings->handle()
#59 /var/www/html/Thames/thamescc-backend/vendor/laravel/framework/src/Illuminate/Http/Middleware/ValidatePostSize.php(27): Illuminate\\Pipeline\\Pipeline->Illuminate\\Pipeline\\{closure}()
#60 /var/www/html/Thames/thamescc-backend/vendor/laravel/framework/src/Illuminate/Pipeline/Pipeline.php(209): Illuminate\\Http\\Middleware\\ValidatePostSize->handle()
#61 /var/www/html/Thames/thamescc-backend/vendor/laravel/framework/src/Illuminate/Http/Middleware/HandleCors.php(62): Illuminate\\Pipeline\\Pipeline->Illuminate\\Pipeline\\{closure}()
#62 /var/www/html/Thames/thamescc-backend/vendor/laravel/framework/src/Illuminate/Pipeline/Pipeline.php(209): Illuminate\\Http\\Middleware\\HandleCors->handle()
#63 /var/www/html/Thames/thamescc-backend/vendor/laravel/framework/src/Illuminate/Http/Middleware/TrustProxies.php(58): Illuminate\\Pipeline\\Pipeline->Illuminate\\Pipeline\\{closure}()
#64 /var/www/html/Thames/thamescc-backend/vendor/laravel/framework/src/Illuminate/Pipeline/Pipeline.php(209): Illuminate\\Http\\Middleware\\TrustProxies->handle()
#65 /var/www/html/Thames/thamescc-backend/vendor/laravel/framework/src/Illuminate/Foundation/Http/Middleware/InvokeDeferredCallbacks.php(22): Illuminate\\Pipeline\\Pipeline->Illuminate\\Pipeline\\{closure}()
#66 /var/www/html/Thames/thamescc-backend/vendor/laravel/framework/src/Illuminate/Pipeline/Pipeline.php(209): Illuminate\\Foundation\\Http\\Middleware\\InvokeDeferredCallbacks->handle()
#67 /var/www/html/Thames/thamescc-backend/vendor/laravel/framework/src/Illuminate/Pipeline/Pipeline.php(127): Illuminate\\Pipeline\\Pipeline->Illuminate\\Pipeline\\{closure}()
#68 /var/www/html/Thames/thamescc-backend/vendor/laravel/framework/src/Illuminate/Foundation/Http/Kernel.php(176): Illuminate\\Pipeline\\Pipeline->then()
#69 /var/www/html/Thames/thamescc-backend/vendor/laravel/framework/src/Illuminate/Foundation/Http/Kernel.php(145): Illuminate\\Foundation\\Http\\Kernel->sendRequestThroughRouter()
#70 /var/www/html/Thames/thamescc-backend/public/index.php(51): Illuminate\\Foundation\\Http\\Kernel->handle()
#71 /var/www/html/Thames/thamescc-backend/vendor/laravel/framework/src/Illuminate/Foundation/resources/server.php(23): require_once('...')
#72 {main}

[previous exception] [object] (PDOException(code: 42000): SQLSTATE[42000]: Syntax error or access violation: 1066 Not unique table/alias: 'pmp_or_not_product_attribute_values' at /var/www/html/Thames/thamescc-backend/vendor/laravel/framework/src/Illuminate/Database/Connection.php:407)
[stacktrace]
#0 /var/www/html/Thames/thamescc-backend/vendor/laravel/framework/src/Illuminate/Database/Connection.php(407): PDO->prepare()
#1 /var/www/html/Thames/thamescc-backend/vendor/laravel/framework/src/Illuminate/Database/Connection.php(812): Illuminate\\Database\\Connection->Illuminate\\Database\\{closure}()
#2 /var/www/html/Thames/thamescc-backend/vendor/laravel/framework/src/Illuminate/Database/Connection.php(779): Illuminate\\Database\\Connection->runQueryCallback()
#3 /var/www/html/Thames/thamescc-backend/vendor/laravel/framework/src/Illuminate/Database/Connection.php(398): Illuminate\\Database\\Connection->run()
#4 /var/www/html/Thames/thamescc-backend/vendor/laravel/framework/src/Illuminate/Database/Query/Builder.php(3106): Illuminate\\Database\\Connection->select()
#5 /var/www/html/Thames/thamescc-backend/vendor/laravel/framework/src/Illuminate/Database/Query/Builder.php(3091): Illuminate\\Database\\Query\\Builder->runSelect()
#6 /var/www/html/Thames/thamescc-backend/vendor/laravel/framework/src/Illuminate/Database/Query/Builder.php(3676): Illuminate\\Database\\Query\\Builder->Illuminate\\Database\\Query\\{closure}()
#7 /var/www/html/Thames/thamescc-backend/vendor/laravel/framework/src/Illuminate/Database/Query/Builder.php(3090): Illuminate\\Database\\Query\\Builder->onceWithColumns()
#8 /var/www/html/Thames/thamescc-backend/vendor/laravel/framework/src/Illuminate/Database/Query/Builder.php(3277): Illuminate\\Database\\Query\\Builder->get()
#9 /var/www/html/Thames/thamescc-backend/vendor/laravel/framework/src/Illuminate/Database/Query/Builder.php(3244): Illuminate\\Database\\Query\\Builder->runPaginationCountQuery()
#10 /var/www/html/Thames/thamescc-backend/vendor/laravel/framework/src/Illuminate/Database/Eloquent/Builder.php(1029): Illuminate\\Database\\Query\\Builder->getCountForPagination()
#11 /var/www/html/Thames/thamescc-backend/vendor/prettus/l5-repository/src/Prettus/Repository/Eloquent/BaseRepository.php(487): Illuminate\\Database\\Eloquent\\Builder->paginate()
#12 /var/www/html/Thames/thamescc-backend/vendor/prettus/l5-repository/src/Prettus/Repository/Traits/CacheableRepository.php(238): Prettus\\Repository\\Eloquent\\BaseRepository->paginate()
#13 /var/www/html/Thames/thamescc-backend/packages/Webkul/Product/src/Repositories/ProductRepository.php(454): Webkul\\Core\\Eloquent\\Repository->paginate()
#14 /var/www/html/Thames/thamescc-backend/packages/Webkul/Product/src/Repositories/ProductRepository.php(213): Webkul\\Product\\Repositories\\ProductRepository->searchFromDatabase()
#15 /var/www/html/Thames/thamescc-backend/packages/Webkul/Shop/src/Http/Controllers/API/ProductController.php(34): Webkul\\Product\\Repositories\\ProductRepository->getAll()
#16 /var/www/html/Thames/thamescc-backend/vendor/laravel/framework/src/Illuminate/Routing/Controller.php(54): Webkul\\Shop\\Http\\Controllers\\API\\ProductController->index()
#17 /var/www/html/Thames/thamescc-backend/vendor/laravel/framework/src/Illuminate/Routing/ControllerDispatcher.php(44): Illuminate\\Routing\\Controller->callAction()
#18 /var/www/html/Thames/thamescc-backend/vendor/laravel/framework/src/Illuminate/Routing/Route.php(266): Illuminate\\Routing\\ControllerDispatcher->dispatch()
#19 /var/www/html/Thames/thamescc-backend/vendor/laravel/framework/src/Illuminate/Routing/Route.php(212): Illuminate\\Routing\\Route->runController()
#20 /var/www/html/Thames/thamescc-backend/vendor/laravel/framework/src/Illuminate/Routing/Router.php(808): Illuminate\\Routing\\Route->run()
#21 /var/www/html/Thames/thamescc-backend/vendor/laravel/framework/src/Illuminate/Pipeline/Pipeline.php(170): Illuminate\\Routing\\Router->Illuminate\\Routing\\{closure}()
#22 /var/www/html/Thames/thamescc-backend/packages/Webkul/Core/src/Http/Middleware/PreventRequestsDuringMaintenance.php(119): Illuminate\\Pipeline\\Pipeline->Illuminate\\Pipeline\\{closure}()
#23 /var/www/html/Thames/thamescc-backend/vendor/laravel/framework/src/Illuminate/Pipeline/Pipeline.php(209): Webkul\\Core\\Http\\Middleware\\PreventRequestsDuringMaintenance->handle()
#24 /var/www/html/Thames/thamescc-backend/packages/Webkul/Shop/src/Http/Middleware/Currency.php(40): Illuminate\\Pipeline\\Pipeline->Illuminate\\Pipeline\\{closure}()
#25 /var/www/html/Thames/thamescc-backend/vendor/laravel/framework/src/Illuminate/Pipeline/Pipeline.php(209): Webkul\\Shop\\Http\\Middleware\\Currency->handle()
#26 /var/www/html/Thames/thamescc-backend/packages/Webkul/Shop/src/Http/Middleware/Locale.php(40): Illuminate\\Pipeline\\Pipeline->Illuminate\\Pipeline\\{closure}()
#27 /var/www/html/Thames/thamescc-backend/vendor/laravel/framework/src/Illuminate/Pipeline/Pipeline.php(209): Webkul\\Shop\\Http\\Middleware\\Locale->handle()
#28 /var/www/html/Thames/thamescc-backend/packages/Webkul/Shop/src/Http/Middleware/Theme.php(32): Illuminate\\Pipeline\\Pipeline->Illuminate\\Pipeline\\{closure}()
#29 /var/www/html/Thames/thamescc-backend/vendor/laravel/framework/src/Illuminate/Pipeline/Pipeline.php(209): Webkul\\Shop\\Http\\Middleware\\Theme->handle()
#30 /var/www/html/Thames/thamescc-backend/vendor/barryvdh/laravel-debugbar/src/Middleware/InjectDebugbar.php(66): Illuminate\\Pipeline\\Pipeline->Illuminate\\Pipeline\\{closure}()
#31 /var/www/html/Thames/thamescc-backend/vendor/laravel/framework/src/Illuminate/Pipeline/Pipeline.php(209): Barryvdh\\Debugbar\\Middleware\\InjectDebugbar->handle()
#32 /var/www/html/Thames/thamescc-backend/vendor/laravel/framework/src/Illuminate/Routing/Middleware/SubstituteBindings.php(51): Illuminate\\Pipeline\\Pipeline->Illuminate\\Pipeline\\{closure}()
#33 /var/www/html/Thames/thamescc-backend/vendor/laravel/framework/src/Illuminate/Pipeline/Pipeline.php(209): Illuminate\\Routing\\Middleware\\SubstituteBindings->handle()
#34 /var/www/html/Thames/thamescc-backend/vendor/laravel/framework/src/Illuminate/Foundation/Http/Middleware/VerifyCsrfToken.php(88): Illuminate\\Pipeline\\Pipeline->Illuminate\\Pipeline\\{closure}()
#35 /var/www/html/Thames/thamescc-backend/vendor/laravel/framework/src/Illuminate/Pipeline/Pipeline.php(209): Illuminate\\Foundation\\Http\\Middleware\\VerifyCsrfToken->handle()
#36 /var/www/html/Thames/thamescc-backend/vendor/laravel/framework/src/Illuminate/View/Middleware/ShareErrorsFromSession.php(49): Illuminate\\Pipeline\\Pipeline->Illuminate\\Pipeline\\{closure}()
#37 /var/www/html/Thames/thamescc-backend/vendor/laravel/framework/src/Illuminate/Pipeline/Pipeline.php(209): Illuminate\\View\\Middleware\\ShareErrorsFromSession->handle()
#38 /var/www/html/Thames/thamescc-backend/vendor/laravel/framework/src/Illuminate/Session/Middleware/StartSession.php(121): Illuminate\\Pipeline\\Pipeline->Illuminate\\Pipeline\\{closure}()
#39 /var/www/html/Thames/thamescc-backend/vendor/laravel/framework/src/Illuminate/Session/Middleware/StartSession.php(64): Illuminate\\Session\\Middleware\\StartSession->handleStatefulRequest()
#40 /var/www/html/Thames/thamescc-backend/vendor/laravel/framework/src/Illuminate/Pipeline/Pipeline.php(209): Illuminate\\Session\\Middleware\\StartSession->handle()
#41 /var/www/html/Thames/thamescc-backend/vendor/laravel/framework/src/Illuminate/Cookie/Middleware/AddQueuedCookiesToResponse.php(37): Illuminate\\Pipeline\\Pipeline->Illuminate\\Pipeline\\{closure}()
#42 /var/www/html/Thames/thamescc-backend/vendor/laravel/framework/src/Illuminate/Pipeline/Pipeline.php(209): Illuminate\\Cookie\\Middleware\\AddQueuedCookiesToResponse->handle()
#43 /var/www/html/Thames/thamescc-backend/vendor/laravel/framework/src/Illuminate/Cookie/Middleware/EncryptCookies.php(75): Illuminate\\Pipeline\\Pipeline->Illuminate\\Pipeline\\{closure}()
#44 /var/www/html/Thames/thamescc-backend/vendor/laravel/framework/src/Illuminate/Pipeline/Pipeline.php(209): Illuminate\\Cookie\\Middleware\\EncryptCookies->handle()
#45 /var/www/html/Thames/thamescc-backend/vendor/laravel/framework/src/Illuminate/Pipeline/Pipeline.php(127): Illuminate\\Pipeline\\Pipeline->Illuminate\\Pipeline\\{closure}()
#46 /var/www/html/Thames/thamescc-backend/vendor/laravel/framework/src/Illuminate/Routing/Router.php(807): Illuminate\\Pipeline\\Pipeline->then()
#47 /var/www/html/Thames/thamescc-backend/vendor/laravel/framework/src/Illuminate/Routing/Router.php(786): Illuminate\\Routing\\Router->runRouteWithinStack()
#48 /var/www/html/Thames/thamescc-backend/vendor/laravel/framework/src/Illuminate/Routing/Router.php(750): Illuminate\\Routing\\Router->runRoute()
#49 /var/www/html/Thames/thamescc-backend/vendor/laravel/framework/src/Illuminate/Routing/Router.php(739): Illuminate\\Routing\\Router->dispatchToRoute()
#50 /var/www/html/Thames/thamescc-backend/vendor/laravel/framework/src/Illuminate/Foundation/Http/Kernel.php(201): Illuminate\\Routing\\Router->dispatch()
#51 /var/www/html/Thames/thamescc-backend/vendor/laravel/framework/src/Illuminate/Pipeline/Pipeline.php(170): Illuminate\\Foundation\\Http\\Kernel->Illuminate\\Foundation\\Http\\{closure}()
#52 /var/www/html/Thames/thamescc-backend/vendor/barryvdh/laravel-debugbar/src/Middleware/InjectDebugbar.php(66): Illuminate\\Pipeline\\Pipeline->Illuminate\\Pipeline\\{closure}()
#53 /var/www/html/Thames/thamescc-backend/vendor/laravel/framework/src/Illuminate/Pipeline/Pipeline.php(209): Barryvdh\\Debugbar\\Middleware\\InjectDebugbar->handle()
#54 /var/www/html/Thames/thamescc-backend/packages/Webkul/Installer/src/Http/Middleware/CanInstall.php(30): Illuminate\\Pipeline\\Pipeline->Illuminate\\Pipeline\\{closure}()
#55 /var/www/html/Thames/thamescc-backend/vendor/laravel/framework/src/Illuminate/Pipeline/Pipeline.php(209): Webkul\\Installer\\Http\\Middleware\\CanInstall->handle()
#56 /var/www/html/Thames/thamescc-backend/packages/Webkul/Core/src/Http/Middleware/SecureHeaders.php(29): Illuminate\\Pipeline\\Pipeline->Illuminate\\Pipeline\\{closure}()
#57 /var/www/html/Thames/thamescc-backend/vendor/laravel/framework/src/Illuminate/Pipeline/Pipeline.php(209): Webkul\\Core\\Http\\Middleware\\SecureHeaders->handle()
#58 /var/www/html/Thames/thamescc-backend/vendor/laravel/framework/src/Illuminate/Foundation/Http/Middleware/TransformsRequest.php(21): Illuminate\\Pipeline\\Pipeline->Illuminate\\Pipeline\\{closure}()
#59 /var/www/html/Thames/thamescc-backend/vendor/laravel/framework/src/Illuminate/Foundation/Http/Middleware/TrimStrings.php(51): Illuminate\\Foundation\\Http\\Middleware\\TransformsRequest->handle()
#60 /var/www/html/Thames/thamescc-backend/vendor/laravel/framework/src/Illuminate/Pipeline/Pipeline.php(209): Illuminate\\Foundation\\Http\\Middleware\\TrimStrings->handle()
#61 /var/www/html/Thames/thamescc-backend/vendor/laravel/framework/src/Illuminate/Http/Middleware/ValidatePostSize.php(27): Illuminate\\Pipeline\\Pipeline->Illuminate\\Pipeline\\{closure}()
#62 /var/www/html/Thames/thamescc-backend/vendor/laravel/framework/src/Illuminate/Pipeline/Pipeline.php(209): Illuminate\\Http\\Middleware\\ValidatePostSize->handle()
#63 /var/www/html/Thames/thamescc-backend/vendor/laravel/framework/src/Illuminate/Http/Middleware/HandleCors.php(62): Illuminate\\Pipeline\\Pipeline->Illuminate\\Pipeline\\{closure}()
#64 /var/www/html/Thames/thamescc-backend/vendor/laravel/framework/src/Illuminate/Pipeline/Pipeline.php(209): Illuminate\\Http\\Middleware\\HandleCors->handle()
#65 /var/www/html/Thames/thamescc-backend/vendor/laravel/framework/src/Illuminate/Http/Middleware/TrustProxies.php(58): Illuminate\\Pipeline\\Pipeline->Illuminate\\Pipeline\\{closure}()
#66 /var/www/html/Thames/thamescc-backend/vendor/laravel/framework/src/Illuminate/Pipeline/Pipeline.php(209): Illuminate\\Http\\Middleware\\TrustProxies->handle()
#67 /var/www/html/Thames/thamescc-backend/vendor/laravel/framework/src/Illuminate/Foundation/Http/Middleware/InvokeDeferredCallbacks.php(22): Illuminate\\Pipeline\\Pipeline->Illuminate\\Pipeline\\{closure}()
#68 /var/www/html/Thames/thamescc-backend/vendor/laravel/framework/src/Illuminate/Pipeline/Pipeline.php(209): Illuminate\\Foundation\\Http\\Middleware\\InvokeDeferredCallbacks->handle()
#69 /var/www/html/Thames/thamescc-backend/vendor/laravel/framework/src/Illuminate/Pipeline/Pipeline.php(127): Illuminate\\Pipeline\\Pipeline->Illuminate\\Pipeline\\{closure}()
#70 /var/www/html/Thames/thamescc-backend/vendor/laravel/framework/src/Illuminate/Foundation/Http/Kernel.php(176): Illuminate\\Pipeline\\Pipeline->then()
#71 /var/www/html/Thames/thamescc-backend/vendor/laravel/framework/src/Illuminate/Foundation/Http/Kernel.php(145): Illuminate\\Foundation\\Http\\Kernel->sendRequestThroughRouter()
#72 /var/www/html/Thames/thamescc-backend/public/index.php(51): Illuminate\\Foundation\\Http\\Kernel->handle()
#73 /var/www/html/Thames/thamescc-backend/vendor/laravel/framework/src/Illuminate/Foundation/resources/server.php(23): require_once('...')
#74 {main}
"} 
[2025-06-19 12:25:11] local.ERROR: SQLSTATE[42000]: Syntax error or access violation: 1066 Not unique table/alias: 'prom_id_product_attribute_values' (Connection: mysql, SQL: select count(*) as aggregate from (select distinct `products`.* from `products` left join `products` as `variants` on COALESCE(variants.parent_id, variants.id) = `products`.`id` left join `product_price_indices` on `products`.`id` = `product_price_indices`.`product_id` and `product_price_indices`.`customer_group_id` = 1 left join `product_channels` on `products`.`id` = `product_channels`.`product_id` left join `product_attribute_values` as `status_product_attribute_values` on `products`.`id` = `status_product_attribute_values`.`product_id` left join `product_attribute_values` as `url_key_product_attribute_values` on `products`.`id` = `url_key_product_attribute_values`.`product_id` left join `product_attribute_values` as `visible_individually_product_attribute_values` on `products`.`id` = `visible_individually_product_attribute_values`.`product_id` left join `product_attribute_values` as `pmp_or_not_product_attribute_values` on `products`.`id` = `pmp_or_not_product_attribute_values`.`product_id` and `pmp_or_not_product_attribute_values`.`attribute_id` = 49 left join `product_attribute_values` as `prom_id_product_attribute_values` on `products`.`id` = `prom_id_product_attribute_values`.`product_id` and `prom_id_product_attribute_values`.`attribute_id` = 41 left join `product_attribute_values` as `pmp_or_not_variant_attribute_values` on `variants`.`id` = `pmp_or_not_variant_attribute_values`.`product_id` and `pmp_or_not_variant_attribute_values`.`attribute_id` = 49 left join `product_attribute_values` as `prom_id_variant_attribute_values` on `variants`.`id` = `prom_id_variant_attribute_values`.`product_id` and `prom_id_variant_attribute_values`.`attribute_id` = 41 left join `product_attribute_values` as `prom_id_product_attribute_values` on `products`.`id` = `prom_id_product_attribute_values`.`product_id` and `prom_id_product_attribute_values`.`attribute_id` = 41 where `product_channels`.`channel_id` = 1 and `status_product_attribute_values`.`attribute_id` = 8 and `status_product_attribute_values`.`boolean_value` = 1 and `url_key_product_attribute_values`.`attribute_id` = 3 and `url_key_product_attribute_values`.`text_value` is not null and `visible_individually_product_attribute_values`.`attribute_id` = 7 and `visible_individually_product_attribute_values`.`boolean_value` = 1 and ((`pmp_or_not_product_attribute_values`.`text_value` in () and `prom_id_product_attribute_values`.`text_value` in (, Promotion)) or (`pmp_or_not_variant_attribute_values`.`text_value` in () and `prom_id_variant_attribute_values`.`text_value` in (, Promotion))) and `prom_id_product_attribute_values`.`text_value` in (, Promotion) group by `products`.`id`, `products`.`id`) as `aggregate_table`) {"exception":"[object] (Illuminate\\Database\\QueryException(code: 42000): SQLSTATE[42000]: Syntax error or access violation: 1066 Not unique table/alias: 'prom_id_product_attribute_values' (Connection: mysql, SQL: select count(*) as aggregate from (select distinct `products`.* from `products` left join `products` as `variants` on COALESCE(variants.parent_id, variants.id) = `products`.`id` left join `product_price_indices` on `products`.`id` = `product_price_indices`.`product_id` and `product_price_indices`.`customer_group_id` = 1 left join `product_channels` on `products`.`id` = `product_channels`.`product_id` left join `product_attribute_values` as `status_product_attribute_values` on `products`.`id` = `status_product_attribute_values`.`product_id` left join `product_attribute_values` as `url_key_product_attribute_values` on `products`.`id` = `url_key_product_attribute_values`.`product_id` left join `product_attribute_values` as `visible_individually_product_attribute_values` on `products`.`id` = `visible_individually_product_attribute_values`.`product_id` left join `product_attribute_values` as `pmp_or_not_product_attribute_values` on `products`.`id` = `pmp_or_not_product_attribute_values`.`product_id` and `pmp_or_not_product_attribute_values`.`attribute_id` = 49 left join `product_attribute_values` as `prom_id_product_attribute_values` on `products`.`id` = `prom_id_product_attribute_values`.`product_id` and `prom_id_product_attribute_values`.`attribute_id` = 41 left join `product_attribute_values` as `pmp_or_not_variant_attribute_values` on `variants`.`id` = `pmp_or_not_variant_attribute_values`.`product_id` and `pmp_or_not_variant_attribute_values`.`attribute_id` = 49 left join `product_attribute_values` as `prom_id_variant_attribute_values` on `variants`.`id` = `prom_id_variant_attribute_values`.`product_id` and `prom_id_variant_attribute_values`.`attribute_id` = 41 left join `product_attribute_values` as `prom_id_product_attribute_values` on `products`.`id` = `prom_id_product_attribute_values`.`product_id` and `prom_id_product_attribute_values`.`attribute_id` = 41 where `product_channels`.`channel_id` = 1 and `status_product_attribute_values`.`attribute_id` = 8 and `status_product_attribute_values`.`boolean_value` = 1 and `url_key_product_attribute_values`.`attribute_id` = 3 and `url_key_product_attribute_values`.`text_value` is not null and `visible_individually_product_attribute_values`.`attribute_id` = 7 and `visible_individually_product_attribute_values`.`boolean_value` = 1 and ((`pmp_or_not_product_attribute_values`.`text_value` in () and `prom_id_product_attribute_values`.`text_value` in (, Promotion)) or (`pmp_or_not_variant_attribute_values`.`text_value` in () and `prom_id_variant_attribute_values`.`text_value` in (, Promotion))) and `prom_id_product_attribute_values`.`text_value` in (, Promotion) group by `products`.`id`, `products`.`id`) as `aggregate_table`) at /var/www/html/Thames/thamescc-backend/vendor/laravel/framework/src/Illuminate/Database/Connection.php:825)
[stacktrace]
#0 /var/www/html/Thames/thamescc-backend/vendor/laravel/framework/src/Illuminate/Database/Connection.php(779): Illuminate\\Database\\Connection->runQueryCallback()
#1 /var/www/html/Thames/thamescc-backend/vendor/laravel/framework/src/Illuminate/Database/Connection.php(398): Illuminate\\Database\\Connection->run()
#2 /var/www/html/Thames/thamescc-backend/vendor/laravel/framework/src/Illuminate/Database/Query/Builder.php(3106): Illuminate\\Database\\Connection->select()
#3 /var/www/html/Thames/thamescc-backend/vendor/laravel/framework/src/Illuminate/Database/Query/Builder.php(3091): Illuminate\\Database\\Query\\Builder->runSelect()
#4 /var/www/html/Thames/thamescc-backend/vendor/laravel/framework/src/Illuminate/Database/Query/Builder.php(3676): Illuminate\\Database\\Query\\Builder->Illuminate\\Database\\Query\\{closure}()
#5 /var/www/html/Thames/thamescc-backend/vendor/laravel/framework/src/Illuminate/Database/Query/Builder.php(3090): Illuminate\\Database\\Query\\Builder->onceWithColumns()
#6 /var/www/html/Thames/thamescc-backend/vendor/laravel/framework/src/Illuminate/Database/Query/Builder.php(3277): Illuminate\\Database\\Query\\Builder->get()
#7 /var/www/html/Thames/thamescc-backend/vendor/laravel/framework/src/Illuminate/Database/Query/Builder.php(3244): Illuminate\\Database\\Query\\Builder->runPaginationCountQuery()
#8 /var/www/html/Thames/thamescc-backend/vendor/laravel/framework/src/Illuminate/Database/Eloquent/Builder.php(1029): Illuminate\\Database\\Query\\Builder->getCountForPagination()
#9 /var/www/html/Thames/thamescc-backend/vendor/prettus/l5-repository/src/Prettus/Repository/Eloquent/BaseRepository.php(487): Illuminate\\Database\\Eloquent\\Builder->paginate()
#10 /var/www/html/Thames/thamescc-backend/vendor/prettus/l5-repository/src/Prettus/Repository/Traits/CacheableRepository.php(238): Prettus\\Repository\\Eloquent\\BaseRepository->paginate()
#11 /var/www/html/Thames/thamescc-backend/packages/Webkul/Product/src/Repositories/ProductRepository.php(454): Webkul\\Core\\Eloquent\\Repository->paginate()
#12 /var/www/html/Thames/thamescc-backend/packages/Webkul/Product/src/Repositories/ProductRepository.php(213): Webkul\\Product\\Repositories\\ProductRepository->searchFromDatabase()
#13 /var/www/html/Thames/thamescc-backend/packages/Webkul/Shop/src/Http/Controllers/API/ProductController.php(34): Webkul\\Product\\Repositories\\ProductRepository->getAll()
#14 /var/www/html/Thames/thamescc-backend/vendor/laravel/framework/src/Illuminate/Routing/Controller.php(54): Webkul\\Shop\\Http\\Controllers\\API\\ProductController->index()
#15 /var/www/html/Thames/thamescc-backend/vendor/laravel/framework/src/Illuminate/Routing/ControllerDispatcher.php(44): Illuminate\\Routing\\Controller->callAction()
#16 /var/www/html/Thames/thamescc-backend/vendor/laravel/framework/src/Illuminate/Routing/Route.php(266): Illuminate\\Routing\\ControllerDispatcher->dispatch()
#17 /var/www/html/Thames/thamescc-backend/vendor/laravel/framework/src/Illuminate/Routing/Route.php(212): Illuminate\\Routing\\Route->runController()
#18 /var/www/html/Thames/thamescc-backend/vendor/laravel/framework/src/Illuminate/Routing/Router.php(808): Illuminate\\Routing\\Route->run()
#19 /var/www/html/Thames/thamescc-backend/vendor/laravel/framework/src/Illuminate/Pipeline/Pipeline.php(170): Illuminate\\Routing\\Router->Illuminate\\Routing\\{closure}()
#20 /var/www/html/Thames/thamescc-backend/packages/Webkul/Core/src/Http/Middleware/PreventRequestsDuringMaintenance.php(119): Illuminate\\Pipeline\\Pipeline->Illuminate\\Pipeline\\{closure}()
#21 /var/www/html/Thames/thamescc-backend/vendor/laravel/framework/src/Illuminate/Pipeline/Pipeline.php(209): Webkul\\Core\\Http\\Middleware\\PreventRequestsDuringMaintenance->handle()
#22 /var/www/html/Thames/thamescc-backend/packages/Webkul/Shop/src/Http/Middleware/Currency.php(40): Illuminate\\Pipeline\\Pipeline->Illuminate\\Pipeline\\{closure}()
#23 /var/www/html/Thames/thamescc-backend/vendor/laravel/framework/src/Illuminate/Pipeline/Pipeline.php(209): Webkul\\Shop\\Http\\Middleware\\Currency->handle()
#24 /var/www/html/Thames/thamescc-backend/packages/Webkul/Shop/src/Http/Middleware/Locale.php(40): Illuminate\\Pipeline\\Pipeline->Illuminate\\Pipeline\\{closure}()
#25 /var/www/html/Thames/thamescc-backend/vendor/laravel/framework/src/Illuminate/Pipeline/Pipeline.php(209): Webkul\\Shop\\Http\\Middleware\\Locale->handle()
#26 /var/www/html/Thames/thamescc-backend/packages/Webkul/Shop/src/Http/Middleware/Theme.php(32): Illuminate\\Pipeline\\Pipeline->Illuminate\\Pipeline\\{closure}()
#27 /var/www/html/Thames/thamescc-backend/vendor/laravel/framework/src/Illuminate/Pipeline/Pipeline.php(209): Webkul\\Shop\\Http\\Middleware\\Theme->handle()
#28 /var/www/html/Thames/thamescc-backend/vendor/barryvdh/laravel-debugbar/src/Middleware/InjectDebugbar.php(66): Illuminate\\Pipeline\\Pipeline->Illuminate\\Pipeline\\{closure}()
#29 /var/www/html/Thames/thamescc-backend/vendor/laravel/framework/src/Illuminate/Pipeline/Pipeline.php(209): Barryvdh\\Debugbar\\Middleware\\InjectDebugbar->handle()
#30 /var/www/html/Thames/thamescc-backend/vendor/laravel/framework/src/Illuminate/Routing/Middleware/SubstituteBindings.php(51): Illuminate\\Pipeline\\Pipeline->Illuminate\\Pipeline\\{closure}()
#31 /var/www/html/Thames/thamescc-backend/vendor/laravel/framework/src/Illuminate/Pipeline/Pipeline.php(209): Illuminate\\Routing\\Middleware\\SubstituteBindings->handle()
#32 /var/www/html/Thames/thamescc-backend/vendor/laravel/framework/src/Illuminate/Foundation/Http/Middleware/VerifyCsrfToken.php(88): Illuminate\\Pipeline\\Pipeline->Illuminate\\Pipeline\\{closure}()
#33 /var/www/html/Thames/thamescc-backend/vendor/laravel/framework/src/Illuminate/Pipeline/Pipeline.php(209): Illuminate\\Foundation\\Http\\Middleware\\VerifyCsrfToken->handle()
#34 /var/www/html/Thames/thamescc-backend/vendor/laravel/framework/src/Illuminate/View/Middleware/ShareErrorsFromSession.php(49): Illuminate\\Pipeline\\Pipeline->Illuminate\\Pipeline\\{closure}()
#35 /var/www/html/Thames/thamescc-backend/vendor/laravel/framework/src/Illuminate/Pipeline/Pipeline.php(209): Illuminate\\View\\Middleware\\ShareErrorsFromSession->handle()
#36 /var/www/html/Thames/thamescc-backend/vendor/laravel/framework/src/Illuminate/Session/Middleware/StartSession.php(121): Illuminate\\Pipeline\\Pipeline->Illuminate\\Pipeline\\{closure}()
#37 /var/www/html/Thames/thamescc-backend/vendor/laravel/framework/src/Illuminate/Session/Middleware/StartSession.php(64): Illuminate\\Session\\Middleware\\StartSession->handleStatefulRequest()
#38 /var/www/html/Thames/thamescc-backend/vendor/laravel/framework/src/Illuminate/Pipeline/Pipeline.php(209): Illuminate\\Session\\Middleware\\StartSession->handle()
#39 /var/www/html/Thames/thamescc-backend/vendor/laravel/framework/src/Illuminate/Cookie/Middleware/AddQueuedCookiesToResponse.php(37): Illuminate\\Pipeline\\Pipeline->Illuminate\\Pipeline\\{closure}()
#40 /var/www/html/Thames/thamescc-backend/vendor/laravel/framework/src/Illuminate/Pipeline/Pipeline.php(209): Illuminate\\Cookie\\Middleware\\AddQueuedCookiesToResponse->handle()
#41 /var/www/html/Thames/thamescc-backend/vendor/laravel/framework/src/Illuminate/Cookie/Middleware/EncryptCookies.php(75): Illuminate\\Pipeline\\Pipeline->Illuminate\\Pipeline\\{closure}()
#42 /var/www/html/Thames/thamescc-backend/vendor/laravel/framework/src/Illuminate/Pipeline/Pipeline.php(209): Illuminate\\Cookie\\Middleware\\EncryptCookies->handle()
#43 /var/www/html/Thames/thamescc-backend/vendor/laravel/framework/src/Illuminate/Pipeline/Pipeline.php(127): Illuminate\\Pipeline\\Pipeline->Illuminate\\Pipeline\\{closure}()
#44 /var/www/html/Thames/thamescc-backend/vendor/laravel/framework/src/Illuminate/Routing/Router.php(807): Illuminate\\Pipeline\\Pipeline->then()
#45 /var/www/html/Thames/thamescc-backend/vendor/laravel/framework/src/Illuminate/Routing/Router.php(786): Illuminate\\Routing\\Router->runRouteWithinStack()
#46 /var/www/html/Thames/thamescc-backend/vendor/laravel/framework/src/Illuminate/Routing/Router.php(750): Illuminate\\Routing\\Router->runRoute()
#47 /var/www/html/Thames/thamescc-backend/vendor/laravel/framework/src/Illuminate/Routing/Router.php(739): Illuminate\\Routing\\Router->dispatchToRoute()
#48 /var/www/html/Thames/thamescc-backend/vendor/laravel/framework/src/Illuminate/Foundation/Http/Kernel.php(201): Illuminate\\Routing\\Router->dispatch()
#49 /var/www/html/Thames/thamescc-backend/vendor/laravel/framework/src/Illuminate/Pipeline/Pipeline.php(170): Illuminate\\Foundation\\Http\\Kernel->Illuminate\\Foundation\\Http\\{closure}()
#50 /var/www/html/Thames/thamescc-backend/vendor/barryvdh/laravel-debugbar/src/Middleware/InjectDebugbar.php(66): Illuminate\\Pipeline\\Pipeline->Illuminate\\Pipeline\\{closure}()
#51 /var/www/html/Thames/thamescc-backend/vendor/laravel/framework/src/Illuminate/Pipeline/Pipeline.php(209): Barryvdh\\Debugbar\\Middleware\\InjectDebugbar->handle()
#52 /var/www/html/Thames/thamescc-backend/packages/Webkul/Installer/src/Http/Middleware/CanInstall.php(30): Illuminate\\Pipeline\\Pipeline->Illuminate\\Pipeline\\{closure}()
#53 /var/www/html/Thames/thamescc-backend/vendor/laravel/framework/src/Illuminate/Pipeline/Pipeline.php(209): Webkul\\Installer\\Http\\Middleware\\CanInstall->handle()
#54 /var/www/html/Thames/thamescc-backend/packages/Webkul/Core/src/Http/Middleware/SecureHeaders.php(29): Illuminate\\Pipeline\\Pipeline->Illuminate\\Pipeline\\{closure}()
#55 /var/www/html/Thames/thamescc-backend/vendor/laravel/framework/src/Illuminate/Pipeline/Pipeline.php(209): Webkul\\Core\\Http\\Middleware\\SecureHeaders->handle()
#56 /var/www/html/Thames/thamescc-backend/vendor/laravel/framework/src/Illuminate/Foundation/Http/Middleware/TransformsRequest.php(21): Illuminate\\Pipeline\\Pipeline->Illuminate\\Pipeline\\{closure}()
#57 /var/www/html/Thames/thamescc-backend/vendor/laravel/framework/src/Illuminate/Foundation/Http/Middleware/TrimStrings.php(51): Illuminate\\Foundation\\Http\\Middleware\\TransformsRequest->handle()
#58 /var/www/html/Thames/thamescc-backend/vendor/laravel/framework/src/Illuminate/Pipeline/Pipeline.php(209): Illuminate\\Foundation\\Http\\Middleware\\TrimStrings->handle()
#59 /var/www/html/Thames/thamescc-backend/vendor/laravel/framework/src/Illuminate/Http/Middleware/ValidatePostSize.php(27): Illuminate\\Pipeline\\Pipeline->Illuminate\\Pipeline\\{closure}()
#60 /var/www/html/Thames/thamescc-backend/vendor/laravel/framework/src/Illuminate/Pipeline/Pipeline.php(209): Illuminate\\Http\\Middleware\\ValidatePostSize->handle()
#61 /var/www/html/Thames/thamescc-backend/vendor/laravel/framework/src/Illuminate/Http/Middleware/HandleCors.php(62): Illuminate\\Pipeline\\Pipeline->Illuminate\\Pipeline\\{closure}()
#62 /var/www/html/Thames/thamescc-backend/vendor/laravel/framework/src/Illuminate/Pipeline/Pipeline.php(209): Illuminate\\Http\\Middleware\\HandleCors->handle()
#63 /var/www/html/Thames/thamescc-backend/vendor/laravel/framework/src/Illuminate/Http/Middleware/TrustProxies.php(58): Illuminate\\Pipeline\\Pipeline->Illuminate\\Pipeline\\{closure}()
#64 /var/www/html/Thames/thamescc-backend/vendor/laravel/framework/src/Illuminate/Pipeline/Pipeline.php(209): Illuminate\\Http\\Middleware\\TrustProxies->handle()
#65 /var/www/html/Thames/thamescc-backend/vendor/laravel/framework/src/Illuminate/Foundation/Http/Middleware/InvokeDeferredCallbacks.php(22): Illuminate\\Pipeline\\Pipeline->Illuminate\\Pipeline\\{closure}()
#66 /var/www/html/Thames/thamescc-backend/vendor/laravel/framework/src/Illuminate/Pipeline/Pipeline.php(209): Illuminate\\Foundation\\Http\\Middleware\\InvokeDeferredCallbacks->handle()
#67 /var/www/html/Thames/thamescc-backend/vendor/laravel/framework/src/Illuminate/Pipeline/Pipeline.php(127): Illuminate\\Pipeline\\Pipeline->Illuminate\\Pipeline\\{closure}()
#68 /var/www/html/Thames/thamescc-backend/vendor/laravel/framework/src/Illuminate/Foundation/Http/Kernel.php(176): Illuminate\\Pipeline\\Pipeline->then()
#69 /var/www/html/Thames/thamescc-backend/vendor/laravel/framework/src/Illuminate/Foundation/Http/Kernel.php(145): Illuminate\\Foundation\\Http\\Kernel->sendRequestThroughRouter()
#70 /var/www/html/Thames/thamescc-backend/public/index.php(51): Illuminate\\Foundation\\Http\\Kernel->handle()
#71 /var/www/html/Thames/thamescc-backend/vendor/laravel/framework/src/Illuminate/Foundation/resources/server.php(23): require_once('...')
#72 {main}

[previous exception] [object] (PDOException(code: 42000): SQLSTATE[42000]: Syntax error or access violation: 1066 Not unique table/alias: 'prom_id_product_attribute_values' at /var/www/html/Thames/thamescc-backend/vendor/laravel/framework/src/Illuminate/Database/Connection.php:407)
[stacktrace]
#0 /var/www/html/Thames/thamescc-backend/vendor/laravel/framework/src/Illuminate/Database/Connection.php(407): PDO->prepare()
#1 /var/www/html/Thames/thamescc-backend/vendor/laravel/framework/src/Illuminate/Database/Connection.php(812): Illuminate\\Database\\Connection->Illuminate\\Database\\{closure}()
#2 /var/www/html/Thames/thamescc-backend/vendor/laravel/framework/src/Illuminate/Database/Connection.php(779): Illuminate\\Database\\Connection->runQueryCallback()
#3 /var/www/html/Thames/thamescc-backend/vendor/laravel/framework/src/Illuminate/Database/Connection.php(398): Illuminate\\Database\\Connection->run()
#4 /var/www/html/Thames/thamescc-backend/vendor/laravel/framework/src/Illuminate/Database/Query/Builder.php(3106): Illuminate\\Database\\Connection->select()
#5 /var/www/html/Thames/thamescc-backend/vendor/laravel/framework/src/Illuminate/Database/Query/Builder.php(3091): Illuminate\\Database\\Query\\Builder->runSelect()
#6 /var/www/html/Thames/thamescc-backend/vendor/laravel/framework/src/Illuminate/Database/Query/Builder.php(3676): Illuminate\\Database\\Query\\Builder->Illuminate\\Database\\Query\\{closure}()
#7 /var/www/html/Thames/thamescc-backend/vendor/laravel/framework/src/Illuminate/Database/Query/Builder.php(3090): Illuminate\\Database\\Query\\Builder->onceWithColumns()
#8 /var/www/html/Thames/thamescc-backend/vendor/laravel/framework/src/Illuminate/Database/Query/Builder.php(3277): Illuminate\\Database\\Query\\Builder->get()
#9 /var/www/html/Thames/thamescc-backend/vendor/laravel/framework/src/Illuminate/Database/Query/Builder.php(3244): Illuminate\\Database\\Query\\Builder->runPaginationCountQuery()
#10 /var/www/html/Thames/thamescc-backend/vendor/laravel/framework/src/Illuminate/Database/Eloquent/Builder.php(1029): Illuminate\\Database\\Query\\Builder->getCountForPagination()
#11 /var/www/html/Thames/thamescc-backend/vendor/prettus/l5-repository/src/Prettus/Repository/Eloquent/BaseRepository.php(487): Illuminate\\Database\\Eloquent\\Builder->paginate()
#12 /var/www/html/Thames/thamescc-backend/vendor/prettus/l5-repository/src/Prettus/Repository/Traits/CacheableRepository.php(238): Prettus\\Repository\\Eloquent\\BaseRepository->paginate()
#13 /var/www/html/Thames/thamescc-backend/packages/Webkul/Product/src/Repositories/ProductRepository.php(454): Webkul\\Core\\Eloquent\\Repository->paginate()
#14 /var/www/html/Thames/thamescc-backend/packages/Webkul/Product/src/Repositories/ProductRepository.php(213): Webkul\\Product\\Repositories\\ProductRepository->searchFromDatabase()
#15 /var/www/html/Thames/thamescc-backend/packages/Webkul/Shop/src/Http/Controllers/API/ProductController.php(34): Webkul\\Product\\Repositories\\ProductRepository->getAll()
#16 /var/www/html/Thames/thamescc-backend/vendor/laravel/framework/src/Illuminate/Routing/Controller.php(54): Webkul\\Shop\\Http\\Controllers\\API\\ProductController->index()
#17 /var/www/html/Thames/thamescc-backend/vendor/laravel/framework/src/Illuminate/Routing/ControllerDispatcher.php(44): Illuminate\\Routing\\Controller->callAction()
#18 /var/www/html/Thames/thamescc-backend/vendor/laravel/framework/src/Illuminate/Routing/Route.php(266): Illuminate\\Routing\\ControllerDispatcher->dispatch()
#19 /var/www/html/Thames/thamescc-backend/vendor/laravel/framework/src/Illuminate/Routing/Route.php(212): Illuminate\\Routing\\Route->runController()
#20 /var/www/html/Thames/thamescc-backend/vendor/laravel/framework/src/Illuminate/Routing/Router.php(808): Illuminate\\Routing\\Route->run()
#21 /var/www/html/Thames/thamescc-backend/vendor/laravel/framework/src/Illuminate/Pipeline/Pipeline.php(170): Illuminate\\Routing\\Router->Illuminate\\Routing\\{closure}()
#22 /var/www/html/Thames/thamescc-backend/packages/Webkul/Core/src/Http/Middleware/PreventRequestsDuringMaintenance.php(119): Illuminate\\Pipeline\\Pipeline->Illuminate\\Pipeline\\{closure}()
#23 /var/www/html/Thames/thamescc-backend/vendor/laravel/framework/src/Illuminate/Pipeline/Pipeline.php(209): Webkul\\Core\\Http\\Middleware\\PreventRequestsDuringMaintenance->handle()
#24 /var/www/html/Thames/thamescc-backend/packages/Webkul/Shop/src/Http/Middleware/Currency.php(40): Illuminate\\Pipeline\\Pipeline->Illuminate\\Pipeline\\{closure}()
#25 /var/www/html/Thames/thamescc-backend/vendor/laravel/framework/src/Illuminate/Pipeline/Pipeline.php(209): Webkul\\Shop\\Http\\Middleware\\Currency->handle()
#26 /var/www/html/Thames/thamescc-backend/packages/Webkul/Shop/src/Http/Middleware/Locale.php(40): Illuminate\\Pipeline\\Pipeline->Illuminate\\Pipeline\\{closure}()
#27 /var/www/html/Thames/thamescc-backend/vendor/laravel/framework/src/Illuminate/Pipeline/Pipeline.php(209): Webkul\\Shop\\Http\\Middleware\\Locale->handle()
#28 /var/www/html/Thames/thamescc-backend/packages/Webkul/Shop/src/Http/Middleware/Theme.php(32): Illuminate\\Pipeline\\Pipeline->Illuminate\\Pipeline\\{closure}()
#29 /var/www/html/Thames/thamescc-backend/vendor/laravel/framework/src/Illuminate/Pipeline/Pipeline.php(209): Webkul\\Shop\\Http\\Middleware\\Theme->handle()
#30 /var/www/html/Thames/thamescc-backend/vendor/barryvdh/laravel-debugbar/src/Middleware/InjectDebugbar.php(66): Illuminate\\Pipeline\\Pipeline->Illuminate\\Pipeline\\{closure}()
#31 /var/www/html/Thames/thamescc-backend/vendor/laravel/framework/src/Illuminate/Pipeline/Pipeline.php(209): Barryvdh\\Debugbar\\Middleware\\InjectDebugbar->handle()
#32 /var/www/html/Thames/thamescc-backend/vendor/laravel/framework/src/Illuminate/Routing/Middleware/SubstituteBindings.php(51): Illuminate\\Pipeline\\Pipeline->Illuminate\\Pipeline\\{closure}()
#33 /var/www/html/Thames/thamescc-backend/vendor/laravel/framework/src/Illuminate/Pipeline/Pipeline.php(209): Illuminate\\Routing\\Middleware\\SubstituteBindings->handle()
#34 /var/www/html/Thames/thamescc-backend/vendor/laravel/framework/src/Illuminate/Foundation/Http/Middleware/VerifyCsrfToken.php(88): Illuminate\\Pipeline\\Pipeline->Illuminate\\Pipeline\\{closure}()
#35 /var/www/html/Thames/thamescc-backend/vendor/laravel/framework/src/Illuminate/Pipeline/Pipeline.php(209): Illuminate\\Foundation\\Http\\Middleware\\VerifyCsrfToken->handle()
#36 /var/www/html/Thames/thamescc-backend/vendor/laravel/framework/src/Illuminate/View/Middleware/ShareErrorsFromSession.php(49): Illuminate\\Pipeline\\Pipeline->Illuminate\\Pipeline\\{closure}()
#37 /var/www/html/Thames/thamescc-backend/vendor/laravel/framework/src/Illuminate/Pipeline/Pipeline.php(209): Illuminate\\View\\Middleware\\ShareErrorsFromSession->handle()
#38 /var/www/html/Thames/thamescc-backend/vendor/laravel/framework/src/Illuminate/Session/Middleware/StartSession.php(121): Illuminate\\Pipeline\\Pipeline->Illuminate\\Pipeline\\{closure}()
#39 /var/www/html/Thames/thamescc-backend/vendor/laravel/framework/src/Illuminate/Session/Middleware/StartSession.php(64): Illuminate\\Session\\Middleware\\StartSession->handleStatefulRequest()
#40 /var/www/html/Thames/thamescc-backend/vendor/laravel/framework/src/Illuminate/Pipeline/Pipeline.php(209): Illuminate\\Session\\Middleware\\StartSession->handle()
#41 /var/www/html/Thames/thamescc-backend/vendor/laravel/framework/src/Illuminate/Cookie/Middleware/AddQueuedCookiesToResponse.php(37): Illuminate\\Pipeline\\Pipeline->Illuminate\\Pipeline\\{closure}()
#42 /var/www/html/Thames/thamescc-backend/vendor/laravel/framework/src/Illuminate/Pipeline/Pipeline.php(209): Illuminate\\Cookie\\Middleware\\AddQueuedCookiesToResponse->handle()
#43 /var/www/html/Thames/thamescc-backend/vendor/laravel/framework/src/Illuminate/Cookie/Middleware/EncryptCookies.php(75): Illuminate\\Pipeline\\Pipeline->Illuminate\\Pipeline\\{closure}()
#44 /var/www/html/Thames/thamescc-backend/vendor/laravel/framework/src/Illuminate/Pipeline/Pipeline.php(209): Illuminate\\Cookie\\Middleware\\EncryptCookies->handle()
#45 /var/www/html/Thames/thamescc-backend/vendor/laravel/framework/src/Illuminate/Pipeline/Pipeline.php(127): Illuminate\\Pipeline\\Pipeline->Illuminate\\Pipeline\\{closure}()
#46 /var/www/html/Thames/thamescc-backend/vendor/laravel/framework/src/Illuminate/Routing/Router.php(807): Illuminate\\Pipeline\\Pipeline->then()
#47 /var/www/html/Thames/thamescc-backend/vendor/laravel/framework/src/Illuminate/Routing/Router.php(786): Illuminate\\Routing\\Router->runRouteWithinStack()
#48 /var/www/html/Thames/thamescc-backend/vendor/laravel/framework/src/Illuminate/Routing/Router.php(750): Illuminate\\Routing\\Router->runRoute()
#49 /var/www/html/Thames/thamescc-backend/vendor/laravel/framework/src/Illuminate/Routing/Router.php(739): Illuminate\\Routing\\Router->dispatchToRoute()
#50 /var/www/html/Thames/thamescc-backend/vendor/laravel/framework/src/Illuminate/Foundation/Http/Kernel.php(201): Illuminate\\Routing\\Router->dispatch()
#51 /var/www/html/Thames/thamescc-backend/vendor/laravel/framework/src/Illuminate/Pipeline/Pipeline.php(170): Illuminate\\Foundation\\Http\\Kernel->Illuminate\\Foundation\\Http\\{closure}()
#52 /var/www/html/Thames/thamescc-backend/vendor/barryvdh/laravel-debugbar/src/Middleware/InjectDebugbar.php(66): Illuminate\\Pipeline\\Pipeline->Illuminate\\Pipeline\\{closure}()
#53 /var/www/html/Thames/thamescc-backend/vendor/laravel/framework/src/Illuminate/Pipeline/Pipeline.php(209): Barryvdh\\Debugbar\\Middleware\\InjectDebugbar->handle()
#54 /var/www/html/Thames/thamescc-backend/packages/Webkul/Installer/src/Http/Middleware/CanInstall.php(30): Illuminate\\Pipeline\\Pipeline->Illuminate\\Pipeline\\{closure}()
#55 /var/www/html/Thames/thamescc-backend/vendor/laravel/framework/src/Illuminate/Pipeline/Pipeline.php(209): Webkul\\Installer\\Http\\Middleware\\CanInstall->handle()
#56 /var/www/html/Thames/thamescc-backend/packages/Webkul/Core/src/Http/Middleware/SecureHeaders.php(29): Illuminate\\Pipeline\\Pipeline->Illuminate\\Pipeline\\{closure}()
#57 /var/www/html/Thames/thamescc-backend/vendor/laravel/framework/src/Illuminate/Pipeline/Pipeline.php(209): Webkul\\Core\\Http\\Middleware\\SecureHeaders->handle()
#58 /var/www/html/Thames/thamescc-backend/vendor/laravel/framework/src/Illuminate/Foundation/Http/Middleware/TransformsRequest.php(21): Illuminate\\Pipeline\\Pipeline->Illuminate\\Pipeline\\{closure}()
#59 /var/www/html/Thames/thamescc-backend/vendor/laravel/framework/src/Illuminate/Foundation/Http/Middleware/TrimStrings.php(51): Illuminate\\Foundation\\Http\\Middleware\\TransformsRequest->handle()
#60 /var/www/html/Thames/thamescc-backend/vendor/laravel/framework/src/Illuminate/Pipeline/Pipeline.php(209): Illuminate\\Foundation\\Http\\Middleware\\TrimStrings->handle()
#61 /var/www/html/Thames/thamescc-backend/vendor/laravel/framework/src/Illuminate/Http/Middleware/ValidatePostSize.php(27): Illuminate\\Pipeline\\Pipeline->Illuminate\\Pipeline\\{closure}()
#62 /var/www/html/Thames/thamescc-backend/vendor/laravel/framework/src/Illuminate/Pipeline/Pipeline.php(209): Illuminate\\Http\\Middleware\\ValidatePostSize->handle()
#63 /var/www/html/Thames/thamescc-backend/vendor/laravel/framework/src/Illuminate/Http/Middleware/HandleCors.php(62): Illuminate\\Pipeline\\Pipeline->Illuminate\\Pipeline\\{closure}()
#64 /var/www/html/Thames/thamescc-backend/vendor/laravel/framework/src/Illuminate/Pipeline/Pipeline.php(209): Illuminate\\Http\\Middleware\\HandleCors->handle()
#65 /var/www/html/Thames/thamescc-backend/vendor/laravel/framework/src/Illuminate/Http/Middleware/TrustProxies.php(58): Illuminate\\Pipeline\\Pipeline->Illuminate\\Pipeline\\{closure}()
#66 /var/www/html/Thames/thamescc-backend/vendor/laravel/framework/src/Illuminate/Pipeline/Pipeline.php(209): Illuminate\\Http\\Middleware\\TrustProxies->handle()
#67 /var/www/html/Thames/thamescc-backend/vendor/laravel/framework/src/Illuminate/Foundation/Http/Middleware/InvokeDeferredCallbacks.php(22): Illuminate\\Pipeline\\Pipeline->Illuminate\\Pipeline\\{closure}()
#68 /var/www/html/Thames/thamescc-backend/vendor/laravel/framework/src/Illuminate/Pipeline/Pipeline.php(209): Illuminate\\Foundation\\Http\\Middleware\\InvokeDeferredCallbacks->handle()
#69 /var/www/html/Thames/thamescc-backend/vendor/laravel/framework/src/Illuminate/Pipeline/Pipeline.php(127): Illuminate\\Pipeline\\Pipeline->Illuminate\\Pipeline\\{closure}()
#70 /var/www/html/Thames/thamescc-backend/vendor/laravel/framework/src/Illuminate/Foundation/Http/Kernel.php(176): Illuminate\\Pipeline\\Pipeline->then()
#71 /var/www/html/Thames/thamescc-backend/vendor/laravel/framework/src/Illuminate/Foundation/Http/Kernel.php(145): Illuminate\\Foundation\\Http\\Kernel->sendRequestThroughRouter()
#72 /var/www/html/Thames/thamescc-backend/public/index.php(51): Illuminate\\Foundation\\Http\\Kernel->handle()
#73 /var/www/html/Thames/thamescc-backend/vendor/laravel/framework/src/Illuminate/Foundation/resources/server.php(23): require_once('...')
#74 {main}
"} 
[2025-06-19 12:25:12] local.ERROR: SQLSTATE[42000]: Syntax error or access violation: 1066 Not unique table/alias: 'prom_id_product_attribute_values' (Connection: mysql, SQL: select count(*) as aggregate from (select distinct `products`.* from `products` left join `products` as `variants` on COALESCE(variants.parent_id, variants.id) = `products`.`id` left join `product_price_indices` on `products`.`id` = `product_price_indices`.`product_id` and `product_price_indices`.`customer_group_id` = 1 left join `product_channels` on `products`.`id` = `product_channels`.`product_id` left join `product_attribute_values` as `status_product_attribute_values` on `products`.`id` = `status_product_attribute_values`.`product_id` left join `product_attribute_values` as `url_key_product_attribute_values` on `products`.`id` = `url_key_product_attribute_values`.`product_id` left join `product_attribute_values` as `visible_individually_product_attribute_values` on `products`.`id` = `visible_individually_product_attribute_values`.`product_id` left join `product_attribute_values` as `pmp_or_not_product_attribute_values` on `products`.`id` = `pmp_or_not_product_attribute_values`.`product_id` and `pmp_or_not_product_attribute_values`.`attribute_id` = 49 left join `product_attribute_values` as `prom_id_product_attribute_values` on `products`.`id` = `prom_id_product_attribute_values`.`product_id` and `prom_id_product_attribute_values`.`attribute_id` = 41 left join `product_attribute_values` as `pmp_or_not_variant_attribute_values` on `variants`.`id` = `pmp_or_not_variant_attribute_values`.`product_id` and `pmp_or_not_variant_attribute_values`.`attribute_id` = 49 left join `product_attribute_values` as `prom_id_variant_attribute_values` on `variants`.`id` = `prom_id_variant_attribute_values`.`product_id` and `prom_id_variant_attribute_values`.`attribute_id` = 41 left join `product_attribute_values` as `prom_id_product_attribute_values` on `products`.`id` = `prom_id_product_attribute_values`.`product_id` and `prom_id_product_attribute_values`.`attribute_id` = 41 where `product_channels`.`channel_id` = 1 and `status_product_attribute_values`.`attribute_id` = 8 and `status_product_attribute_values`.`boolean_value` = 1 and `url_key_product_attribute_values`.`attribute_id` = 3 and `url_key_product_attribute_values`.`text_value` is not null and `visible_individually_product_attribute_values`.`attribute_id` = 7 and `visible_individually_product_attribute_values`.`boolean_value` = 1 and ((`pmp_or_not_product_attribute_values`.`text_value` in () and `prom_id_product_attribute_values`.`text_value` in (, Promotion)) or (`pmp_or_not_variant_attribute_values`.`text_value` in () and `prom_id_variant_attribute_values`.`text_value` in (, Promotion))) and `prom_id_product_attribute_values`.`text_value` in (, Promotion) group by `products`.`id`, `products`.`id`) as `aggregate_table`) {"exception":"[object] (Illuminate\\Database\\QueryException(code: 42000): SQLSTATE[42000]: Syntax error or access violation: 1066 Not unique table/alias: 'prom_id_product_attribute_values' (Connection: mysql, SQL: select count(*) as aggregate from (select distinct `products`.* from `products` left join `products` as `variants` on COALESCE(variants.parent_id, variants.id) = `products`.`id` left join `product_price_indices` on `products`.`id` = `product_price_indices`.`product_id` and `product_price_indices`.`customer_group_id` = 1 left join `product_channels` on `products`.`id` = `product_channels`.`product_id` left join `product_attribute_values` as `status_product_attribute_values` on `products`.`id` = `status_product_attribute_values`.`product_id` left join `product_attribute_values` as `url_key_product_attribute_values` on `products`.`id` = `url_key_product_attribute_values`.`product_id` left join `product_attribute_values` as `visible_individually_product_attribute_values` on `products`.`id` = `visible_individually_product_attribute_values`.`product_id` left join `product_attribute_values` as `pmp_or_not_product_attribute_values` on `products`.`id` = `pmp_or_not_product_attribute_values`.`product_id` and `pmp_or_not_product_attribute_values`.`attribute_id` = 49 left join `product_attribute_values` as `prom_id_product_attribute_values` on `products`.`id` = `prom_id_product_attribute_values`.`product_id` and `prom_id_product_attribute_values`.`attribute_id` = 41 left join `product_attribute_values` as `pmp_or_not_variant_attribute_values` on `variants`.`id` = `pmp_or_not_variant_attribute_values`.`product_id` and `pmp_or_not_variant_attribute_values`.`attribute_id` = 49 left join `product_attribute_values` as `prom_id_variant_attribute_values` on `variants`.`id` = `prom_id_variant_attribute_values`.`product_id` and `prom_id_variant_attribute_values`.`attribute_id` = 41 left join `product_attribute_values` as `prom_id_product_attribute_values` on `products`.`id` = `prom_id_product_attribute_values`.`product_id` and `prom_id_product_attribute_values`.`attribute_id` = 41 where `product_channels`.`channel_id` = 1 and `status_product_attribute_values`.`attribute_id` = 8 and `status_product_attribute_values`.`boolean_value` = 1 and `url_key_product_attribute_values`.`attribute_id` = 3 and `url_key_product_attribute_values`.`text_value` is not null and `visible_individually_product_attribute_values`.`attribute_id` = 7 and `visible_individually_product_attribute_values`.`boolean_value` = 1 and ((`pmp_or_not_product_attribute_values`.`text_value` in () and `prom_id_product_attribute_values`.`text_value` in (, Promotion)) or (`pmp_or_not_variant_attribute_values`.`text_value` in () and `prom_id_variant_attribute_values`.`text_value` in (, Promotion))) and `prom_id_product_attribute_values`.`text_value` in (, Promotion) group by `products`.`id`, `products`.`id`) as `aggregate_table`) at /var/www/html/Thames/thamescc-backend/vendor/laravel/framework/src/Illuminate/Database/Connection.php:825)
[stacktrace]
#0 /var/www/html/Thames/thamescc-backend/vendor/laravel/framework/src/Illuminate/Database/Connection.php(779): Illuminate\\Database\\Connection->runQueryCallback()
#1 /var/www/html/Thames/thamescc-backend/vendor/laravel/framework/src/Illuminate/Database/Connection.php(398): Illuminate\\Database\\Connection->run()
#2 /var/www/html/Thames/thamescc-backend/vendor/laravel/framework/src/Illuminate/Database/Query/Builder.php(3106): Illuminate\\Database\\Connection->select()
#3 /var/www/html/Thames/thamescc-backend/vendor/laravel/framework/src/Illuminate/Database/Query/Builder.php(3091): Illuminate\\Database\\Query\\Builder->runSelect()
#4 /var/www/html/Thames/thamescc-backend/vendor/laravel/framework/src/Illuminate/Database/Query/Builder.php(3676): Illuminate\\Database\\Query\\Builder->Illuminate\\Database\\Query\\{closure}()
#5 /var/www/html/Thames/thamescc-backend/vendor/laravel/framework/src/Illuminate/Database/Query/Builder.php(3090): Illuminate\\Database\\Query\\Builder->onceWithColumns()
#6 /var/www/html/Thames/thamescc-backend/vendor/laravel/framework/src/Illuminate/Database/Query/Builder.php(3277): Illuminate\\Database\\Query\\Builder->get()
#7 /var/www/html/Thames/thamescc-backend/vendor/laravel/framework/src/Illuminate/Database/Query/Builder.php(3244): Illuminate\\Database\\Query\\Builder->runPaginationCountQuery()
#8 /var/www/html/Thames/thamescc-backend/vendor/laravel/framework/src/Illuminate/Database/Eloquent/Builder.php(1029): Illuminate\\Database\\Query\\Builder->getCountForPagination()
#9 /var/www/html/Thames/thamescc-backend/vendor/prettus/l5-repository/src/Prettus/Repository/Eloquent/BaseRepository.php(487): Illuminate\\Database\\Eloquent\\Builder->paginate()
#10 /var/www/html/Thames/thamescc-backend/vendor/prettus/l5-repository/src/Prettus/Repository/Traits/CacheableRepository.php(238): Prettus\\Repository\\Eloquent\\BaseRepository->paginate()
#11 /var/www/html/Thames/thamescc-backend/packages/Webkul/Product/src/Repositories/ProductRepository.php(454): Webkul\\Core\\Eloquent\\Repository->paginate()
#12 /var/www/html/Thames/thamescc-backend/packages/Webkul/Product/src/Repositories/ProductRepository.php(213): Webkul\\Product\\Repositories\\ProductRepository->searchFromDatabase()
#13 /var/www/html/Thames/thamescc-backend/packages/Webkul/Shop/src/Http/Controllers/API/ProductController.php(34): Webkul\\Product\\Repositories\\ProductRepository->getAll()
#14 /var/www/html/Thames/thamescc-backend/vendor/laravel/framework/src/Illuminate/Routing/Controller.php(54): Webkul\\Shop\\Http\\Controllers\\API\\ProductController->index()
#15 /var/www/html/Thames/thamescc-backend/vendor/laravel/framework/src/Illuminate/Routing/ControllerDispatcher.php(44): Illuminate\\Routing\\Controller->callAction()
#16 /var/www/html/Thames/thamescc-backend/vendor/laravel/framework/src/Illuminate/Routing/Route.php(266): Illuminate\\Routing\\ControllerDispatcher->dispatch()
#17 /var/www/html/Thames/thamescc-backend/vendor/laravel/framework/src/Illuminate/Routing/Route.php(212): Illuminate\\Routing\\Route->runController()
#18 /var/www/html/Thames/thamescc-backend/vendor/laravel/framework/src/Illuminate/Routing/Router.php(808): Illuminate\\Routing\\Route->run()
#19 /var/www/html/Thames/thamescc-backend/vendor/laravel/framework/src/Illuminate/Pipeline/Pipeline.php(170): Illuminate\\Routing\\Router->Illuminate\\Routing\\{closure}()
#20 /var/www/html/Thames/thamescc-backend/packages/Webkul/Core/src/Http/Middleware/PreventRequestsDuringMaintenance.php(119): Illuminate\\Pipeline\\Pipeline->Illuminate\\Pipeline\\{closure}()
#21 /var/www/html/Thames/thamescc-backend/vendor/laravel/framework/src/Illuminate/Pipeline/Pipeline.php(209): Webkul\\Core\\Http\\Middleware\\PreventRequestsDuringMaintenance->handle()
#22 /var/www/html/Thames/thamescc-backend/packages/Webkul/Shop/src/Http/Middleware/Currency.php(40): Illuminate\\Pipeline\\Pipeline->Illuminate\\Pipeline\\{closure}()
#23 /var/www/html/Thames/thamescc-backend/vendor/laravel/framework/src/Illuminate/Pipeline/Pipeline.php(209): Webkul\\Shop\\Http\\Middleware\\Currency->handle()
#24 /var/www/html/Thames/thamescc-backend/packages/Webkul/Shop/src/Http/Middleware/Locale.php(40): Illuminate\\Pipeline\\Pipeline->Illuminate\\Pipeline\\{closure}()
#25 /var/www/html/Thames/thamescc-backend/vendor/laravel/framework/src/Illuminate/Pipeline/Pipeline.php(209): Webkul\\Shop\\Http\\Middleware\\Locale->handle()
#26 /var/www/html/Thames/thamescc-backend/packages/Webkul/Shop/src/Http/Middleware/Theme.php(32): Illuminate\\Pipeline\\Pipeline->Illuminate\\Pipeline\\{closure}()
#27 /var/www/html/Thames/thamescc-backend/vendor/laravel/framework/src/Illuminate/Pipeline/Pipeline.php(209): Webkul\\Shop\\Http\\Middleware\\Theme->handle()
#28 /var/www/html/Thames/thamescc-backend/vendor/barryvdh/laravel-debugbar/src/Middleware/InjectDebugbar.php(66): Illuminate\\Pipeline\\Pipeline->Illuminate\\Pipeline\\{closure}()
#29 /var/www/html/Thames/thamescc-backend/vendor/laravel/framework/src/Illuminate/Pipeline/Pipeline.php(209): Barryvdh\\Debugbar\\Middleware\\InjectDebugbar->handle()
#30 /var/www/html/Thames/thamescc-backend/vendor/laravel/framework/src/Illuminate/Routing/Middleware/SubstituteBindings.php(51): Illuminate\\Pipeline\\Pipeline->Illuminate\\Pipeline\\{closure}()
#31 /var/www/html/Thames/thamescc-backend/vendor/laravel/framework/src/Illuminate/Pipeline/Pipeline.php(209): Illuminate\\Routing\\Middleware\\SubstituteBindings->handle()
#32 /var/www/html/Thames/thamescc-backend/vendor/laravel/framework/src/Illuminate/Foundation/Http/Middleware/VerifyCsrfToken.php(88): Illuminate\\Pipeline\\Pipeline->Illuminate\\Pipeline\\{closure}()
#33 /var/www/html/Thames/thamescc-backend/vendor/laravel/framework/src/Illuminate/Pipeline/Pipeline.php(209): Illuminate\\Foundation\\Http\\Middleware\\VerifyCsrfToken->handle()
#34 /var/www/html/Thames/thamescc-backend/vendor/laravel/framework/src/Illuminate/View/Middleware/ShareErrorsFromSession.php(49): Illuminate\\Pipeline\\Pipeline->Illuminate\\Pipeline\\{closure}()
#35 /var/www/html/Thames/thamescc-backend/vendor/laravel/framework/src/Illuminate/Pipeline/Pipeline.php(209): Illuminate\\View\\Middleware\\ShareErrorsFromSession->handle()
#36 /var/www/html/Thames/thamescc-backend/vendor/laravel/framework/src/Illuminate/Session/Middleware/StartSession.php(121): Illuminate\\Pipeline\\Pipeline->Illuminate\\Pipeline\\{closure}()
#37 /var/www/html/Thames/thamescc-backend/vendor/laravel/framework/src/Illuminate/Session/Middleware/StartSession.php(64): Illuminate\\Session\\Middleware\\StartSession->handleStatefulRequest()
#38 /var/www/html/Thames/thamescc-backend/vendor/laravel/framework/src/Illuminate/Pipeline/Pipeline.php(209): Illuminate\\Session\\Middleware\\StartSession->handle()
#39 /var/www/html/Thames/thamescc-backend/vendor/laravel/framework/src/Illuminate/Cookie/Middleware/AddQueuedCookiesToResponse.php(37): Illuminate\\Pipeline\\Pipeline->Illuminate\\Pipeline\\{closure}()
#40 /var/www/html/Thames/thamescc-backend/vendor/laravel/framework/src/Illuminate/Pipeline/Pipeline.php(209): Illuminate\\Cookie\\Middleware\\AddQueuedCookiesToResponse->handle()
#41 /var/www/html/Thames/thamescc-backend/vendor/laravel/framework/src/Illuminate/Cookie/Middleware/EncryptCookies.php(75): Illuminate\\Pipeline\\Pipeline->Illuminate\\Pipeline\\{closure}()
#42 /var/www/html/Thames/thamescc-backend/vendor/laravel/framework/src/Illuminate/Pipeline/Pipeline.php(209): Illuminate\\Cookie\\Middleware\\EncryptCookies->handle()
#43 /var/www/html/Thames/thamescc-backend/vendor/laravel/framework/src/Illuminate/Pipeline/Pipeline.php(127): Illuminate\\Pipeline\\Pipeline->Illuminate\\Pipeline\\{closure}()
#44 /var/www/html/Thames/thamescc-backend/vendor/laravel/framework/src/Illuminate/Routing/Router.php(807): Illuminate\\Pipeline\\Pipeline->then()
#45 /var/www/html/Thames/thamescc-backend/vendor/laravel/framework/src/Illuminate/Routing/Router.php(786): Illuminate\\Routing\\Router->runRouteWithinStack()
#46 /var/www/html/Thames/thamescc-backend/vendor/laravel/framework/src/Illuminate/Routing/Router.php(750): Illuminate\\Routing\\Router->runRoute()
#47 /var/www/html/Thames/thamescc-backend/vendor/laravel/framework/src/Illuminate/Routing/Router.php(739): Illuminate\\Routing\\Router->dispatchToRoute()
#48 /var/www/html/Thames/thamescc-backend/vendor/laravel/framework/src/Illuminate/Foundation/Http/Kernel.php(201): Illuminate\\Routing\\Router->dispatch()
#49 /var/www/html/Thames/thamescc-backend/vendor/laravel/framework/src/Illuminate/Pipeline/Pipeline.php(170): Illuminate\\Foundation\\Http\\Kernel->Illuminate\\Foundation\\Http\\{closure}()
#50 /var/www/html/Thames/thamescc-backend/vendor/barryvdh/laravel-debugbar/src/Middleware/InjectDebugbar.php(66): Illuminate\\Pipeline\\Pipeline->Illuminate\\Pipeline\\{closure}()
#51 /var/www/html/Thames/thamescc-backend/vendor/laravel/framework/src/Illuminate/Pipeline/Pipeline.php(209): Barryvdh\\Debugbar\\Middleware\\InjectDebugbar->handle()
#52 /var/www/html/Thames/thamescc-backend/packages/Webkul/Installer/src/Http/Middleware/CanInstall.php(30): Illuminate\\Pipeline\\Pipeline->Illuminate\\Pipeline\\{closure}()
#53 /var/www/html/Thames/thamescc-backend/vendor/laravel/framework/src/Illuminate/Pipeline/Pipeline.php(209): Webkul\\Installer\\Http\\Middleware\\CanInstall->handle()
#54 /var/www/html/Thames/thamescc-backend/packages/Webkul/Core/src/Http/Middleware/SecureHeaders.php(29): Illuminate\\Pipeline\\Pipeline->Illuminate\\Pipeline\\{closure}()
#55 /var/www/html/Thames/thamescc-backend/vendor/laravel/framework/src/Illuminate/Pipeline/Pipeline.php(209): Webkul\\Core\\Http\\Middleware\\SecureHeaders->handle()
#56 /var/www/html/Thames/thamescc-backend/vendor/laravel/framework/src/Illuminate/Foundation/Http/Middleware/TransformsRequest.php(21): Illuminate\\Pipeline\\Pipeline->Illuminate\\Pipeline\\{closure}()
#57 /var/www/html/Thames/thamescc-backend/vendor/laravel/framework/src/Illuminate/Foundation/Http/Middleware/TrimStrings.php(51): Illuminate\\Foundation\\Http\\Middleware\\TransformsRequest->handle()
#58 /var/www/html/Thames/thamescc-backend/vendor/laravel/framework/src/Illuminate/Pipeline/Pipeline.php(209): Illuminate\\Foundation\\Http\\Middleware\\TrimStrings->handle()
#59 /var/www/html/Thames/thamescc-backend/vendor/laravel/framework/src/Illuminate/Http/Middleware/ValidatePostSize.php(27): Illuminate\\Pipeline\\Pipeline->Illuminate\\Pipeline\\{closure}()
#60 /var/www/html/Thames/thamescc-backend/vendor/laravel/framework/src/Illuminate/Pipeline/Pipeline.php(209): Illuminate\\Http\\Middleware\\ValidatePostSize->handle()
#61 /var/www/html/Thames/thamescc-backend/vendor/laravel/framework/src/Illuminate/Http/Middleware/HandleCors.php(62): Illuminate\\Pipeline\\Pipeline->Illuminate\\Pipeline\\{closure}()
#62 /var/www/html/Thames/thamescc-backend/vendor/laravel/framework/src/Illuminate/Pipeline/Pipeline.php(209): Illuminate\\Http\\Middleware\\HandleCors->handle()
#63 /var/www/html/Thames/thamescc-backend/vendor/laravel/framework/src/Illuminate/Http/Middleware/TrustProxies.php(58): Illuminate\\Pipeline\\Pipeline->Illuminate\\Pipeline\\{closure}()
#64 /var/www/html/Thames/thamescc-backend/vendor/laravel/framework/src/Illuminate/Pipeline/Pipeline.php(209): Illuminate\\Http\\Middleware\\TrustProxies->handle()
#65 /var/www/html/Thames/thamescc-backend/vendor/laravel/framework/src/Illuminate/Foundation/Http/Middleware/InvokeDeferredCallbacks.php(22): Illuminate\\Pipeline\\Pipeline->Illuminate\\Pipeline\\{closure}()
#66 /var/www/html/Thames/thamescc-backend/vendor/laravel/framework/src/Illuminate/Pipeline/Pipeline.php(209): Illuminate\\Foundation\\Http\\Middleware\\InvokeDeferredCallbacks->handle()
#67 /var/www/html/Thames/thamescc-backend/vendor/laravel/framework/src/Illuminate/Pipeline/Pipeline.php(127): Illuminate\\Pipeline\\Pipeline->Illuminate\\Pipeline\\{closure}()
#68 /var/www/html/Thames/thamescc-backend/vendor/laravel/framework/src/Illuminate/Foundation/Http/Kernel.php(176): Illuminate\\Pipeline\\Pipeline->then()
#69 /var/www/html/Thames/thamescc-backend/vendor/laravel/framework/src/Illuminate/Foundation/Http/Kernel.php(145): Illuminate\\Foundation\\Http\\Kernel->sendRequestThroughRouter()
#70 /var/www/html/Thames/thamescc-backend/public/index.php(51): Illuminate\\Foundation\\Http\\Kernel->handle()
#71 /var/www/html/Thames/thamescc-backend/vendor/laravel/framework/src/Illuminate/Foundation/resources/server.php(23): require_once('...')
#72 {main}

[previous exception] [object] (PDOException(code: 42000): SQLSTATE[42000]: Syntax error or access violation: 1066 Not unique table/alias: 'prom_id_product_attribute_values' at /var/www/html/Thames/thamescc-backend/vendor/laravel/framework/src/Illuminate/Database/Connection.php:407)
[stacktrace]
#0 /var/www/html/Thames/thamescc-backend/vendor/laravel/framework/src/Illuminate/Database/Connection.php(407): PDO->prepare()
#1 /var/www/html/Thames/thamescc-backend/vendor/laravel/framework/src/Illuminate/Database/Connection.php(812): Illuminate\\Database\\Connection->Illuminate\\Database\\{closure}()
#2 /var/www/html/Thames/thamescc-backend/vendor/laravel/framework/src/Illuminate/Database/Connection.php(779): Illuminate\\Database\\Connection->runQueryCallback()
#3 /var/www/html/Thames/thamescc-backend/vendor/laravel/framework/src/Illuminate/Database/Connection.php(398): Illuminate\\Database\\Connection->run()
#4 /var/www/html/Thames/thamescc-backend/vendor/laravel/framework/src/Illuminate/Database/Query/Builder.php(3106): Illuminate\\Database\\Connection->select()
#5 /var/www/html/Thames/thamescc-backend/vendor/laravel/framework/src/Illuminate/Database/Query/Builder.php(3091): Illuminate\\Database\\Query\\Builder->runSelect()
#6 /var/www/html/Thames/thamescc-backend/vendor/laravel/framework/src/Illuminate/Database/Query/Builder.php(3676): Illuminate\\Database\\Query\\Builder->Illuminate\\Database\\Query\\{closure}()
#7 /var/www/html/Thames/thamescc-backend/vendor/laravel/framework/src/Illuminate/Database/Query/Builder.php(3090): Illuminate\\Database\\Query\\Builder->onceWithColumns()
#8 /var/www/html/Thames/thamescc-backend/vendor/laravel/framework/src/Illuminate/Database/Query/Builder.php(3277): Illuminate\\Database\\Query\\Builder->get()
#9 /var/www/html/Thames/thamescc-backend/vendor/laravel/framework/src/Illuminate/Database/Query/Builder.php(3244): Illuminate\\Database\\Query\\Builder->runPaginationCountQuery()
#10 /var/www/html/Thames/thamescc-backend/vendor/laravel/framework/src/Illuminate/Database/Eloquent/Builder.php(1029): Illuminate\\Database\\Query\\Builder->getCountForPagination()
#11 /var/www/html/Thames/thamescc-backend/vendor/prettus/l5-repository/src/Prettus/Repository/Eloquent/BaseRepository.php(487): Illuminate\\Database\\Eloquent\\Builder->paginate()
#12 /var/www/html/Thames/thamescc-backend/vendor/prettus/l5-repository/src/Prettus/Repository/Traits/CacheableRepository.php(238): Prettus\\Repository\\Eloquent\\BaseRepository->paginate()
#13 /var/www/html/Thames/thamescc-backend/packages/Webkul/Product/src/Repositories/ProductRepository.php(454): Webkul\\Core\\Eloquent\\Repository->paginate()
#14 /var/www/html/Thames/thamescc-backend/packages/Webkul/Product/src/Repositories/ProductRepository.php(213): Webkul\\Product\\Repositories\\ProductRepository->searchFromDatabase()
#15 /var/www/html/Thames/thamescc-backend/packages/Webkul/Shop/src/Http/Controllers/API/ProductController.php(34): Webkul\\Product\\Repositories\\ProductRepository->getAll()
#16 /var/www/html/Thames/thamescc-backend/vendor/laravel/framework/src/Illuminate/Routing/Controller.php(54): Webkul\\Shop\\Http\\Controllers\\API\\ProductController->index()
#17 /var/www/html/Thames/thamescc-backend/vendor/laravel/framework/src/Illuminate/Routing/ControllerDispatcher.php(44): Illuminate\\Routing\\Controller->callAction()
#18 /var/www/html/Thames/thamescc-backend/vendor/laravel/framework/src/Illuminate/Routing/Route.php(266): Illuminate\\Routing\\ControllerDispatcher->dispatch()
#19 /var/www/html/Thames/thamescc-backend/vendor/laravel/framework/src/Illuminate/Routing/Route.php(212): Illuminate\\Routing\\Route->runController()
#20 /var/www/html/Thames/thamescc-backend/vendor/laravel/framework/src/Illuminate/Routing/Router.php(808): Illuminate\\Routing\\Route->run()
#21 /var/www/html/Thames/thamescc-backend/vendor/laravel/framework/src/Illuminate/Pipeline/Pipeline.php(170): Illuminate\\Routing\\Router->Illuminate\\Routing\\{closure}()
#22 /var/www/html/Thames/thamescc-backend/packages/Webkul/Core/src/Http/Middleware/PreventRequestsDuringMaintenance.php(119): Illuminate\\Pipeline\\Pipeline->Illuminate\\Pipeline\\{closure}()
#23 /var/www/html/Thames/thamescc-backend/vendor/laravel/framework/src/Illuminate/Pipeline/Pipeline.php(209): Webkul\\Core\\Http\\Middleware\\PreventRequestsDuringMaintenance->handle()
#24 /var/www/html/Thames/thamescc-backend/packages/Webkul/Shop/src/Http/Middleware/Currency.php(40): Illuminate\\Pipeline\\Pipeline->Illuminate\\Pipeline\\{closure}()
#25 /var/www/html/Thames/thamescc-backend/vendor/laravel/framework/src/Illuminate/Pipeline/Pipeline.php(209): Webkul\\Shop\\Http\\Middleware\\Currency->handle()
#26 /var/www/html/Thames/thamescc-backend/packages/Webkul/Shop/src/Http/Middleware/Locale.php(40): Illuminate\\Pipeline\\Pipeline->Illuminate\\Pipeline\\{closure}()
#27 /var/www/html/Thames/thamescc-backend/vendor/laravel/framework/src/Illuminate/Pipeline/Pipeline.php(209): Webkul\\Shop\\Http\\Middleware\\Locale->handle()
#28 /var/www/html/Thames/thamescc-backend/packages/Webkul/Shop/src/Http/Middleware/Theme.php(32): Illuminate\\Pipeline\\Pipeline->Illuminate\\Pipeline\\{closure}()
#29 /var/www/html/Thames/thamescc-backend/vendor/laravel/framework/src/Illuminate/Pipeline/Pipeline.php(209): Webkul\\Shop\\Http\\Middleware\\Theme->handle()
#30 /var/www/html/Thames/thamescc-backend/vendor/barryvdh/laravel-debugbar/src/Middleware/InjectDebugbar.php(66): Illuminate\\Pipeline\\Pipeline->Illuminate\\Pipeline\\{closure}()
#31 /var/www/html/Thames/thamescc-backend/vendor/laravel/framework/src/Illuminate/Pipeline/Pipeline.php(209): Barryvdh\\Debugbar\\Middleware\\InjectDebugbar->handle()
#32 /var/www/html/Thames/thamescc-backend/vendor/laravel/framework/src/Illuminate/Routing/Middleware/SubstituteBindings.php(51): Illuminate\\Pipeline\\Pipeline->Illuminate\\Pipeline\\{closure}()
#33 /var/www/html/Thames/thamescc-backend/vendor/laravel/framework/src/Illuminate/Pipeline/Pipeline.php(209): Illuminate\\Routing\\Middleware\\SubstituteBindings->handle()
#34 /var/www/html/Thames/thamescc-backend/vendor/laravel/framework/src/Illuminate/Foundation/Http/Middleware/VerifyCsrfToken.php(88): Illuminate\\Pipeline\\Pipeline->Illuminate\\Pipeline\\{closure}()
#35 /var/www/html/Thames/thamescc-backend/vendor/laravel/framework/src/Illuminate/Pipeline/Pipeline.php(209): Illuminate\\Foundation\\Http\\Middleware\\VerifyCsrfToken->handle()
#36 /var/www/html/Thames/thamescc-backend/vendor/laravel/framework/src/Illuminate/View/Middleware/ShareErrorsFromSession.php(49): Illuminate\\Pipeline\\Pipeline->Illuminate\\Pipeline\\{closure}()
#37 /var/www/html/Thames/thamescc-backend/vendor/laravel/framework/src/Illuminate/Pipeline/Pipeline.php(209): Illuminate\\View\\Middleware\\ShareErrorsFromSession->handle()
#38 /var/www/html/Thames/thamescc-backend/vendor/laravel/framework/src/Illuminate/Session/Middleware/StartSession.php(121): Illuminate\\Pipeline\\Pipeline->Illuminate\\Pipeline\\{closure}()
#39 /var/www/html/Thames/thamescc-backend/vendor/laravel/framework/src/Illuminate/Session/Middleware/StartSession.php(64): Illuminate\\Session\\Middleware\\StartSession->handleStatefulRequest()
#40 /var/www/html/Thames/thamescc-backend/vendor/laravel/framework/src/Illuminate/Pipeline/Pipeline.php(209): Illuminate\\Session\\Middleware\\StartSession->handle()
#41 /var/www/html/Thames/thamescc-backend/vendor/laravel/framework/src/Illuminate/Cookie/Middleware/AddQueuedCookiesToResponse.php(37): Illuminate\\Pipeline\\Pipeline->Illuminate\\Pipeline\\{closure}()
#42 /var/www/html/Thames/thamescc-backend/vendor/laravel/framework/src/Illuminate/Pipeline/Pipeline.php(209): Illuminate\\Cookie\\Middleware\\AddQueuedCookiesToResponse->handle()
#43 /var/www/html/Thames/thamescc-backend/vendor/laravel/framework/src/Illuminate/Cookie/Middleware/EncryptCookies.php(75): Illuminate\\Pipeline\\Pipeline->Illuminate\\Pipeline\\{closure}()
#44 /var/www/html/Thames/thamescc-backend/vendor/laravel/framework/src/Illuminate/Pipeline/Pipeline.php(209): Illuminate\\Cookie\\Middleware\\EncryptCookies->handle()
#45 /var/www/html/Thames/thamescc-backend/vendor/laravel/framework/src/Illuminate/Pipeline/Pipeline.php(127): Illuminate\\Pipeline\\Pipeline->Illuminate\\Pipeline\\{closure}()
#46 /var/www/html/Thames/thamescc-backend/vendor/laravel/framework/src/Illuminate/Routing/Router.php(807): Illuminate\\Pipeline\\Pipeline->then()
#47 /var/www/html/Thames/thamescc-backend/vendor/laravel/framework/src/Illuminate/Routing/Router.php(786): Illuminate\\Routing\\Router->runRouteWithinStack()
#48 /var/www/html/Thames/thamescc-backend/vendor/laravel/framework/src/Illuminate/Routing/Router.php(750): Illuminate\\Routing\\Router->runRoute()
#49 /var/www/html/Thames/thamescc-backend/vendor/laravel/framework/src/Illuminate/Routing/Router.php(739): Illuminate\\Routing\\Router->dispatchToRoute()
#50 /var/www/html/Thames/thamescc-backend/vendor/laravel/framework/src/Illuminate/Foundation/Http/Kernel.php(201): Illuminate\\Routing\\Router->dispatch()
#51 /var/www/html/Thames/thamescc-backend/vendor/laravel/framework/src/Illuminate/Pipeline/Pipeline.php(170): Illuminate\\Foundation\\Http\\Kernel->Illuminate\\Foundation\\Http\\{closure}()
#52 /var/www/html/Thames/thamescc-backend/vendor/barryvdh/laravel-debugbar/src/Middleware/InjectDebugbar.php(66): Illuminate\\Pipeline\\Pipeline->Illuminate\\Pipeline\\{closure}()
#53 /var/www/html/Thames/thamescc-backend/vendor/laravel/framework/src/Illuminate/Pipeline/Pipeline.php(209): Barryvdh\\Debugbar\\Middleware\\InjectDebugbar->handle()
#54 /var/www/html/Thames/thamescc-backend/packages/Webkul/Installer/src/Http/Middleware/CanInstall.php(30): Illuminate\\Pipeline\\Pipeline->Illuminate\\Pipeline\\{closure}()
#55 /var/www/html/Thames/thamescc-backend/vendor/laravel/framework/src/Illuminate/Pipeline/Pipeline.php(209): Webkul\\Installer\\Http\\Middleware\\CanInstall->handle()
#56 /var/www/html/Thames/thamescc-backend/packages/Webkul/Core/src/Http/Middleware/SecureHeaders.php(29): Illuminate\\Pipeline\\Pipeline->Illuminate\\Pipeline\\{closure}()
#57 /var/www/html/Thames/thamescc-backend/vendor/laravel/framework/src/Illuminate/Pipeline/Pipeline.php(209): Webkul\\Core\\Http\\Middleware\\SecureHeaders->handle()
#58 /var/www/html/Thames/thamescc-backend/vendor/laravel/framework/src/Illuminate/Foundation/Http/Middleware/TransformsRequest.php(21): Illuminate\\Pipeline\\Pipeline->Illuminate\\Pipeline\\{closure}()
#59 /var/www/html/Thames/thamescc-backend/vendor/laravel/framework/src/Illuminate/Foundation/Http/Middleware/TrimStrings.php(51): Illuminate\\Foundation\\Http\\Middleware\\TransformsRequest->handle()
#60 /var/www/html/Thames/thamescc-backend/vendor/laravel/framework/src/Illuminate/Pipeline/Pipeline.php(209): Illuminate\\Foundation\\Http\\Middleware\\TrimStrings->handle()
#61 /var/www/html/Thames/thamescc-backend/vendor/laravel/framework/src/Illuminate/Http/Middleware/ValidatePostSize.php(27): Illuminate\\Pipeline\\Pipeline->Illuminate\\Pipeline\\{closure}()
#62 /var/www/html/Thames/thamescc-backend/vendor/laravel/framework/src/Illuminate/Pipeline/Pipeline.php(209): Illuminate\\Http\\Middleware\\ValidatePostSize->handle()
#63 /var/www/html/Thames/thamescc-backend/vendor/laravel/framework/src/Illuminate/Http/Middleware/HandleCors.php(62): Illuminate\\Pipeline\\Pipeline->Illuminate\\Pipeline\\{closure}()
#64 /var/www/html/Thames/thamescc-backend/vendor/laravel/framework/src/Illuminate/Pipeline/Pipeline.php(209): Illuminate\\Http\\Middleware\\HandleCors->handle()
#65 /var/www/html/Thames/thamescc-backend/vendor/laravel/framework/src/Illuminate/Http/Middleware/TrustProxies.php(58): Illuminate\\Pipeline\\Pipeline->Illuminate\\Pipeline\\{closure}()
#66 /var/www/html/Thames/thamescc-backend/vendor/laravel/framework/src/Illuminate/Pipeline/Pipeline.php(209): Illuminate\\Http\\Middleware\\TrustProxies->handle()
#67 /var/www/html/Thames/thamescc-backend/vendor/laravel/framework/src/Illuminate/Foundation/Http/Middleware/InvokeDeferredCallbacks.php(22): Illuminate\\Pipeline\\Pipeline->Illuminate\\Pipeline\\{closure}()
#68 /var/www/html/Thames/thamescc-backend/vendor/laravel/framework/src/Illuminate/Pipeline/Pipeline.php(209): Illuminate\\Foundation\\Http\\Middleware\\InvokeDeferredCallbacks->handle()
#69 /var/www/html/Thames/thamescc-backend/vendor/laravel/framework/src/Illuminate/Pipeline/Pipeline.php(127): Illuminate\\Pipeline\\Pipeline->Illuminate\\Pipeline\\{closure}()
#70 /var/www/html/Thames/thamescc-backend/vendor/laravel/framework/src/Illuminate/Foundation/Http/Kernel.php(176): Illuminate\\Pipeline\\Pipeline->then()
#71 /var/www/html/Thames/thamescc-backend/vendor/laravel/framework/src/Illuminate/Foundation/Http/Kernel.php(145): Illuminate\\Foundation\\Http\\Kernel->sendRequestThroughRouter()
#72 /var/www/html/Thames/thamescc-backend/public/index.php(51): Illuminate\\Foundation\\Http\\Kernel->handle()
#73 /var/www/html/Thames/thamescc-backend/vendor/laravel/framework/src/Illuminate/Foundation/resources/server.php(23): require_once('...')
#74 {main}
"} 
[2025-06-19 12:28:55] local.ERROR: SQLSTATE[42000]: Syntax error or access violation: 1066 Not unique table/alias: 'pmp_or_not_product_attribute_values' (Connection: mysql, SQL: select count(*) as aggregate from (select distinct `products`.* from `products` left join `products` as `variants` on COALESCE(variants.parent_id, variants.id) = `products`.`id` left join `product_price_indices` on `products`.`id` = `product_price_indices`.`product_id` and `product_price_indices`.`customer_group_id` = 1 left join `product_channels` on `products`.`id` = `product_channels`.`product_id` left join `product_attribute_values` as `status_product_attribute_values` on `products`.`id` = `status_product_attribute_values`.`product_id` left join `product_attribute_values` as `url_key_product_attribute_values` on `products`.`id` = `url_key_product_attribute_values`.`product_id` left join `product_attribute_values` as `visible_individually_product_attribute_values` on `products`.`id` = `visible_individually_product_attribute_values`.`product_id` left join `product_attribute_values` as `pmp_or_not_product_attribute_values` on `products`.`id` = `pmp_or_not_product_attribute_values`.`product_id` and `pmp_or_not_product_attribute_values`.`attribute_id` = 49 left join `product_attribute_values` as `prom_id_product_attribute_values` on `products`.`id` = `prom_id_product_attribute_values`.`product_id` and `prom_id_product_attribute_values`.`attribute_id` = 41 left join `product_attribute_values` as `pmp_or_not_variant_attribute_values` on `variants`.`id` = `pmp_or_not_variant_attribute_values`.`product_id` and `pmp_or_not_variant_attribute_values`.`attribute_id` = 49 left join `product_attribute_values` as `prom_id_variant_attribute_values` on `variants`.`id` = `prom_id_variant_attribute_values`.`product_id` and `prom_id_variant_attribute_values`.`attribute_id` = 41 left join `product_attribute_values` as `pmp_or_not_product_attribute_values` on `products`.`id` = `pmp_or_not_product_attribute_values`.`product_id` and `pmp_or_not_product_attribute_values`.`attribute_id` = 49 where `product_channels`.`channel_id` = 1 and `status_product_attribute_values`.`attribute_id` = 8 and `status_product_attribute_values`.`boolean_value` = 1 and `url_key_product_attribute_values`.`attribute_id` = 3 and `url_key_product_attribute_values`.`text_value` is not null and `visible_individually_product_attribute_values`.`attribute_id` = 7 and `visible_individually_product_attribute_values`.`boolean_value` = 1 and ((`pmp_or_not_product_attribute_values`.`text_value` in (PMP) and `prom_id_product_attribute_values`.`text_value` in ()) or (`pmp_or_not_variant_attribute_values`.`text_value` in (PMP) and `prom_id_variant_attribute_values`.`text_value` in ())) and `pmp_or_not_product_attribute_values`.`text_value` in (PMP) group by `products`.`id`, `products`.`id`) as `aggregate_table`) {"exception":"[object] (Illuminate\\Database\\QueryException(code: 42000): SQLSTATE[42000]: Syntax error or access violation: 1066 Not unique table/alias: 'pmp_or_not_product_attribute_values' (Connection: mysql, SQL: select count(*) as aggregate from (select distinct `products`.* from `products` left join `products` as `variants` on COALESCE(variants.parent_id, variants.id) = `products`.`id` left join `product_price_indices` on `products`.`id` = `product_price_indices`.`product_id` and `product_price_indices`.`customer_group_id` = 1 left join `product_channels` on `products`.`id` = `product_channels`.`product_id` left join `product_attribute_values` as `status_product_attribute_values` on `products`.`id` = `status_product_attribute_values`.`product_id` left join `product_attribute_values` as `url_key_product_attribute_values` on `products`.`id` = `url_key_product_attribute_values`.`product_id` left join `product_attribute_values` as `visible_individually_product_attribute_values` on `products`.`id` = `visible_individually_product_attribute_values`.`product_id` left join `product_attribute_values` as `pmp_or_not_product_attribute_values` on `products`.`id` = `pmp_or_not_product_attribute_values`.`product_id` and `pmp_or_not_product_attribute_values`.`attribute_id` = 49 left join `product_attribute_values` as `prom_id_product_attribute_values` on `products`.`id` = `prom_id_product_attribute_values`.`product_id` and `prom_id_product_attribute_values`.`attribute_id` = 41 left join `product_attribute_values` as `pmp_or_not_variant_attribute_values` on `variants`.`id` = `pmp_or_not_variant_attribute_values`.`product_id` and `pmp_or_not_variant_attribute_values`.`attribute_id` = 49 left join `product_attribute_values` as `prom_id_variant_attribute_values` on `variants`.`id` = `prom_id_variant_attribute_values`.`product_id` and `prom_id_variant_attribute_values`.`attribute_id` = 41 left join `product_attribute_values` as `pmp_or_not_product_attribute_values` on `products`.`id` = `pmp_or_not_product_attribute_values`.`product_id` and `pmp_or_not_product_attribute_values`.`attribute_id` = 49 where `product_channels`.`channel_id` = 1 and `status_product_attribute_values`.`attribute_id` = 8 and `status_product_attribute_values`.`boolean_value` = 1 and `url_key_product_attribute_values`.`attribute_id` = 3 and `url_key_product_attribute_values`.`text_value` is not null and `visible_individually_product_attribute_values`.`attribute_id` = 7 and `visible_individually_product_attribute_values`.`boolean_value` = 1 and ((`pmp_or_not_product_attribute_values`.`text_value` in (PMP) and `prom_id_product_attribute_values`.`text_value` in ()) or (`pmp_or_not_variant_attribute_values`.`text_value` in (PMP) and `prom_id_variant_attribute_values`.`text_value` in ())) and `pmp_or_not_product_attribute_values`.`text_value` in (PMP) group by `products`.`id`, `products`.`id`) as `aggregate_table`) at /var/www/html/Thames/thamescc-backend/vendor/laravel/framework/src/Illuminate/Database/Connection.php:825)
[stacktrace]
#0 /var/www/html/Thames/thamescc-backend/vendor/laravel/framework/src/Illuminate/Database/Connection.php(779): Illuminate\\Database\\Connection->runQueryCallback()
#1 /var/www/html/Thames/thamescc-backend/vendor/laravel/framework/src/Illuminate/Database/Connection.php(398): Illuminate\\Database\\Connection->run()
#2 /var/www/html/Thames/thamescc-backend/vendor/laravel/framework/src/Illuminate/Database/Query/Builder.php(3106): Illuminate\\Database\\Connection->select()
#3 /var/www/html/Thames/thamescc-backend/vendor/laravel/framework/src/Illuminate/Database/Query/Builder.php(3091): Illuminate\\Database\\Query\\Builder->runSelect()
#4 /var/www/html/Thames/thamescc-backend/vendor/laravel/framework/src/Illuminate/Database/Query/Builder.php(3676): Illuminate\\Database\\Query\\Builder->Illuminate\\Database\\Query\\{closure}()
#5 /var/www/html/Thames/thamescc-backend/vendor/laravel/framework/src/Illuminate/Database/Query/Builder.php(3090): Illuminate\\Database\\Query\\Builder->onceWithColumns()
#6 /var/www/html/Thames/thamescc-backend/vendor/laravel/framework/src/Illuminate/Database/Query/Builder.php(3277): Illuminate\\Database\\Query\\Builder->get()
#7 /var/www/html/Thames/thamescc-backend/vendor/laravel/framework/src/Illuminate/Database/Query/Builder.php(3244): Illuminate\\Database\\Query\\Builder->runPaginationCountQuery()
#8 /var/www/html/Thames/thamescc-backend/vendor/laravel/framework/src/Illuminate/Database/Eloquent/Builder.php(1029): Illuminate\\Database\\Query\\Builder->getCountForPagination()
#9 /var/www/html/Thames/thamescc-backend/vendor/prettus/l5-repository/src/Prettus/Repository/Eloquent/BaseRepository.php(487): Illuminate\\Database\\Eloquent\\Builder->paginate()
#10 /var/www/html/Thames/thamescc-backend/vendor/prettus/l5-repository/src/Prettus/Repository/Traits/CacheableRepository.php(238): Prettus\\Repository\\Eloquent\\BaseRepository->paginate()
#11 /var/www/html/Thames/thamescc-backend/packages/Webkul/Product/src/Repositories/ProductRepository.php(453): Webkul\\Core\\Eloquent\\Repository->paginate()
#12 /var/www/html/Thames/thamescc-backend/packages/Webkul/Product/src/Repositories/ProductRepository.php(213): Webkul\\Product\\Repositories\\ProductRepository->searchFromDatabase()
#13 /var/www/html/Thames/thamescc-backend/packages/Webkul/Shop/src/Http/Controllers/API/ProductController.php(34): Webkul\\Product\\Repositories\\ProductRepository->getAll()
#14 /var/www/html/Thames/thamescc-backend/vendor/laravel/framework/src/Illuminate/Routing/Controller.php(54): Webkul\\Shop\\Http\\Controllers\\API\\ProductController->index()
#15 /var/www/html/Thames/thamescc-backend/vendor/laravel/framework/src/Illuminate/Routing/ControllerDispatcher.php(44): Illuminate\\Routing\\Controller->callAction()
#16 /var/www/html/Thames/thamescc-backend/vendor/laravel/framework/src/Illuminate/Routing/Route.php(266): Illuminate\\Routing\\ControllerDispatcher->dispatch()
#17 /var/www/html/Thames/thamescc-backend/vendor/laravel/framework/src/Illuminate/Routing/Route.php(212): Illuminate\\Routing\\Route->runController()
#18 /var/www/html/Thames/thamescc-backend/vendor/laravel/framework/src/Illuminate/Routing/Router.php(808): Illuminate\\Routing\\Route->run()
#19 /var/www/html/Thames/thamescc-backend/vendor/laravel/framework/src/Illuminate/Pipeline/Pipeline.php(170): Illuminate\\Routing\\Router->Illuminate\\Routing\\{closure}()
#20 /var/www/html/Thames/thamescc-backend/packages/Webkul/Core/src/Http/Middleware/PreventRequestsDuringMaintenance.php(119): Illuminate\\Pipeline\\Pipeline->Illuminate\\Pipeline\\{closure}()
#21 /var/www/html/Thames/thamescc-backend/vendor/laravel/framework/src/Illuminate/Pipeline/Pipeline.php(209): Webkul\\Core\\Http\\Middleware\\PreventRequestsDuringMaintenance->handle()
#22 /var/www/html/Thames/thamescc-backend/packages/Webkul/Shop/src/Http/Middleware/Currency.php(40): Illuminate\\Pipeline\\Pipeline->Illuminate\\Pipeline\\{closure}()
#23 /var/www/html/Thames/thamescc-backend/vendor/laravel/framework/src/Illuminate/Pipeline/Pipeline.php(209): Webkul\\Shop\\Http\\Middleware\\Currency->handle()
#24 /var/www/html/Thames/thamescc-backend/packages/Webkul/Shop/src/Http/Middleware/Locale.php(40): Illuminate\\Pipeline\\Pipeline->Illuminate\\Pipeline\\{closure}()
#25 /var/www/html/Thames/thamescc-backend/vendor/laravel/framework/src/Illuminate/Pipeline/Pipeline.php(209): Webkul\\Shop\\Http\\Middleware\\Locale->handle()
#26 /var/www/html/Thames/thamescc-backend/packages/Webkul/Shop/src/Http/Middleware/Theme.php(32): Illuminate\\Pipeline\\Pipeline->Illuminate\\Pipeline\\{closure}()
#27 /var/www/html/Thames/thamescc-backend/vendor/laravel/framework/src/Illuminate/Pipeline/Pipeline.php(209): Webkul\\Shop\\Http\\Middleware\\Theme->handle()
#28 /var/www/html/Thames/thamescc-backend/vendor/barryvdh/laravel-debugbar/src/Middleware/InjectDebugbar.php(66): Illuminate\\Pipeline\\Pipeline->Illuminate\\Pipeline\\{closure}()
#29 /var/www/html/Thames/thamescc-backend/vendor/laravel/framework/src/Illuminate/Pipeline/Pipeline.php(209): Barryvdh\\Debugbar\\Middleware\\InjectDebugbar->handle()
#30 /var/www/html/Thames/thamescc-backend/vendor/laravel/framework/src/Illuminate/Routing/Middleware/SubstituteBindings.php(51): Illuminate\\Pipeline\\Pipeline->Illuminate\\Pipeline\\{closure}()
#31 /var/www/html/Thames/thamescc-backend/vendor/laravel/framework/src/Illuminate/Pipeline/Pipeline.php(209): Illuminate\\Routing\\Middleware\\SubstituteBindings->handle()
#32 /var/www/html/Thames/thamescc-backend/vendor/laravel/framework/src/Illuminate/Foundation/Http/Middleware/VerifyCsrfToken.php(88): Illuminate\\Pipeline\\Pipeline->Illuminate\\Pipeline\\{closure}()
#33 /var/www/html/Thames/thamescc-backend/vendor/laravel/framework/src/Illuminate/Pipeline/Pipeline.php(209): Illuminate\\Foundation\\Http\\Middleware\\VerifyCsrfToken->handle()
#34 /var/www/html/Thames/thamescc-backend/vendor/laravel/framework/src/Illuminate/View/Middleware/ShareErrorsFromSession.php(49): Illuminate\\Pipeline\\Pipeline->Illuminate\\Pipeline\\{closure}()
#35 /var/www/html/Thames/thamescc-backend/vendor/laravel/framework/src/Illuminate/Pipeline/Pipeline.php(209): Illuminate\\View\\Middleware\\ShareErrorsFromSession->handle()
#36 /var/www/html/Thames/thamescc-backend/vendor/laravel/framework/src/Illuminate/Session/Middleware/StartSession.php(121): Illuminate\\Pipeline\\Pipeline->Illuminate\\Pipeline\\{closure}()
#37 /var/www/html/Thames/thamescc-backend/vendor/laravel/framework/src/Illuminate/Session/Middleware/StartSession.php(64): Illuminate\\Session\\Middleware\\StartSession->handleStatefulRequest()
#38 /var/www/html/Thames/thamescc-backend/vendor/laravel/framework/src/Illuminate/Pipeline/Pipeline.php(209): Illuminate\\Session\\Middleware\\StartSession->handle()
#39 /var/www/html/Thames/thamescc-backend/vendor/laravel/framework/src/Illuminate/Cookie/Middleware/AddQueuedCookiesToResponse.php(37): Illuminate\\Pipeline\\Pipeline->Illuminate\\Pipeline\\{closure}()
#40 /var/www/html/Thames/thamescc-backend/vendor/laravel/framework/src/Illuminate/Pipeline/Pipeline.php(209): Illuminate\\Cookie\\Middleware\\AddQueuedCookiesToResponse->handle()
#41 /var/www/html/Thames/thamescc-backend/vendor/laravel/framework/src/Illuminate/Cookie/Middleware/EncryptCookies.php(75): Illuminate\\Pipeline\\Pipeline->Illuminate\\Pipeline\\{closure}()
#42 /var/www/html/Thames/thamescc-backend/vendor/laravel/framework/src/Illuminate/Pipeline/Pipeline.php(209): Illuminate\\Cookie\\Middleware\\EncryptCookies->handle()
#43 /var/www/html/Thames/thamescc-backend/vendor/laravel/framework/src/Illuminate/Pipeline/Pipeline.php(127): Illuminate\\Pipeline\\Pipeline->Illuminate\\Pipeline\\{closure}()
#44 /var/www/html/Thames/thamescc-backend/vendor/laravel/framework/src/Illuminate/Routing/Router.php(807): Illuminate\\Pipeline\\Pipeline->then()
#45 /var/www/html/Thames/thamescc-backend/vendor/laravel/framework/src/Illuminate/Routing/Router.php(786): Illuminate\\Routing\\Router->runRouteWithinStack()
#46 /var/www/html/Thames/thamescc-backend/vendor/laravel/framework/src/Illuminate/Routing/Router.php(750): Illuminate\\Routing\\Router->runRoute()
#47 /var/www/html/Thames/thamescc-backend/vendor/laravel/framework/src/Illuminate/Routing/Router.php(739): Illuminate\\Routing\\Router->dispatchToRoute()
#48 /var/www/html/Thames/thamescc-backend/vendor/laravel/framework/src/Illuminate/Foundation/Http/Kernel.php(201): Illuminate\\Routing\\Router->dispatch()
#49 /var/www/html/Thames/thamescc-backend/vendor/laravel/framework/src/Illuminate/Pipeline/Pipeline.php(170): Illuminate\\Foundation\\Http\\Kernel->Illuminate\\Foundation\\Http\\{closure}()
#50 /var/www/html/Thames/thamescc-backend/vendor/barryvdh/laravel-debugbar/src/Middleware/InjectDebugbar.php(66): Illuminate\\Pipeline\\Pipeline->Illuminate\\Pipeline\\{closure}()
#51 /var/www/html/Thames/thamescc-backend/vendor/laravel/framework/src/Illuminate/Pipeline/Pipeline.php(209): Barryvdh\\Debugbar\\Middleware\\InjectDebugbar->handle()
#52 /var/www/html/Thames/thamescc-backend/packages/Webkul/Installer/src/Http/Middleware/CanInstall.php(30): Illuminate\\Pipeline\\Pipeline->Illuminate\\Pipeline\\{closure}()
#53 /var/www/html/Thames/thamescc-backend/vendor/laravel/framework/src/Illuminate/Pipeline/Pipeline.php(209): Webkul\\Installer\\Http\\Middleware\\CanInstall->handle()
#54 /var/www/html/Thames/thamescc-backend/packages/Webkul/Core/src/Http/Middleware/SecureHeaders.php(29): Illuminate\\Pipeline\\Pipeline->Illuminate\\Pipeline\\{closure}()
#55 /var/www/html/Thames/thamescc-backend/vendor/laravel/framework/src/Illuminate/Pipeline/Pipeline.php(209): Webkul\\Core\\Http\\Middleware\\SecureHeaders->handle()
#56 /var/www/html/Thames/thamescc-backend/vendor/laravel/framework/src/Illuminate/Foundation/Http/Middleware/TransformsRequest.php(21): Illuminate\\Pipeline\\Pipeline->Illuminate\\Pipeline\\{closure}()
#57 /var/www/html/Thames/thamescc-backend/vendor/laravel/framework/src/Illuminate/Foundation/Http/Middleware/TrimStrings.php(51): Illuminate\\Foundation\\Http\\Middleware\\TransformsRequest->handle()
#58 /var/www/html/Thames/thamescc-backend/vendor/laravel/framework/src/Illuminate/Pipeline/Pipeline.php(209): Illuminate\\Foundation\\Http\\Middleware\\TrimStrings->handle()
#59 /var/www/html/Thames/thamescc-backend/vendor/laravel/framework/src/Illuminate/Http/Middleware/ValidatePostSize.php(27): Illuminate\\Pipeline\\Pipeline->Illuminate\\Pipeline\\{closure}()
#60 /var/www/html/Thames/thamescc-backend/vendor/laravel/framework/src/Illuminate/Pipeline/Pipeline.php(209): Illuminate\\Http\\Middleware\\ValidatePostSize->handle()
#61 /var/www/html/Thames/thamescc-backend/vendor/laravel/framework/src/Illuminate/Http/Middleware/HandleCors.php(62): Illuminate\\Pipeline\\Pipeline->Illuminate\\Pipeline\\{closure}()
#62 /var/www/html/Thames/thamescc-backend/vendor/laravel/framework/src/Illuminate/Pipeline/Pipeline.php(209): Illuminate\\Http\\Middleware\\HandleCors->handle()
#63 /var/www/html/Thames/thamescc-backend/vendor/laravel/framework/src/Illuminate/Http/Middleware/TrustProxies.php(58): Illuminate\\Pipeline\\Pipeline->Illuminate\\Pipeline\\{closure}()
#64 /var/www/html/Thames/thamescc-backend/vendor/laravel/framework/src/Illuminate/Pipeline/Pipeline.php(209): Illuminate\\Http\\Middleware\\TrustProxies->handle()
#65 /var/www/html/Thames/thamescc-backend/vendor/laravel/framework/src/Illuminate/Foundation/Http/Middleware/InvokeDeferredCallbacks.php(22): Illuminate\\Pipeline\\Pipeline->Illuminate\\Pipeline\\{closure}()
#66 /var/www/html/Thames/thamescc-backend/vendor/laravel/framework/src/Illuminate/Pipeline/Pipeline.php(209): Illuminate\\Foundation\\Http\\Middleware\\InvokeDeferredCallbacks->handle()
#67 /var/www/html/Thames/thamescc-backend/vendor/laravel/framework/src/Illuminate/Pipeline/Pipeline.php(127): Illuminate\\Pipeline\\Pipeline->Illuminate\\Pipeline\\{closure}()
#68 /var/www/html/Thames/thamescc-backend/vendor/laravel/framework/src/Illuminate/Foundation/Http/Kernel.php(176): Illuminate\\Pipeline\\Pipeline->then()
#69 /var/www/html/Thames/thamescc-backend/vendor/laravel/framework/src/Illuminate/Foundation/Http/Kernel.php(145): Illuminate\\Foundation\\Http\\Kernel->sendRequestThroughRouter()
#70 /var/www/html/Thames/thamescc-backend/public/index.php(51): Illuminate\\Foundation\\Http\\Kernel->handle()
#71 /var/www/html/Thames/thamescc-backend/vendor/laravel/framework/src/Illuminate/Foundation/resources/server.php(23): require_once('...')
#72 {main}

[previous exception] [object] (PDOException(code: 42000): SQLSTATE[42000]: Syntax error or access violation: 1066 Not unique table/alias: 'pmp_or_not_product_attribute_values' at /var/www/html/Thames/thamescc-backend/vendor/laravel/framework/src/Illuminate/Database/Connection.php:407)
[stacktrace]
#0 /var/www/html/Thames/thamescc-backend/vendor/laravel/framework/src/Illuminate/Database/Connection.php(407): PDO->prepare()
#1 /var/www/html/Thames/thamescc-backend/vendor/laravel/framework/src/Illuminate/Database/Connection.php(812): Illuminate\\Database\\Connection->Illuminate\\Database\\{closure}()
#2 /var/www/html/Thames/thamescc-backend/vendor/laravel/framework/src/Illuminate/Database/Connection.php(779): Illuminate\\Database\\Connection->runQueryCallback()
#3 /var/www/html/Thames/thamescc-backend/vendor/laravel/framework/src/Illuminate/Database/Connection.php(398): Illuminate\\Database\\Connection->run()
#4 /var/www/html/Thames/thamescc-backend/vendor/laravel/framework/src/Illuminate/Database/Query/Builder.php(3106): Illuminate\\Database\\Connection->select()
#5 /var/www/html/Thames/thamescc-backend/vendor/laravel/framework/src/Illuminate/Database/Query/Builder.php(3091): Illuminate\\Database\\Query\\Builder->runSelect()
#6 /var/www/html/Thames/thamescc-backend/vendor/laravel/framework/src/Illuminate/Database/Query/Builder.php(3676): Illuminate\\Database\\Query\\Builder->Illuminate\\Database\\Query\\{closure}()
#7 /var/www/html/Thames/thamescc-backend/vendor/laravel/framework/src/Illuminate/Database/Query/Builder.php(3090): Illuminate\\Database\\Query\\Builder->onceWithColumns()
#8 /var/www/html/Thames/thamescc-backend/vendor/laravel/framework/src/Illuminate/Database/Query/Builder.php(3277): Illuminate\\Database\\Query\\Builder->get()
#9 /var/www/html/Thames/thamescc-backend/vendor/laravel/framework/src/Illuminate/Database/Query/Builder.php(3244): Illuminate\\Database\\Query\\Builder->runPaginationCountQuery()
#10 /var/www/html/Thames/thamescc-backend/vendor/laravel/framework/src/Illuminate/Database/Eloquent/Builder.php(1029): Illuminate\\Database\\Query\\Builder->getCountForPagination()
#11 /var/www/html/Thames/thamescc-backend/vendor/prettus/l5-repository/src/Prettus/Repository/Eloquent/BaseRepository.php(487): Illuminate\\Database\\Eloquent\\Builder->paginate()
#12 /var/www/html/Thames/thamescc-backend/vendor/prettus/l5-repository/src/Prettus/Repository/Traits/CacheableRepository.php(238): Prettus\\Repository\\Eloquent\\BaseRepository->paginate()
#13 /var/www/html/Thames/thamescc-backend/packages/Webkul/Product/src/Repositories/ProductRepository.php(453): Webkul\\Core\\Eloquent\\Repository->paginate()
#14 /var/www/html/Thames/thamescc-backend/packages/Webkul/Product/src/Repositories/ProductRepository.php(213): Webkul\\Product\\Repositories\\ProductRepository->searchFromDatabase()
#15 /var/www/html/Thames/thamescc-backend/packages/Webkul/Shop/src/Http/Controllers/API/ProductController.php(34): Webkul\\Product\\Repositories\\ProductRepository->getAll()
#16 /var/www/html/Thames/thamescc-backend/vendor/laravel/framework/src/Illuminate/Routing/Controller.php(54): Webkul\\Shop\\Http\\Controllers\\API\\ProductController->index()
#17 /var/www/html/Thames/thamescc-backend/vendor/laravel/framework/src/Illuminate/Routing/ControllerDispatcher.php(44): Illuminate\\Routing\\Controller->callAction()
#18 /var/www/html/Thames/thamescc-backend/vendor/laravel/framework/src/Illuminate/Routing/Route.php(266): Illuminate\\Routing\\ControllerDispatcher->dispatch()
#19 /var/www/html/Thames/thamescc-backend/vendor/laravel/framework/src/Illuminate/Routing/Route.php(212): Illuminate\\Routing\\Route->runController()
#20 /var/www/html/Thames/thamescc-backend/vendor/laravel/framework/src/Illuminate/Routing/Router.php(808): Illuminate\\Routing\\Route->run()
#21 /var/www/html/Thames/thamescc-backend/vendor/laravel/framework/src/Illuminate/Pipeline/Pipeline.php(170): Illuminate\\Routing\\Router->Illuminate\\Routing\\{closure}()
#22 /var/www/html/Thames/thamescc-backend/packages/Webkul/Core/src/Http/Middleware/PreventRequestsDuringMaintenance.php(119): Illuminate\\Pipeline\\Pipeline->Illuminate\\Pipeline\\{closure}()
#23 /var/www/html/Thames/thamescc-backend/vendor/laravel/framework/src/Illuminate/Pipeline/Pipeline.php(209): Webkul\\Core\\Http\\Middleware\\PreventRequestsDuringMaintenance->handle()
#24 /var/www/html/Thames/thamescc-backend/packages/Webkul/Shop/src/Http/Middleware/Currency.php(40): Illuminate\\Pipeline\\Pipeline->Illuminate\\Pipeline\\{closure}()
#25 /var/www/html/Thames/thamescc-backend/vendor/laravel/framework/src/Illuminate/Pipeline/Pipeline.php(209): Webkul\\Shop\\Http\\Middleware\\Currency->handle()
#26 /var/www/html/Thames/thamescc-backend/packages/Webkul/Shop/src/Http/Middleware/Locale.php(40): Illuminate\\Pipeline\\Pipeline->Illuminate\\Pipeline\\{closure}()
#27 /var/www/html/Thames/thamescc-backend/vendor/laravel/framework/src/Illuminate/Pipeline/Pipeline.php(209): Webkul\\Shop\\Http\\Middleware\\Locale->handle()
#28 /var/www/html/Thames/thamescc-backend/packages/Webkul/Shop/src/Http/Middleware/Theme.php(32): Illuminate\\Pipeline\\Pipeline->Illuminate\\Pipeline\\{closure}()
#29 /var/www/html/Thames/thamescc-backend/vendor/laravel/framework/src/Illuminate/Pipeline/Pipeline.php(209): Webkul\\Shop\\Http\\Middleware\\Theme->handle()
#30 /var/www/html/Thames/thamescc-backend/vendor/barryvdh/laravel-debugbar/src/Middleware/InjectDebugbar.php(66): Illuminate\\Pipeline\\Pipeline->Illuminate\\Pipeline\\{closure}()
#31 /var/www/html/Thames/thamescc-backend/vendor/laravel/framework/src/Illuminate/Pipeline/Pipeline.php(209): Barryvdh\\Debugbar\\Middleware\\InjectDebugbar->handle()
#32 /var/www/html/Thames/thamescc-backend/vendor/laravel/framework/src/Illuminate/Routing/Middleware/SubstituteBindings.php(51): Illuminate\\Pipeline\\Pipeline->Illuminate\\Pipeline\\{closure}()
#33 /var/www/html/Thames/thamescc-backend/vendor/laravel/framework/src/Illuminate/Pipeline/Pipeline.php(209): Illuminate\\Routing\\Middleware\\SubstituteBindings->handle()
#34 /var/www/html/Thames/thamescc-backend/vendor/laravel/framework/src/Illuminate/Foundation/Http/Middleware/VerifyCsrfToken.php(88): Illuminate\\Pipeline\\Pipeline->Illuminate\\Pipeline\\{closure}()
#35 /var/www/html/Thames/thamescc-backend/vendor/laravel/framework/src/Illuminate/Pipeline/Pipeline.php(209): Illuminate\\Foundation\\Http\\Middleware\\VerifyCsrfToken->handle()
#36 /var/www/html/Thames/thamescc-backend/vendor/laravel/framework/src/Illuminate/View/Middleware/ShareErrorsFromSession.php(49): Illuminate\\Pipeline\\Pipeline->Illuminate\\Pipeline\\{closure}()
#37 /var/www/html/Thames/thamescc-backend/vendor/laravel/framework/src/Illuminate/Pipeline/Pipeline.php(209): Illuminate\\View\\Middleware\\ShareErrorsFromSession->handle()
#38 /var/www/html/Thames/thamescc-backend/vendor/laravel/framework/src/Illuminate/Session/Middleware/StartSession.php(121): Illuminate\\Pipeline\\Pipeline->Illuminate\\Pipeline\\{closure}()
#39 /var/www/html/Thames/thamescc-backend/vendor/laravel/framework/src/Illuminate/Session/Middleware/StartSession.php(64): Illuminate\\Session\\Middleware\\StartSession->handleStatefulRequest()
#40 /var/www/html/Thames/thamescc-backend/vendor/laravel/framework/src/Illuminate/Pipeline/Pipeline.php(209): Illuminate\\Session\\Middleware\\StartSession->handle()
#41 /var/www/html/Thames/thamescc-backend/vendor/laravel/framework/src/Illuminate/Cookie/Middleware/AddQueuedCookiesToResponse.php(37): Illuminate\\Pipeline\\Pipeline->Illuminate\\Pipeline\\{closure}()
#42 /var/www/html/Thames/thamescc-backend/vendor/laravel/framework/src/Illuminate/Pipeline/Pipeline.php(209): Illuminate\\Cookie\\Middleware\\AddQueuedCookiesToResponse->handle()
#43 /var/www/html/Thames/thamescc-backend/vendor/laravel/framework/src/Illuminate/Cookie/Middleware/EncryptCookies.php(75): Illuminate\\Pipeline\\Pipeline->Illuminate\\Pipeline\\{closure}()
#44 /var/www/html/Thames/thamescc-backend/vendor/laravel/framework/src/Illuminate/Pipeline/Pipeline.php(209): Illuminate\\Cookie\\Middleware\\EncryptCookies->handle()
#45 /var/www/html/Thames/thamescc-backend/vendor/laravel/framework/src/Illuminate/Pipeline/Pipeline.php(127): Illuminate\\Pipeline\\Pipeline->Illuminate\\Pipeline\\{closure}()
#46 /var/www/html/Thames/thamescc-backend/vendor/laravel/framework/src/Illuminate/Routing/Router.php(807): Illuminate\\Pipeline\\Pipeline->then()
#47 /var/www/html/Thames/thamescc-backend/vendor/laravel/framework/src/Illuminate/Routing/Router.php(786): Illuminate\\Routing\\Router->runRouteWithinStack()
#48 /var/www/html/Thames/thamescc-backend/vendor/laravel/framework/src/Illuminate/Routing/Router.php(750): Illuminate\\Routing\\Router->runRoute()
#49 /var/www/html/Thames/thamescc-backend/vendor/laravel/framework/src/Illuminate/Routing/Router.php(739): Illuminate\\Routing\\Router->dispatchToRoute()
#50 /var/www/html/Thames/thamescc-backend/vendor/laravel/framework/src/Illuminate/Foundation/Http/Kernel.php(201): Illuminate\\Routing\\Router->dispatch()
#51 /var/www/html/Thames/thamescc-backend/vendor/laravel/framework/src/Illuminate/Pipeline/Pipeline.php(170): Illuminate\\Foundation\\Http\\Kernel->Illuminate\\Foundation\\Http\\{closure}()
#52 /var/www/html/Thames/thamescc-backend/vendor/barryvdh/laravel-debugbar/src/Middleware/InjectDebugbar.php(66): Illuminate\\Pipeline\\Pipeline->Illuminate\\Pipeline\\{closure}()
#53 /var/www/html/Thames/thamescc-backend/vendor/laravel/framework/src/Illuminate/Pipeline/Pipeline.php(209): Barryvdh\\Debugbar\\Middleware\\InjectDebugbar->handle()
#54 /var/www/html/Thames/thamescc-backend/packages/Webkul/Installer/src/Http/Middleware/CanInstall.php(30): Illuminate\\Pipeline\\Pipeline->Illuminate\\Pipeline\\{closure}()
#55 /var/www/html/Thames/thamescc-backend/vendor/laravel/framework/src/Illuminate/Pipeline/Pipeline.php(209): Webkul\\Installer\\Http\\Middleware\\CanInstall->handle()
#56 /var/www/html/Thames/thamescc-backend/packages/Webkul/Core/src/Http/Middleware/SecureHeaders.php(29): Illuminate\\Pipeline\\Pipeline->Illuminate\\Pipeline\\{closure}()
#57 /var/www/html/Thames/thamescc-backend/vendor/laravel/framework/src/Illuminate/Pipeline/Pipeline.php(209): Webkul\\Core\\Http\\Middleware\\SecureHeaders->handle()
#58 /var/www/html/Thames/thamescc-backend/vendor/laravel/framework/src/Illuminate/Foundation/Http/Middleware/TransformsRequest.php(21): Illuminate\\Pipeline\\Pipeline->Illuminate\\Pipeline\\{closure}()
#59 /var/www/html/Thames/thamescc-backend/vendor/laravel/framework/src/Illuminate/Foundation/Http/Middleware/TrimStrings.php(51): Illuminate\\Foundation\\Http\\Middleware\\TransformsRequest->handle()
#60 /var/www/html/Thames/thamescc-backend/vendor/laravel/framework/src/Illuminate/Pipeline/Pipeline.php(209): Illuminate\\Foundation\\Http\\Middleware\\TrimStrings->handle()
#61 /var/www/html/Thames/thamescc-backend/vendor/laravel/framework/src/Illuminate/Http/Middleware/ValidatePostSize.php(27): Illuminate\\Pipeline\\Pipeline->Illuminate\\Pipeline\\{closure}()
#62 /var/www/html/Thames/thamescc-backend/vendor/laravel/framework/src/Illuminate/Pipeline/Pipeline.php(209): Illuminate\\Http\\Middleware\\ValidatePostSize->handle()
#63 /var/www/html/Thames/thamescc-backend/vendor/laravel/framework/src/Illuminate/Http/Middleware/HandleCors.php(62): Illuminate\\Pipeline\\Pipeline->Illuminate\\Pipeline\\{closure}()
#64 /var/www/html/Thames/thamescc-backend/vendor/laravel/framework/src/Illuminate/Pipeline/Pipeline.php(209): Illuminate\\Http\\Middleware\\HandleCors->handle()
#65 /var/www/html/Thames/thamescc-backend/vendor/laravel/framework/src/Illuminate/Http/Middleware/TrustProxies.php(58): Illuminate\\Pipeline\\Pipeline->Illuminate\\Pipeline\\{closure}()
#66 /var/www/html/Thames/thamescc-backend/vendor/laravel/framework/src/Illuminate/Pipeline/Pipeline.php(209): Illuminate\\Http\\Middleware\\TrustProxies->handle()
#67 /var/www/html/Thames/thamescc-backend/vendor/laravel/framework/src/Illuminate/Foundation/Http/Middleware/InvokeDeferredCallbacks.php(22): Illuminate\\Pipeline\\Pipeline->Illuminate\\Pipeline\\{closure}()
#68 /var/www/html/Thames/thamescc-backend/vendor/laravel/framework/src/Illuminate/Pipeline/Pipeline.php(209): Illuminate\\Foundation\\Http\\Middleware\\InvokeDeferredCallbacks->handle()
#69 /var/www/html/Thames/thamescc-backend/vendor/laravel/framework/src/Illuminate/Pipeline/Pipeline.php(127): Illuminate\\Pipeline\\Pipeline->Illuminate\\Pipeline\\{closure}()
#70 /var/www/html/Thames/thamescc-backend/vendor/laravel/framework/src/Illuminate/Foundation/Http/Kernel.php(176): Illuminate\\Pipeline\\Pipeline->then()
#71 /var/www/html/Thames/thamescc-backend/vendor/laravel/framework/src/Illuminate/Foundation/Http/Kernel.php(145): Illuminate\\Foundation\\Http\\Kernel->sendRequestThroughRouter()
#72 /var/www/html/Thames/thamescc-backend/public/index.php(51): Illuminate\\Foundation\\Http\\Kernel->handle()
#73 /var/www/html/Thames/thamescc-backend/vendor/laravel/framework/src/Illuminate/Foundation/resources/server.php(23): require_once('...')
#74 {main}
"} 
[2025-06-19 12:28:55] local.ERROR: SQLSTATE[42000]: Syntax error or access violation: 1066 Not unique table/alias: 'pmp_or_not_product_attribute_values' (Connection: mysql, SQL: select count(*) as aggregate from (select distinct `products`.* from `products` left join `products` as `variants` on COALESCE(variants.parent_id, variants.id) = `products`.`id` left join `product_price_indices` on `products`.`id` = `product_price_indices`.`product_id` and `product_price_indices`.`customer_group_id` = 1 left join `product_channels` on `products`.`id` = `product_channels`.`product_id` left join `product_attribute_values` as `status_product_attribute_values` on `products`.`id` = `status_product_attribute_values`.`product_id` left join `product_attribute_values` as `url_key_product_attribute_values` on `products`.`id` = `url_key_product_attribute_values`.`product_id` left join `product_attribute_values` as `visible_individually_product_attribute_values` on `products`.`id` = `visible_individually_product_attribute_values`.`product_id` left join `product_attribute_values` as `pmp_or_not_product_attribute_values` on `products`.`id` = `pmp_or_not_product_attribute_values`.`product_id` and `pmp_or_not_product_attribute_values`.`attribute_id` = 49 left join `product_attribute_values` as `pmp_or_not_variant_attribute_values` on `variants`.`id` = `pmp_or_not_variant_attribute_values`.`product_id` and `pmp_or_not_variant_attribute_values`.`attribute_id` = 49 left join `product_attribute_values` as `pmp_or_not_product_attribute_values` on `products`.`id` = `pmp_or_not_product_attribute_values`.`product_id` and `pmp_or_not_product_attribute_values`.`attribute_id` = 49 where `product_channels`.`channel_id` = 1 and `status_product_attribute_values`.`attribute_id` = 8 and `status_product_attribute_values`.`boolean_value` = 1 and `url_key_product_attribute_values`.`attribute_id` = 3 and `url_key_product_attribute_values`.`text_value` is not null and `visible_individually_product_attribute_values`.`attribute_id` = 7 and `visible_individually_product_attribute_values`.`boolean_value` = 1 and ((`pmp_or_not_product_attribute_values`.`text_value` in (PMP)) or (`pmp_or_not_variant_attribute_values`.`text_value` in (PMP))) and `pmp_or_not_product_attribute_values`.`text_value` in (PMP) group by `products`.`id`, `products`.`id`) as `aggregate_table`) {"exception":"[object] (Illuminate\\Database\\QueryException(code: 42000): SQLSTATE[42000]: Syntax error or access violation: 1066 Not unique table/alias: 'pmp_or_not_product_attribute_values' (Connection: mysql, SQL: select count(*) as aggregate from (select distinct `products`.* from `products` left join `products` as `variants` on COALESCE(variants.parent_id, variants.id) = `products`.`id` left join `product_price_indices` on `products`.`id` = `product_price_indices`.`product_id` and `product_price_indices`.`customer_group_id` = 1 left join `product_channels` on `products`.`id` = `product_channels`.`product_id` left join `product_attribute_values` as `status_product_attribute_values` on `products`.`id` = `status_product_attribute_values`.`product_id` left join `product_attribute_values` as `url_key_product_attribute_values` on `products`.`id` = `url_key_product_attribute_values`.`product_id` left join `product_attribute_values` as `visible_individually_product_attribute_values` on `products`.`id` = `visible_individually_product_attribute_values`.`product_id` left join `product_attribute_values` as `pmp_or_not_product_attribute_values` on `products`.`id` = `pmp_or_not_product_attribute_values`.`product_id` and `pmp_or_not_product_attribute_values`.`attribute_id` = 49 left join `product_attribute_values` as `pmp_or_not_variant_attribute_values` on `variants`.`id` = `pmp_or_not_variant_attribute_values`.`product_id` and `pmp_or_not_variant_attribute_values`.`attribute_id` = 49 left join `product_attribute_values` as `pmp_or_not_product_attribute_values` on `products`.`id` = `pmp_or_not_product_attribute_values`.`product_id` and `pmp_or_not_product_attribute_values`.`attribute_id` = 49 where `product_channels`.`channel_id` = 1 and `status_product_attribute_values`.`attribute_id` = 8 and `status_product_attribute_values`.`boolean_value` = 1 and `url_key_product_attribute_values`.`attribute_id` = 3 and `url_key_product_attribute_values`.`text_value` is not null and `visible_individually_product_attribute_values`.`attribute_id` = 7 and `visible_individually_product_attribute_values`.`boolean_value` = 1 and ((`pmp_or_not_product_attribute_values`.`text_value` in (PMP)) or (`pmp_or_not_variant_attribute_values`.`text_value` in (PMP))) and `pmp_or_not_product_attribute_values`.`text_value` in (PMP) group by `products`.`id`, `products`.`id`) as `aggregate_table`) at /var/www/html/Thames/thamescc-backend/vendor/laravel/framework/src/Illuminate/Database/Connection.php:825)
[stacktrace]
#0 /var/www/html/Thames/thamescc-backend/vendor/laravel/framework/src/Illuminate/Database/Connection.php(779): Illuminate\\Database\\Connection->runQueryCallback()
#1 /var/www/html/Thames/thamescc-backend/vendor/laravel/framework/src/Illuminate/Database/Connection.php(398): Illuminate\\Database\\Connection->run()
#2 /var/www/html/Thames/thamescc-backend/vendor/laravel/framework/src/Illuminate/Database/Query/Builder.php(3106): Illuminate\\Database\\Connection->select()
#3 /var/www/html/Thames/thamescc-backend/vendor/laravel/framework/src/Illuminate/Database/Query/Builder.php(3091): Illuminate\\Database\\Query\\Builder->runSelect()
#4 /var/www/html/Thames/thamescc-backend/vendor/laravel/framework/src/Illuminate/Database/Query/Builder.php(3676): Illuminate\\Database\\Query\\Builder->Illuminate\\Database\\Query\\{closure}()
#5 /var/www/html/Thames/thamescc-backend/vendor/laravel/framework/src/Illuminate/Database/Query/Builder.php(3090): Illuminate\\Database\\Query\\Builder->onceWithColumns()
#6 /var/www/html/Thames/thamescc-backend/vendor/laravel/framework/src/Illuminate/Database/Query/Builder.php(3277): Illuminate\\Database\\Query\\Builder->get()
#7 /var/www/html/Thames/thamescc-backend/vendor/laravel/framework/src/Illuminate/Database/Query/Builder.php(3244): Illuminate\\Database\\Query\\Builder->runPaginationCountQuery()
#8 /var/www/html/Thames/thamescc-backend/vendor/laravel/framework/src/Illuminate/Database/Eloquent/Builder.php(1029): Illuminate\\Database\\Query\\Builder->getCountForPagination()
#9 /var/www/html/Thames/thamescc-backend/vendor/prettus/l5-repository/src/Prettus/Repository/Eloquent/BaseRepository.php(487): Illuminate\\Database\\Eloquent\\Builder->paginate()
#10 /var/www/html/Thames/thamescc-backend/vendor/prettus/l5-repository/src/Prettus/Repository/Traits/CacheableRepository.php(238): Prettus\\Repository\\Eloquent\\BaseRepository->paginate()
#11 /var/www/html/Thames/thamescc-backend/packages/Webkul/Product/src/Repositories/ProductRepository.php(453): Webkul\\Core\\Eloquent\\Repository->paginate()
#12 /var/www/html/Thames/thamescc-backend/packages/Webkul/Product/src/Repositories/ProductRepository.php(213): Webkul\\Product\\Repositories\\ProductRepository->searchFromDatabase()
#13 /var/www/html/Thames/thamescc-backend/packages/Webkul/Shop/src/Http/Controllers/API/ProductController.php(34): Webkul\\Product\\Repositories\\ProductRepository->getAll()
#14 /var/www/html/Thames/thamescc-backend/vendor/laravel/framework/src/Illuminate/Routing/Controller.php(54): Webkul\\Shop\\Http\\Controllers\\API\\ProductController->index()
#15 /var/www/html/Thames/thamescc-backend/vendor/laravel/framework/src/Illuminate/Routing/ControllerDispatcher.php(44): Illuminate\\Routing\\Controller->callAction()
#16 /var/www/html/Thames/thamescc-backend/vendor/laravel/framework/src/Illuminate/Routing/Route.php(266): Illuminate\\Routing\\ControllerDispatcher->dispatch()
#17 /var/www/html/Thames/thamescc-backend/vendor/laravel/framework/src/Illuminate/Routing/Route.php(212): Illuminate\\Routing\\Route->runController()
#18 /var/www/html/Thames/thamescc-backend/vendor/laravel/framework/src/Illuminate/Routing/Router.php(808): Illuminate\\Routing\\Route->run()
#19 /var/www/html/Thames/thamescc-backend/vendor/laravel/framework/src/Illuminate/Pipeline/Pipeline.php(170): Illuminate\\Routing\\Router->Illuminate\\Routing\\{closure}()
#20 /var/www/html/Thames/thamescc-backend/packages/Webkul/Core/src/Http/Middleware/PreventRequestsDuringMaintenance.php(119): Illuminate\\Pipeline\\Pipeline->Illuminate\\Pipeline\\{closure}()
#21 /var/www/html/Thames/thamescc-backend/vendor/laravel/framework/src/Illuminate/Pipeline/Pipeline.php(209): Webkul\\Core\\Http\\Middleware\\PreventRequestsDuringMaintenance->handle()
#22 /var/www/html/Thames/thamescc-backend/packages/Webkul/Shop/src/Http/Middleware/Currency.php(40): Illuminate\\Pipeline\\Pipeline->Illuminate\\Pipeline\\{closure}()
#23 /var/www/html/Thames/thamescc-backend/vendor/laravel/framework/src/Illuminate/Pipeline/Pipeline.php(209): Webkul\\Shop\\Http\\Middleware\\Currency->handle()
#24 /var/www/html/Thames/thamescc-backend/packages/Webkul/Shop/src/Http/Middleware/Locale.php(40): Illuminate\\Pipeline\\Pipeline->Illuminate\\Pipeline\\{closure}()
#25 /var/www/html/Thames/thamescc-backend/vendor/laravel/framework/src/Illuminate/Pipeline/Pipeline.php(209): Webkul\\Shop\\Http\\Middleware\\Locale->handle()
#26 /var/www/html/Thames/thamescc-backend/packages/Webkul/Shop/src/Http/Middleware/Theme.php(32): Illuminate\\Pipeline\\Pipeline->Illuminate\\Pipeline\\{closure}()
#27 /var/www/html/Thames/thamescc-backend/vendor/laravel/framework/src/Illuminate/Pipeline/Pipeline.php(209): Webkul\\Shop\\Http\\Middleware\\Theme->handle()
#28 /var/www/html/Thames/thamescc-backend/vendor/barryvdh/laravel-debugbar/src/Middleware/InjectDebugbar.php(66): Illuminate\\Pipeline\\Pipeline->Illuminate\\Pipeline\\{closure}()
#29 /var/www/html/Thames/thamescc-backend/vendor/laravel/framework/src/Illuminate/Pipeline/Pipeline.php(209): Barryvdh\\Debugbar\\Middleware\\InjectDebugbar->handle()
#30 /var/www/html/Thames/thamescc-backend/vendor/laravel/framework/src/Illuminate/Routing/Middleware/SubstituteBindings.php(51): Illuminate\\Pipeline\\Pipeline->Illuminate\\Pipeline\\{closure}()
#31 /var/www/html/Thames/thamescc-backend/vendor/laravel/framework/src/Illuminate/Pipeline/Pipeline.php(209): Illuminate\\Routing\\Middleware\\SubstituteBindings->handle()
#32 /var/www/html/Thames/thamescc-backend/vendor/laravel/framework/src/Illuminate/Foundation/Http/Middleware/VerifyCsrfToken.php(88): Illuminate\\Pipeline\\Pipeline->Illuminate\\Pipeline\\{closure}()
#33 /var/www/html/Thames/thamescc-backend/vendor/laravel/framework/src/Illuminate/Pipeline/Pipeline.php(209): Illuminate\\Foundation\\Http\\Middleware\\VerifyCsrfToken->handle()
#34 /var/www/html/Thames/thamescc-backend/vendor/laravel/framework/src/Illuminate/View/Middleware/ShareErrorsFromSession.php(49): Illuminate\\Pipeline\\Pipeline->Illuminate\\Pipeline\\{closure}()
#35 /var/www/html/Thames/thamescc-backend/vendor/laravel/framework/src/Illuminate/Pipeline/Pipeline.php(209): Illuminate\\View\\Middleware\\ShareErrorsFromSession->handle()
#36 /var/www/html/Thames/thamescc-backend/vendor/laravel/framework/src/Illuminate/Session/Middleware/StartSession.php(121): Illuminate\\Pipeline\\Pipeline->Illuminate\\Pipeline\\{closure}()
#37 /var/www/html/Thames/thamescc-backend/vendor/laravel/framework/src/Illuminate/Session/Middleware/StartSession.php(64): Illuminate\\Session\\Middleware\\StartSession->handleStatefulRequest()
#38 /var/www/html/Thames/thamescc-backend/vendor/laravel/framework/src/Illuminate/Pipeline/Pipeline.php(209): Illuminate\\Session\\Middleware\\StartSession->handle()
#39 /var/www/html/Thames/thamescc-backend/vendor/laravel/framework/src/Illuminate/Cookie/Middleware/AddQueuedCookiesToResponse.php(37): Illuminate\\Pipeline\\Pipeline->Illuminate\\Pipeline\\{closure}()
#40 /var/www/html/Thames/thamescc-backend/vendor/laravel/framework/src/Illuminate/Pipeline/Pipeline.php(209): Illuminate\\Cookie\\Middleware\\AddQueuedCookiesToResponse->handle()
#41 /var/www/html/Thames/thamescc-backend/vendor/laravel/framework/src/Illuminate/Cookie/Middleware/EncryptCookies.php(75): Illuminate\\Pipeline\\Pipeline->Illuminate\\Pipeline\\{closure}()
#42 /var/www/html/Thames/thamescc-backend/vendor/laravel/framework/src/Illuminate/Pipeline/Pipeline.php(209): Illuminate\\Cookie\\Middleware\\EncryptCookies->handle()
#43 /var/www/html/Thames/thamescc-backend/vendor/laravel/framework/src/Illuminate/Pipeline/Pipeline.php(127): Illuminate\\Pipeline\\Pipeline->Illuminate\\Pipeline\\{closure}()
#44 /var/www/html/Thames/thamescc-backend/vendor/laravel/framework/src/Illuminate/Routing/Router.php(807): Illuminate\\Pipeline\\Pipeline->then()
#45 /var/www/html/Thames/thamescc-backend/vendor/laravel/framework/src/Illuminate/Routing/Router.php(786): Illuminate\\Routing\\Router->runRouteWithinStack()
#46 /var/www/html/Thames/thamescc-backend/vendor/laravel/framework/src/Illuminate/Routing/Router.php(750): Illuminate\\Routing\\Router->runRoute()
#47 /var/www/html/Thames/thamescc-backend/vendor/laravel/framework/src/Illuminate/Routing/Router.php(739): Illuminate\\Routing\\Router->dispatchToRoute()
#48 /var/www/html/Thames/thamescc-backend/vendor/laravel/framework/src/Illuminate/Foundation/Http/Kernel.php(201): Illuminate\\Routing\\Router->dispatch()
#49 /var/www/html/Thames/thamescc-backend/vendor/laravel/framework/src/Illuminate/Pipeline/Pipeline.php(170): Illuminate\\Foundation\\Http\\Kernel->Illuminate\\Foundation\\Http\\{closure}()
#50 /var/www/html/Thames/thamescc-backend/vendor/barryvdh/laravel-debugbar/src/Middleware/InjectDebugbar.php(66): Illuminate\\Pipeline\\Pipeline->Illuminate\\Pipeline\\{closure}()
#51 /var/www/html/Thames/thamescc-backend/vendor/laravel/framework/src/Illuminate/Pipeline/Pipeline.php(209): Barryvdh\\Debugbar\\Middleware\\InjectDebugbar->handle()
#52 /var/www/html/Thames/thamescc-backend/packages/Webkul/Installer/src/Http/Middleware/CanInstall.php(30): Illuminate\\Pipeline\\Pipeline->Illuminate\\Pipeline\\{closure}()
#53 /var/www/html/Thames/thamescc-backend/vendor/laravel/framework/src/Illuminate/Pipeline/Pipeline.php(209): Webkul\\Installer\\Http\\Middleware\\CanInstall->handle()
#54 /var/www/html/Thames/thamescc-backend/packages/Webkul/Core/src/Http/Middleware/SecureHeaders.php(29): Illuminate\\Pipeline\\Pipeline->Illuminate\\Pipeline\\{closure}()
#55 /var/www/html/Thames/thamescc-backend/vendor/laravel/framework/src/Illuminate/Pipeline/Pipeline.php(209): Webkul\\Core\\Http\\Middleware\\SecureHeaders->handle()
#56 /var/www/html/Thames/thamescc-backend/vendor/laravel/framework/src/Illuminate/Foundation/Http/Middleware/TransformsRequest.php(21): Illuminate\\Pipeline\\Pipeline->Illuminate\\Pipeline\\{closure}()
#57 /var/www/html/Thames/thamescc-backend/vendor/laravel/framework/src/Illuminate/Foundation/Http/Middleware/TrimStrings.php(51): Illuminate\\Foundation\\Http\\Middleware\\TransformsRequest->handle()
#58 /var/www/html/Thames/thamescc-backend/vendor/laravel/framework/src/Illuminate/Pipeline/Pipeline.php(209): Illuminate\\Foundation\\Http\\Middleware\\TrimStrings->handle()
#59 /var/www/html/Thames/thamescc-backend/vendor/laravel/framework/src/Illuminate/Http/Middleware/ValidatePostSize.php(27): Illuminate\\Pipeline\\Pipeline->Illuminate\\Pipeline\\{closure}()
#60 /var/www/html/Thames/thamescc-backend/vendor/laravel/framework/src/Illuminate/Pipeline/Pipeline.php(209): Illuminate\\Http\\Middleware\\ValidatePostSize->handle()
#61 /var/www/html/Thames/thamescc-backend/vendor/laravel/framework/src/Illuminate/Http/Middleware/HandleCors.php(62): Illuminate\\Pipeline\\Pipeline->Illuminate\\Pipeline\\{closure}()
#62 /var/www/html/Thames/thamescc-backend/vendor/laravel/framework/src/Illuminate/Pipeline/Pipeline.php(209): Illuminate\\Http\\Middleware\\HandleCors->handle()
#63 /var/www/html/Thames/thamescc-backend/vendor/laravel/framework/src/Illuminate/Http/Middleware/TrustProxies.php(58): Illuminate\\Pipeline\\Pipeline->Illuminate\\Pipeline\\{closure}()
#64 /var/www/html/Thames/thamescc-backend/vendor/laravel/framework/src/Illuminate/Pipeline/Pipeline.php(209): Illuminate\\Http\\Middleware\\TrustProxies->handle()
#65 /var/www/html/Thames/thamescc-backend/vendor/laravel/framework/src/Illuminate/Foundation/Http/Middleware/InvokeDeferredCallbacks.php(22): Illuminate\\Pipeline\\Pipeline->Illuminate\\Pipeline\\{closure}()
#66 /var/www/html/Thames/thamescc-backend/vendor/laravel/framework/src/Illuminate/Pipeline/Pipeline.php(209): Illuminate\\Foundation\\Http\\Middleware\\InvokeDeferredCallbacks->handle()
#67 /var/www/html/Thames/thamescc-backend/vendor/laravel/framework/src/Illuminate/Pipeline/Pipeline.php(127): Illuminate\\Pipeline\\Pipeline->Illuminate\\Pipeline\\{closure}()
#68 /var/www/html/Thames/thamescc-backend/vendor/laravel/framework/src/Illuminate/Foundation/Http/Kernel.php(176): Illuminate\\Pipeline\\Pipeline->then()
#69 /var/www/html/Thames/thamescc-backend/vendor/laravel/framework/src/Illuminate/Foundation/Http/Kernel.php(145): Illuminate\\Foundation\\Http\\Kernel->sendRequestThroughRouter()
#70 /var/www/html/Thames/thamescc-backend/public/index.php(51): Illuminate\\Foundation\\Http\\Kernel->handle()
#71 /var/www/html/Thames/thamescc-backend/vendor/laravel/framework/src/Illuminate/Foundation/resources/server.php(23): require_once('...')
#72 {main}

[previous exception] [object] (PDOException(code: 42000): SQLSTATE[42000]: Syntax error or access violation: 1066 Not unique table/alias: 'pmp_or_not_product_attribute_values' at /var/www/html/Thames/thamescc-backend/vendor/laravel/framework/src/Illuminate/Database/Connection.php:407)
[stacktrace]
#0 /var/www/html/Thames/thamescc-backend/vendor/laravel/framework/src/Illuminate/Database/Connection.php(407): PDO->prepare()
#1 /var/www/html/Thames/thamescc-backend/vendor/laravel/framework/src/Illuminate/Database/Connection.php(812): Illuminate\\Database\\Connection->Illuminate\\Database\\{closure}()
#2 /var/www/html/Thames/thamescc-backend/vendor/laravel/framework/src/Illuminate/Database/Connection.php(779): Illuminate\\Database\\Connection->runQueryCallback()
#3 /var/www/html/Thames/thamescc-backend/vendor/laravel/framework/src/Illuminate/Database/Connection.php(398): Illuminate\\Database\\Connection->run()
#4 /var/www/html/Thames/thamescc-backend/vendor/laravel/framework/src/Illuminate/Database/Query/Builder.php(3106): Illuminate\\Database\\Connection->select()
#5 /var/www/html/Thames/thamescc-backend/vendor/laravel/framework/src/Illuminate/Database/Query/Builder.php(3091): Illuminate\\Database\\Query\\Builder->runSelect()
#6 /var/www/html/Thames/thamescc-backend/vendor/laravel/framework/src/Illuminate/Database/Query/Builder.php(3676): Illuminate\\Database\\Query\\Builder->Illuminate\\Database\\Query\\{closure}()
#7 /var/www/html/Thames/thamescc-backend/vendor/laravel/framework/src/Illuminate/Database/Query/Builder.php(3090): Illuminate\\Database\\Query\\Builder->onceWithColumns()
#8 /var/www/html/Thames/thamescc-backend/vendor/laravel/framework/src/Illuminate/Database/Query/Builder.php(3277): Illuminate\\Database\\Query\\Builder->get()
#9 /var/www/html/Thames/thamescc-backend/vendor/laravel/framework/src/Illuminate/Database/Query/Builder.php(3244): Illuminate\\Database\\Query\\Builder->runPaginationCountQuery()
#10 /var/www/html/Thames/thamescc-backend/vendor/laravel/framework/src/Illuminate/Database/Eloquent/Builder.php(1029): Illuminate\\Database\\Query\\Builder->getCountForPagination()
#11 /var/www/html/Thames/thamescc-backend/vendor/prettus/l5-repository/src/Prettus/Repository/Eloquent/BaseRepository.php(487): Illuminate\\Database\\Eloquent\\Builder->paginate()
#12 /var/www/html/Thames/thamescc-backend/vendor/prettus/l5-repository/src/Prettus/Repository/Traits/CacheableRepository.php(238): Prettus\\Repository\\Eloquent\\BaseRepository->paginate()
#13 /var/www/html/Thames/thamescc-backend/packages/Webkul/Product/src/Repositories/ProductRepository.php(453): Webkul\\Core\\Eloquent\\Repository->paginate()
#14 /var/www/html/Thames/thamescc-backend/packages/Webkul/Product/src/Repositories/ProductRepository.php(213): Webkul\\Product\\Repositories\\ProductRepository->searchFromDatabase()
#15 /var/www/html/Thames/thamescc-backend/packages/Webkul/Shop/src/Http/Controllers/API/ProductController.php(34): Webkul\\Product\\Repositories\\ProductRepository->getAll()
#16 /var/www/html/Thames/thamescc-backend/vendor/laravel/framework/src/Illuminate/Routing/Controller.php(54): Webkul\\Shop\\Http\\Controllers\\API\\ProductController->index()
#17 /var/www/html/Thames/thamescc-backend/vendor/laravel/framework/src/Illuminate/Routing/ControllerDispatcher.php(44): Illuminate\\Routing\\Controller->callAction()
#18 /var/www/html/Thames/thamescc-backend/vendor/laravel/framework/src/Illuminate/Routing/Route.php(266): Illuminate\\Routing\\ControllerDispatcher->dispatch()
#19 /var/www/html/Thames/thamescc-backend/vendor/laravel/framework/src/Illuminate/Routing/Route.php(212): Illuminate\\Routing\\Route->runController()
#20 /var/www/html/Thames/thamescc-backend/vendor/laravel/framework/src/Illuminate/Routing/Router.php(808): Illuminate\\Routing\\Route->run()
#21 /var/www/html/Thames/thamescc-backend/vendor/laravel/framework/src/Illuminate/Pipeline/Pipeline.php(170): Illuminate\\Routing\\Router->Illuminate\\Routing\\{closure}()
#22 /var/www/html/Thames/thamescc-backend/packages/Webkul/Core/src/Http/Middleware/PreventRequestsDuringMaintenance.php(119): Illuminate\\Pipeline\\Pipeline->Illuminate\\Pipeline\\{closure}()
#23 /var/www/html/Thames/thamescc-backend/vendor/laravel/framework/src/Illuminate/Pipeline/Pipeline.php(209): Webkul\\Core\\Http\\Middleware\\PreventRequestsDuringMaintenance->handle()
#24 /var/www/html/Thames/thamescc-backend/packages/Webkul/Shop/src/Http/Middleware/Currency.php(40): Illuminate\\Pipeline\\Pipeline->Illuminate\\Pipeline\\{closure}()
#25 /var/www/html/Thames/thamescc-backend/vendor/laravel/framework/src/Illuminate/Pipeline/Pipeline.php(209): Webkul\\Shop\\Http\\Middleware\\Currency->handle()
#26 /var/www/html/Thames/thamescc-backend/packages/Webkul/Shop/src/Http/Middleware/Locale.php(40): Illuminate\\Pipeline\\Pipeline->Illuminate\\Pipeline\\{closure}()
#27 /var/www/html/Thames/thamescc-backend/vendor/laravel/framework/src/Illuminate/Pipeline/Pipeline.php(209): Webkul\\Shop\\Http\\Middleware\\Locale->handle()
#28 /var/www/html/Thames/thamescc-backend/packages/Webkul/Shop/src/Http/Middleware/Theme.php(32): Illuminate\\Pipeline\\Pipeline->Illuminate\\Pipeline\\{closure}()
#29 /var/www/html/Thames/thamescc-backend/vendor/laravel/framework/src/Illuminate/Pipeline/Pipeline.php(209): Webkul\\Shop\\Http\\Middleware\\Theme->handle()
#30 /var/www/html/Thames/thamescc-backend/vendor/barryvdh/laravel-debugbar/src/Middleware/InjectDebugbar.php(66): Illuminate\\Pipeline\\Pipeline->Illuminate\\Pipeline\\{closure}()
#31 /var/www/html/Thames/thamescc-backend/vendor/laravel/framework/src/Illuminate/Pipeline/Pipeline.php(209): Barryvdh\\Debugbar\\Middleware\\InjectDebugbar->handle()
#32 /var/www/html/Thames/thamescc-backend/vendor/laravel/framework/src/Illuminate/Routing/Middleware/SubstituteBindings.php(51): Illuminate\\Pipeline\\Pipeline->Illuminate\\Pipeline\\{closure}()
#33 /var/www/html/Thames/thamescc-backend/vendor/laravel/framework/src/Illuminate/Pipeline/Pipeline.php(209): Illuminate\\Routing\\Middleware\\SubstituteBindings->handle()
#34 /var/www/html/Thames/thamescc-backend/vendor/laravel/framework/src/Illuminate/Foundation/Http/Middleware/VerifyCsrfToken.php(88): Illuminate\\Pipeline\\Pipeline->Illuminate\\Pipeline\\{closure}()
#35 /var/www/html/Thames/thamescc-backend/vendor/laravel/framework/src/Illuminate/Pipeline/Pipeline.php(209): Illuminate\\Foundation\\Http\\Middleware\\VerifyCsrfToken->handle()
#36 /var/www/html/Thames/thamescc-backend/vendor/laravel/framework/src/Illuminate/View/Middleware/ShareErrorsFromSession.php(49): Illuminate\\Pipeline\\Pipeline->Illuminate\\Pipeline\\{closure}()
#37 /var/www/html/Thames/thamescc-backend/vendor/laravel/framework/src/Illuminate/Pipeline/Pipeline.php(209): Illuminate\\View\\Middleware\\ShareErrorsFromSession->handle()
#38 /var/www/html/Thames/thamescc-backend/vendor/laravel/framework/src/Illuminate/Session/Middleware/StartSession.php(121): Illuminate\\Pipeline\\Pipeline->Illuminate\\Pipeline\\{closure}()
#39 /var/www/html/Thames/thamescc-backend/vendor/laravel/framework/src/Illuminate/Session/Middleware/StartSession.php(64): Illuminate\\Session\\Middleware\\StartSession->handleStatefulRequest()
#40 /var/www/html/Thames/thamescc-backend/vendor/laravel/framework/src/Illuminate/Pipeline/Pipeline.php(209): Illuminate\\Session\\Middleware\\StartSession->handle()
#41 /var/www/html/Thames/thamescc-backend/vendor/laravel/framework/src/Illuminate/Cookie/Middleware/AddQueuedCookiesToResponse.php(37): Illuminate\\Pipeline\\Pipeline->Illuminate\\Pipeline\\{closure}()
#42 /var/www/html/Thames/thamescc-backend/vendor/laravel/framework/src/Illuminate/Pipeline/Pipeline.php(209): Illuminate\\Cookie\\Middleware\\AddQueuedCookiesToResponse->handle()
#43 /var/www/html/Thames/thamescc-backend/vendor/laravel/framework/src/Illuminate/Cookie/Middleware/EncryptCookies.php(75): Illuminate\\Pipeline\\Pipeline->Illuminate\\Pipeline\\{closure}()
#44 /var/www/html/Thames/thamescc-backend/vendor/laravel/framework/src/Illuminate/Pipeline/Pipeline.php(209): Illuminate\\Cookie\\Middleware\\EncryptCookies->handle()
#45 /var/www/html/Thames/thamescc-backend/vendor/laravel/framework/src/Illuminate/Pipeline/Pipeline.php(127): Illuminate\\Pipeline\\Pipeline->Illuminate\\Pipeline\\{closure}()
#46 /var/www/html/Thames/thamescc-backend/vendor/laravel/framework/src/Illuminate/Routing/Router.php(807): Illuminate\\Pipeline\\Pipeline->then()
#47 /var/www/html/Thames/thamescc-backend/vendor/laravel/framework/src/Illuminate/Routing/Router.php(786): Illuminate\\Routing\\Router->runRouteWithinStack()
#48 /var/www/html/Thames/thamescc-backend/vendor/laravel/framework/src/Illuminate/Routing/Router.php(750): Illuminate\\Routing\\Router->runRoute()
#49 /var/www/html/Thames/thamescc-backend/vendor/laravel/framework/src/Illuminate/Routing/Router.php(739): Illuminate\\Routing\\Router->dispatchToRoute()
#50 /var/www/html/Thames/thamescc-backend/vendor/laravel/framework/src/Illuminate/Foundation/Http/Kernel.php(201): Illuminate\\Routing\\Router->dispatch()
#51 /var/www/html/Thames/thamescc-backend/vendor/laravel/framework/src/Illuminate/Pipeline/Pipeline.php(170): Illuminate\\Foundation\\Http\\Kernel->Illuminate\\Foundation\\Http\\{closure}()
#52 /var/www/html/Thames/thamescc-backend/vendor/barryvdh/laravel-debugbar/src/Middleware/InjectDebugbar.php(66): Illuminate\\Pipeline\\Pipeline->Illuminate\\Pipeline\\{closure}()
#53 /var/www/html/Thames/thamescc-backend/vendor/laravel/framework/src/Illuminate/Pipeline/Pipeline.php(209): Barryvdh\\Debugbar\\Middleware\\InjectDebugbar->handle()
#54 /var/www/html/Thames/thamescc-backend/packages/Webkul/Installer/src/Http/Middleware/CanInstall.php(30): Illuminate\\Pipeline\\Pipeline->Illuminate\\Pipeline\\{closure}()
#55 /var/www/html/Thames/thamescc-backend/vendor/laravel/framework/src/Illuminate/Pipeline/Pipeline.php(209): Webkul\\Installer\\Http\\Middleware\\CanInstall->handle()
#56 /var/www/html/Thames/thamescc-backend/packages/Webkul/Core/src/Http/Middleware/SecureHeaders.php(29): Illuminate\\Pipeline\\Pipeline->Illuminate\\Pipeline\\{closure}()
#57 /var/www/html/Thames/thamescc-backend/vendor/laravel/framework/src/Illuminate/Pipeline/Pipeline.php(209): Webkul\\Core\\Http\\Middleware\\SecureHeaders->handle()
#58 /var/www/html/Thames/thamescc-backend/vendor/laravel/framework/src/Illuminate/Foundation/Http/Middleware/TransformsRequest.php(21): Illuminate\\Pipeline\\Pipeline->Illuminate\\Pipeline\\{closure}()
#59 /var/www/html/Thames/thamescc-backend/vendor/laravel/framework/src/Illuminate/Foundation/Http/Middleware/TrimStrings.php(51): Illuminate\\Foundation\\Http\\Middleware\\TransformsRequest->handle()
#60 /var/www/html/Thames/thamescc-backend/vendor/laravel/framework/src/Illuminate/Pipeline/Pipeline.php(209): Illuminate\\Foundation\\Http\\Middleware\\TrimStrings->handle()
#61 /var/www/html/Thames/thamescc-backend/vendor/laravel/framework/src/Illuminate/Http/Middleware/ValidatePostSize.php(27): Illuminate\\Pipeline\\Pipeline->Illuminate\\Pipeline\\{closure}()
#62 /var/www/html/Thames/thamescc-backend/vendor/laravel/framework/src/Illuminate/Pipeline/Pipeline.php(209): Illuminate\\Http\\Middleware\\ValidatePostSize->handle()
#63 /var/www/html/Thames/thamescc-backend/vendor/laravel/framework/src/Illuminate/Http/Middleware/HandleCors.php(62): Illuminate\\Pipeline\\Pipeline->Illuminate\\Pipeline\\{closure}()
#64 /var/www/html/Thames/thamescc-backend/vendor/laravel/framework/src/Illuminate/Pipeline/Pipeline.php(209): Illuminate\\Http\\Middleware\\HandleCors->handle()
#65 /var/www/html/Thames/thamescc-backend/vendor/laravel/framework/src/Illuminate/Http/Middleware/TrustProxies.php(58): Illuminate\\Pipeline\\Pipeline->Illuminate\\Pipeline\\{closure}()
#66 /var/www/html/Thames/thamescc-backend/vendor/laravel/framework/src/Illuminate/Pipeline/Pipeline.php(209): Illuminate\\Http\\Middleware\\TrustProxies->handle()
#67 /var/www/html/Thames/thamescc-backend/vendor/laravel/framework/src/Illuminate/Foundation/Http/Middleware/InvokeDeferredCallbacks.php(22): Illuminate\\Pipeline\\Pipeline->Illuminate\\Pipeline\\{closure}()
#68 /var/www/html/Thames/thamescc-backend/vendor/laravel/framework/src/Illuminate/Pipeline/Pipeline.php(209): Illuminate\\Foundation\\Http\\Middleware\\InvokeDeferredCallbacks->handle()
#69 /var/www/html/Thames/thamescc-backend/vendor/laravel/framework/src/Illuminate/Pipeline/Pipeline.php(127): Illuminate\\Pipeline\\Pipeline->Illuminate\\Pipeline\\{closure}()
#70 /var/www/html/Thames/thamescc-backend/vendor/laravel/framework/src/Illuminate/Foundation/Http/Kernel.php(176): Illuminate\\Pipeline\\Pipeline->then()
#71 /var/www/html/Thames/thamescc-backend/vendor/laravel/framework/src/Illuminate/Foundation/Http/Kernel.php(145): Illuminate\\Foundation\\Http\\Kernel->sendRequestThroughRouter()
#72 /var/www/html/Thames/thamescc-backend/public/index.php(51): Illuminate\\Foundation\\Http\\Kernel->handle()
#73 /var/www/html/Thames/thamescc-backend/vendor/laravel/framework/src/Illuminate/Foundation/resources/server.php(23): require_once('...')
#74 {main}
"} 
[2025-06-19 12:28:56] local.ERROR: SQLSTATE[42000]: Syntax error or access violation: 1066 Not unique table/alias: 'pmp_or_not_product_attribute_values' (Connection: mysql, SQL: select count(*) as aggregate from (select distinct `products`.* from `products` left join `products` as `variants` on COALESCE(variants.parent_id, variants.id) = `products`.`id` left join `product_price_indices` on `products`.`id` = `product_price_indices`.`product_id` and `product_price_indices`.`customer_group_id` = 1 left join `product_channels` on `products`.`id` = `product_channels`.`product_id` left join `product_attribute_values` as `status_product_attribute_values` on `products`.`id` = `status_product_attribute_values`.`product_id` left join `product_attribute_values` as `url_key_product_attribute_values` on `products`.`id` = `url_key_product_attribute_values`.`product_id` left join `product_attribute_values` as `visible_individually_product_attribute_values` on `products`.`id` = `visible_individually_product_attribute_values`.`product_id` left join `product_attribute_values` as `pmp_or_not_product_attribute_values` on `products`.`id` = `pmp_or_not_product_attribute_values`.`product_id` and `pmp_or_not_product_attribute_values`.`attribute_id` = 49 left join `product_attribute_values` as `prom_id_product_attribute_values` on `products`.`id` = `prom_id_product_attribute_values`.`product_id` and `prom_id_product_attribute_values`.`attribute_id` = 41 left join `product_attribute_values` as `pmp_or_not_variant_attribute_values` on `variants`.`id` = `pmp_or_not_variant_attribute_values`.`product_id` and `pmp_or_not_variant_attribute_values`.`attribute_id` = 49 left join `product_attribute_values` as `prom_id_variant_attribute_values` on `variants`.`id` = `prom_id_variant_attribute_values`.`product_id` and `prom_id_variant_attribute_values`.`attribute_id` = 41 left join `product_attribute_values` as `pmp_or_not_product_attribute_values` on `products`.`id` = `pmp_or_not_product_attribute_values`.`product_id` and `pmp_or_not_product_attribute_values`.`attribute_id` = 49 where `product_channels`.`channel_id` = 1 and `status_product_attribute_values`.`attribute_id` = 8 and `status_product_attribute_values`.`boolean_value` = 1 and `url_key_product_attribute_values`.`attribute_id` = 3 and `url_key_product_attribute_values`.`text_value` is not null and `visible_individually_product_attribute_values`.`attribute_id` = 7 and `visible_individually_product_attribute_values`.`boolean_value` = 1 and ((`pmp_or_not_product_attribute_values`.`text_value` in (PMP) and `prom_id_product_attribute_values`.`text_value` in ()) or (`pmp_or_not_variant_attribute_values`.`text_value` in (PMP) and `prom_id_variant_attribute_values`.`text_value` in ())) and `pmp_or_not_product_attribute_values`.`text_value` in (PMP) group by `products`.`id`, `products`.`id`) as `aggregate_table`) {"exception":"[object] (Illuminate\\Database\\QueryException(code: 42000): SQLSTATE[42000]: Syntax error or access violation: 1066 Not unique table/alias: 'pmp_or_not_product_attribute_values' (Connection: mysql, SQL: select count(*) as aggregate from (select distinct `products`.* from `products` left join `products` as `variants` on COALESCE(variants.parent_id, variants.id) = `products`.`id` left join `product_price_indices` on `products`.`id` = `product_price_indices`.`product_id` and `product_price_indices`.`customer_group_id` = 1 left join `product_channels` on `products`.`id` = `product_channels`.`product_id` left join `product_attribute_values` as `status_product_attribute_values` on `products`.`id` = `status_product_attribute_values`.`product_id` left join `product_attribute_values` as `url_key_product_attribute_values` on `products`.`id` = `url_key_product_attribute_values`.`product_id` left join `product_attribute_values` as `visible_individually_product_attribute_values` on `products`.`id` = `visible_individually_product_attribute_values`.`product_id` left join `product_attribute_values` as `pmp_or_not_product_attribute_values` on `products`.`id` = `pmp_or_not_product_attribute_values`.`product_id` and `pmp_or_not_product_attribute_values`.`attribute_id` = 49 left join `product_attribute_values` as `prom_id_product_attribute_values` on `products`.`id` = `prom_id_product_attribute_values`.`product_id` and `prom_id_product_attribute_values`.`attribute_id` = 41 left join `product_attribute_values` as `pmp_or_not_variant_attribute_values` on `variants`.`id` = `pmp_or_not_variant_attribute_values`.`product_id` and `pmp_or_not_variant_attribute_values`.`attribute_id` = 49 left join `product_attribute_values` as `prom_id_variant_attribute_values` on `variants`.`id` = `prom_id_variant_attribute_values`.`product_id` and `prom_id_variant_attribute_values`.`attribute_id` = 41 left join `product_attribute_values` as `pmp_or_not_product_attribute_values` on `products`.`id` = `pmp_or_not_product_attribute_values`.`product_id` and `pmp_or_not_product_attribute_values`.`attribute_id` = 49 where `product_channels`.`channel_id` = 1 and `status_product_attribute_values`.`attribute_id` = 8 and `status_product_attribute_values`.`boolean_value` = 1 and `url_key_product_attribute_values`.`attribute_id` = 3 and `url_key_product_attribute_values`.`text_value` is not null and `visible_individually_product_attribute_values`.`attribute_id` = 7 and `visible_individually_product_attribute_values`.`boolean_value` = 1 and ((`pmp_or_not_product_attribute_values`.`text_value` in (PMP) and `prom_id_product_attribute_values`.`text_value` in ()) or (`pmp_or_not_variant_attribute_values`.`text_value` in (PMP) and `prom_id_variant_attribute_values`.`text_value` in ())) and `pmp_or_not_product_attribute_values`.`text_value` in (PMP) group by `products`.`id`, `products`.`id`) as `aggregate_table`) at /var/www/html/Thames/thamescc-backend/vendor/laravel/framework/src/Illuminate/Database/Connection.php:825)
[stacktrace]
#0 /var/www/html/Thames/thamescc-backend/vendor/laravel/framework/src/Illuminate/Database/Connection.php(779): Illuminate\\Database\\Connection->runQueryCallback()
#1 /var/www/html/Thames/thamescc-backend/vendor/laravel/framework/src/Illuminate/Database/Connection.php(398): Illuminate\\Database\\Connection->run()
#2 /var/www/html/Thames/thamescc-backend/vendor/laravel/framework/src/Illuminate/Database/Query/Builder.php(3106): Illuminate\\Database\\Connection->select()
#3 /var/www/html/Thames/thamescc-backend/vendor/laravel/framework/src/Illuminate/Database/Query/Builder.php(3091): Illuminate\\Database\\Query\\Builder->runSelect()
#4 /var/www/html/Thames/thamescc-backend/vendor/laravel/framework/src/Illuminate/Database/Query/Builder.php(3676): Illuminate\\Database\\Query\\Builder->Illuminate\\Database\\Query\\{closure}()
#5 /var/www/html/Thames/thamescc-backend/vendor/laravel/framework/src/Illuminate/Database/Query/Builder.php(3090): Illuminate\\Database\\Query\\Builder->onceWithColumns()
#6 /var/www/html/Thames/thamescc-backend/vendor/laravel/framework/src/Illuminate/Database/Query/Builder.php(3277): Illuminate\\Database\\Query\\Builder->get()
#7 /var/www/html/Thames/thamescc-backend/vendor/laravel/framework/src/Illuminate/Database/Query/Builder.php(3244): Illuminate\\Database\\Query\\Builder->runPaginationCountQuery()
#8 /var/www/html/Thames/thamescc-backend/vendor/laravel/framework/src/Illuminate/Database/Eloquent/Builder.php(1029): Illuminate\\Database\\Query\\Builder->getCountForPagination()
#9 /var/www/html/Thames/thamescc-backend/vendor/prettus/l5-repository/src/Prettus/Repository/Eloquent/BaseRepository.php(487): Illuminate\\Database\\Eloquent\\Builder->paginate()
#10 /var/www/html/Thames/thamescc-backend/vendor/prettus/l5-repository/src/Prettus/Repository/Traits/CacheableRepository.php(238): Prettus\\Repository\\Eloquent\\BaseRepository->paginate()
#11 /var/www/html/Thames/thamescc-backend/packages/Webkul/Product/src/Repositories/ProductRepository.php(453): Webkul\\Core\\Eloquent\\Repository->paginate()
#12 /var/www/html/Thames/thamescc-backend/packages/Webkul/Product/src/Repositories/ProductRepository.php(213): Webkul\\Product\\Repositories\\ProductRepository->searchFromDatabase()
#13 /var/www/html/Thames/thamescc-backend/packages/Webkul/Shop/src/Http/Controllers/API/ProductController.php(34): Webkul\\Product\\Repositories\\ProductRepository->getAll()
#14 /var/www/html/Thames/thamescc-backend/vendor/laravel/framework/src/Illuminate/Routing/Controller.php(54): Webkul\\Shop\\Http\\Controllers\\API\\ProductController->index()
#15 /var/www/html/Thames/thamescc-backend/vendor/laravel/framework/src/Illuminate/Routing/ControllerDispatcher.php(44): Illuminate\\Routing\\Controller->callAction()
#16 /var/www/html/Thames/thamescc-backend/vendor/laravel/framework/src/Illuminate/Routing/Route.php(266): Illuminate\\Routing\\ControllerDispatcher->dispatch()
#17 /var/www/html/Thames/thamescc-backend/vendor/laravel/framework/src/Illuminate/Routing/Route.php(212): Illuminate\\Routing\\Route->runController()
#18 /var/www/html/Thames/thamescc-backend/vendor/laravel/framework/src/Illuminate/Routing/Router.php(808): Illuminate\\Routing\\Route->run()
#19 /var/www/html/Thames/thamescc-backend/vendor/laravel/framework/src/Illuminate/Pipeline/Pipeline.php(170): Illuminate\\Routing\\Router->Illuminate\\Routing\\{closure}()
#20 /var/www/html/Thames/thamescc-backend/packages/Webkul/Core/src/Http/Middleware/PreventRequestsDuringMaintenance.php(119): Illuminate\\Pipeline\\Pipeline->Illuminate\\Pipeline\\{closure}()
#21 /var/www/html/Thames/thamescc-backend/vendor/laravel/framework/src/Illuminate/Pipeline/Pipeline.php(209): Webkul\\Core\\Http\\Middleware\\PreventRequestsDuringMaintenance->handle()
#22 /var/www/html/Thames/thamescc-backend/packages/Webkul/Shop/src/Http/Middleware/Currency.php(40): Illuminate\\Pipeline\\Pipeline->Illuminate\\Pipeline\\{closure}()
#23 /var/www/html/Thames/thamescc-backend/vendor/laravel/framework/src/Illuminate/Pipeline/Pipeline.php(209): Webkul\\Shop\\Http\\Middleware\\Currency->handle()
#24 /var/www/html/Thames/thamescc-backend/packages/Webkul/Shop/src/Http/Middleware/Locale.php(40): Illuminate\\Pipeline\\Pipeline->Illuminate\\Pipeline\\{closure}()
#25 /var/www/html/Thames/thamescc-backend/vendor/laravel/framework/src/Illuminate/Pipeline/Pipeline.php(209): Webkul\\Shop\\Http\\Middleware\\Locale->handle()
#26 /var/www/html/Thames/thamescc-backend/packages/Webkul/Shop/src/Http/Middleware/Theme.php(32): Illuminate\\Pipeline\\Pipeline->Illuminate\\Pipeline\\{closure}()
#27 /var/www/html/Thames/thamescc-backend/vendor/laravel/framework/src/Illuminate/Pipeline/Pipeline.php(209): Webkul\\Shop\\Http\\Middleware\\Theme->handle()
#28 /var/www/html/Thames/thamescc-backend/vendor/barryvdh/laravel-debugbar/src/Middleware/InjectDebugbar.php(66): Illuminate\\Pipeline\\Pipeline->Illuminate\\Pipeline\\{closure}()
#29 /var/www/html/Thames/thamescc-backend/vendor/laravel/framework/src/Illuminate/Pipeline/Pipeline.php(209): Barryvdh\\Debugbar\\Middleware\\InjectDebugbar->handle()
#30 /var/www/html/Thames/thamescc-backend/vendor/laravel/framework/src/Illuminate/Routing/Middleware/SubstituteBindings.php(51): Illuminate\\Pipeline\\Pipeline->Illuminate\\Pipeline\\{closure}()
#31 /var/www/html/Thames/thamescc-backend/vendor/laravel/framework/src/Illuminate/Pipeline/Pipeline.php(209): Illuminate\\Routing\\Middleware\\SubstituteBindings->handle()
#32 /var/www/html/Thames/thamescc-backend/vendor/laravel/framework/src/Illuminate/Foundation/Http/Middleware/VerifyCsrfToken.php(88): Illuminate\\Pipeline\\Pipeline->Illuminate\\Pipeline\\{closure}()
#33 /var/www/html/Thames/thamescc-backend/vendor/laravel/framework/src/Illuminate/Pipeline/Pipeline.php(209): Illuminate\\Foundation\\Http\\Middleware\\VerifyCsrfToken->handle()
#34 /var/www/html/Thames/thamescc-backend/vendor/laravel/framework/src/Illuminate/View/Middleware/ShareErrorsFromSession.php(49): Illuminate\\Pipeline\\Pipeline->Illuminate\\Pipeline\\{closure}()
#35 /var/www/html/Thames/thamescc-backend/vendor/laravel/framework/src/Illuminate/Pipeline/Pipeline.php(209): Illuminate\\View\\Middleware\\ShareErrorsFromSession->handle()
#36 /var/www/html/Thames/thamescc-backend/vendor/laravel/framework/src/Illuminate/Session/Middleware/StartSession.php(121): Illuminate\\Pipeline\\Pipeline->Illuminate\\Pipeline\\{closure}()
#37 /var/www/html/Thames/thamescc-backend/vendor/laravel/framework/src/Illuminate/Session/Middleware/StartSession.php(64): Illuminate\\Session\\Middleware\\StartSession->handleStatefulRequest()
#38 /var/www/html/Thames/thamescc-backend/vendor/laravel/framework/src/Illuminate/Pipeline/Pipeline.php(209): Illuminate\\Session\\Middleware\\StartSession->handle()
#39 /var/www/html/Thames/thamescc-backend/vendor/laravel/framework/src/Illuminate/Cookie/Middleware/AddQueuedCookiesToResponse.php(37): Illuminate\\Pipeline\\Pipeline->Illuminate\\Pipeline\\{closure}()
#40 /var/www/html/Thames/thamescc-backend/vendor/laravel/framework/src/Illuminate/Pipeline/Pipeline.php(209): Illuminate\\Cookie\\Middleware\\AddQueuedCookiesToResponse->handle()
#41 /var/www/html/Thames/thamescc-backend/vendor/laravel/framework/src/Illuminate/Cookie/Middleware/EncryptCookies.php(75): Illuminate\\Pipeline\\Pipeline->Illuminate\\Pipeline\\{closure}()
#42 /var/www/html/Thames/thamescc-backend/vendor/laravel/framework/src/Illuminate/Pipeline/Pipeline.php(209): Illuminate\\Cookie\\Middleware\\EncryptCookies->handle()
#43 /var/www/html/Thames/thamescc-backend/vendor/laravel/framework/src/Illuminate/Pipeline/Pipeline.php(127): Illuminate\\Pipeline\\Pipeline->Illuminate\\Pipeline\\{closure}()
#44 /var/www/html/Thames/thamescc-backend/vendor/laravel/framework/src/Illuminate/Routing/Router.php(807): Illuminate\\Pipeline\\Pipeline->then()
#45 /var/www/html/Thames/thamescc-backend/vendor/laravel/framework/src/Illuminate/Routing/Router.php(786): Illuminate\\Routing\\Router->runRouteWithinStack()
#46 /var/www/html/Thames/thamescc-backend/vendor/laravel/framework/src/Illuminate/Routing/Router.php(750): Illuminate\\Routing\\Router->runRoute()
#47 /var/www/html/Thames/thamescc-backend/vendor/laravel/framework/src/Illuminate/Routing/Router.php(739): Illuminate\\Routing\\Router->dispatchToRoute()
#48 /var/www/html/Thames/thamescc-backend/vendor/laravel/framework/src/Illuminate/Foundation/Http/Kernel.php(201): Illuminate\\Routing\\Router->dispatch()
#49 /var/www/html/Thames/thamescc-backend/vendor/laravel/framework/src/Illuminate/Pipeline/Pipeline.php(170): Illuminate\\Foundation\\Http\\Kernel->Illuminate\\Foundation\\Http\\{closure}()
#50 /var/www/html/Thames/thamescc-backend/vendor/barryvdh/laravel-debugbar/src/Middleware/InjectDebugbar.php(66): Illuminate\\Pipeline\\Pipeline->Illuminate\\Pipeline\\{closure}()
#51 /var/www/html/Thames/thamescc-backend/vendor/laravel/framework/src/Illuminate/Pipeline/Pipeline.php(209): Barryvdh\\Debugbar\\Middleware\\InjectDebugbar->handle()
#52 /var/www/html/Thames/thamescc-backend/packages/Webkul/Installer/src/Http/Middleware/CanInstall.php(30): Illuminate\\Pipeline\\Pipeline->Illuminate\\Pipeline\\{closure}()
#53 /var/www/html/Thames/thamescc-backend/vendor/laravel/framework/src/Illuminate/Pipeline/Pipeline.php(209): Webkul\\Installer\\Http\\Middleware\\CanInstall->handle()
#54 /var/www/html/Thames/thamescc-backend/packages/Webkul/Core/src/Http/Middleware/SecureHeaders.php(29): Illuminate\\Pipeline\\Pipeline->Illuminate\\Pipeline\\{closure}()
#55 /var/www/html/Thames/thamescc-backend/vendor/laravel/framework/src/Illuminate/Pipeline/Pipeline.php(209): Webkul\\Core\\Http\\Middleware\\SecureHeaders->handle()
#56 /var/www/html/Thames/thamescc-backend/vendor/laravel/framework/src/Illuminate/Foundation/Http/Middleware/TransformsRequest.php(21): Illuminate\\Pipeline\\Pipeline->Illuminate\\Pipeline\\{closure}()
#57 /var/www/html/Thames/thamescc-backend/vendor/laravel/framework/src/Illuminate/Foundation/Http/Middleware/TrimStrings.php(51): Illuminate\\Foundation\\Http\\Middleware\\TransformsRequest->handle()
#58 /var/www/html/Thames/thamescc-backend/vendor/laravel/framework/src/Illuminate/Pipeline/Pipeline.php(209): Illuminate\\Foundation\\Http\\Middleware\\TrimStrings->handle()
#59 /var/www/html/Thames/thamescc-backend/vendor/laravel/framework/src/Illuminate/Http/Middleware/ValidatePostSize.php(27): Illuminate\\Pipeline\\Pipeline->Illuminate\\Pipeline\\{closure}()
#60 /var/www/html/Thames/thamescc-backend/vendor/laravel/framework/src/Illuminate/Pipeline/Pipeline.php(209): Illuminate\\Http\\Middleware\\ValidatePostSize->handle()
#61 /var/www/html/Thames/thamescc-backend/vendor/laravel/framework/src/Illuminate/Http/Middleware/HandleCors.php(62): Illuminate\\Pipeline\\Pipeline->Illuminate\\Pipeline\\{closure}()
#62 /var/www/html/Thames/thamescc-backend/vendor/laravel/framework/src/Illuminate/Pipeline/Pipeline.php(209): Illuminate\\Http\\Middleware\\HandleCors->handle()
#63 /var/www/html/Thames/thamescc-backend/vendor/laravel/framework/src/Illuminate/Http/Middleware/TrustProxies.php(58): Illuminate\\Pipeline\\Pipeline->Illuminate\\Pipeline\\{closure}()
#64 /var/www/html/Thames/thamescc-backend/vendor/laravel/framework/src/Illuminate/Pipeline/Pipeline.php(209): Illuminate\\Http\\Middleware\\TrustProxies->handle()
#65 /var/www/html/Thames/thamescc-backend/vendor/laravel/framework/src/Illuminate/Foundation/Http/Middleware/InvokeDeferredCallbacks.php(22): Illuminate\\Pipeline\\Pipeline->Illuminate\\Pipeline\\{closure}()
#66 /var/www/html/Thames/thamescc-backend/vendor/laravel/framework/src/Illuminate/Pipeline/Pipeline.php(209): Illuminate\\Foundation\\Http\\Middleware\\InvokeDeferredCallbacks->handle()
#67 /var/www/html/Thames/thamescc-backend/vendor/laravel/framework/src/Illuminate/Pipeline/Pipeline.php(127): Illuminate\\Pipeline\\Pipeline->Illuminate\\Pipeline\\{closure}()
#68 /var/www/html/Thames/thamescc-backend/vendor/laravel/framework/src/Illuminate/Foundation/Http/Kernel.php(176): Illuminate\\Pipeline\\Pipeline->then()
#69 /var/www/html/Thames/thamescc-backend/vendor/laravel/framework/src/Illuminate/Foundation/Http/Kernel.php(145): Illuminate\\Foundation\\Http\\Kernel->sendRequestThroughRouter()
#70 /var/www/html/Thames/thamescc-backend/public/index.php(51): Illuminate\\Foundation\\Http\\Kernel->handle()
#71 /var/www/html/Thames/thamescc-backend/vendor/laravel/framework/src/Illuminate/Foundation/resources/server.php(23): require_once('...')
#72 {main}

[previous exception] [object] (PDOException(code: 42000): SQLSTATE[42000]: Syntax error or access violation: 1066 Not unique table/alias: 'pmp_or_not_product_attribute_values' at /var/www/html/Thames/thamescc-backend/vendor/laravel/framework/src/Illuminate/Database/Connection.php:407)
[stacktrace]
#0 /var/www/html/Thames/thamescc-backend/vendor/laravel/framework/src/Illuminate/Database/Connection.php(407): PDO->prepare()
#1 /var/www/html/Thames/thamescc-backend/vendor/laravel/framework/src/Illuminate/Database/Connection.php(812): Illuminate\\Database\\Connection->Illuminate\\Database\\{closure}()
#2 /var/www/html/Thames/thamescc-backend/vendor/laravel/framework/src/Illuminate/Database/Connection.php(779): Illuminate\\Database\\Connection->runQueryCallback()
#3 /var/www/html/Thames/thamescc-backend/vendor/laravel/framework/src/Illuminate/Database/Connection.php(398): Illuminate\\Database\\Connection->run()
#4 /var/www/html/Thames/thamescc-backend/vendor/laravel/framework/src/Illuminate/Database/Query/Builder.php(3106): Illuminate\\Database\\Connection->select()
#5 /var/www/html/Thames/thamescc-backend/vendor/laravel/framework/src/Illuminate/Database/Query/Builder.php(3091): Illuminate\\Database\\Query\\Builder->runSelect()
#6 /var/www/html/Thames/thamescc-backend/vendor/laravel/framework/src/Illuminate/Database/Query/Builder.php(3676): Illuminate\\Database\\Query\\Builder->Illuminate\\Database\\Query\\{closure}()
#7 /var/www/html/Thames/thamescc-backend/vendor/laravel/framework/src/Illuminate/Database/Query/Builder.php(3090): Illuminate\\Database\\Query\\Builder->onceWithColumns()
#8 /var/www/html/Thames/thamescc-backend/vendor/laravel/framework/src/Illuminate/Database/Query/Builder.php(3277): Illuminate\\Database\\Query\\Builder->get()
#9 /var/www/html/Thames/thamescc-backend/vendor/laravel/framework/src/Illuminate/Database/Query/Builder.php(3244): Illuminate\\Database\\Query\\Builder->runPaginationCountQuery()
#10 /var/www/html/Thames/thamescc-backend/vendor/laravel/framework/src/Illuminate/Database/Eloquent/Builder.php(1029): Illuminate\\Database\\Query\\Builder->getCountForPagination()
#11 /var/www/html/Thames/thamescc-backend/vendor/prettus/l5-repository/src/Prettus/Repository/Eloquent/BaseRepository.php(487): Illuminate\\Database\\Eloquent\\Builder->paginate()
#12 /var/www/html/Thames/thamescc-backend/vendor/prettus/l5-repository/src/Prettus/Repository/Traits/CacheableRepository.php(238): Prettus\\Repository\\Eloquent\\BaseRepository->paginate()
#13 /var/www/html/Thames/thamescc-backend/packages/Webkul/Product/src/Repositories/ProductRepository.php(453): Webkul\\Core\\Eloquent\\Repository->paginate()
#14 /var/www/html/Thames/thamescc-backend/packages/Webkul/Product/src/Repositories/ProductRepository.php(213): Webkul\\Product\\Repositories\\ProductRepository->searchFromDatabase()
#15 /var/www/html/Thames/thamescc-backend/packages/Webkul/Shop/src/Http/Controllers/API/ProductController.php(34): Webkul\\Product\\Repositories\\ProductRepository->getAll()
#16 /var/www/html/Thames/thamescc-backend/vendor/laravel/framework/src/Illuminate/Routing/Controller.php(54): Webkul\\Shop\\Http\\Controllers\\API\\ProductController->index()
#17 /var/www/html/Thames/thamescc-backend/vendor/laravel/framework/src/Illuminate/Routing/ControllerDispatcher.php(44): Illuminate\\Routing\\Controller->callAction()
#18 /var/www/html/Thames/thamescc-backend/vendor/laravel/framework/src/Illuminate/Routing/Route.php(266): Illuminate\\Routing\\ControllerDispatcher->dispatch()
#19 /var/www/html/Thames/thamescc-backend/vendor/laravel/framework/src/Illuminate/Routing/Route.php(212): Illuminate\\Routing\\Route->runController()
#20 /var/www/html/Thames/thamescc-backend/vendor/laravel/framework/src/Illuminate/Routing/Router.php(808): Illuminate\\Routing\\Route->run()
#21 /var/www/html/Thames/thamescc-backend/vendor/laravel/framework/src/Illuminate/Pipeline/Pipeline.php(170): Illuminate\\Routing\\Router->Illuminate\\Routing\\{closure}()
#22 /var/www/html/Thames/thamescc-backend/packages/Webkul/Core/src/Http/Middleware/PreventRequestsDuringMaintenance.php(119): Illuminate\\Pipeline\\Pipeline->Illuminate\\Pipeline\\{closure}()
#23 /var/www/html/Thames/thamescc-backend/vendor/laravel/framework/src/Illuminate/Pipeline/Pipeline.php(209): Webkul\\Core\\Http\\Middleware\\PreventRequestsDuringMaintenance->handle()
#24 /var/www/html/Thames/thamescc-backend/packages/Webkul/Shop/src/Http/Middleware/Currency.php(40): Illuminate\\Pipeline\\Pipeline->Illuminate\\Pipeline\\{closure}()
#25 /var/www/html/Thames/thamescc-backend/vendor/laravel/framework/src/Illuminate/Pipeline/Pipeline.php(209): Webkul\\Shop\\Http\\Middleware\\Currency->handle()
#26 /var/www/html/Thames/thamescc-backend/packages/Webkul/Shop/src/Http/Middleware/Locale.php(40): Illuminate\\Pipeline\\Pipeline->Illuminate\\Pipeline\\{closure}()
#27 /var/www/html/Thames/thamescc-backend/vendor/laravel/framework/src/Illuminate/Pipeline/Pipeline.php(209): Webkul\\Shop\\Http\\Middleware\\Locale->handle()
#28 /var/www/html/Thames/thamescc-backend/packages/Webkul/Shop/src/Http/Middleware/Theme.php(32): Illuminate\\Pipeline\\Pipeline->Illuminate\\Pipeline\\{closure}()
#29 /var/www/html/Thames/thamescc-backend/vendor/laravel/framework/src/Illuminate/Pipeline/Pipeline.php(209): Webkul\\Shop\\Http\\Middleware\\Theme->handle()
#30 /var/www/html/Thames/thamescc-backend/vendor/barryvdh/laravel-debugbar/src/Middleware/InjectDebugbar.php(66): Illuminate\\Pipeline\\Pipeline->Illuminate\\Pipeline\\{closure}()
#31 /var/www/html/Thames/thamescc-backend/vendor/laravel/framework/src/Illuminate/Pipeline/Pipeline.php(209): Barryvdh\\Debugbar\\Middleware\\InjectDebugbar->handle()
#32 /var/www/html/Thames/thamescc-backend/vendor/laravel/framework/src/Illuminate/Routing/Middleware/SubstituteBindings.php(51): Illuminate\\Pipeline\\Pipeline->Illuminate\\Pipeline\\{closure}()
#33 /var/www/html/Thames/thamescc-backend/vendor/laravel/framework/src/Illuminate/Pipeline/Pipeline.php(209): Illuminate\\Routing\\Middleware\\SubstituteBindings->handle()
#34 /var/www/html/Thames/thamescc-backend/vendor/laravel/framework/src/Illuminate/Foundation/Http/Middleware/VerifyCsrfToken.php(88): Illuminate\\Pipeline\\Pipeline->Illuminate\\Pipeline\\{closure}()
#35 /var/www/html/Thames/thamescc-backend/vendor/laravel/framework/src/Illuminate/Pipeline/Pipeline.php(209): Illuminate\\Foundation\\Http\\Middleware\\VerifyCsrfToken->handle()
#36 /var/www/html/Thames/thamescc-backend/vendor/laravel/framework/src/Illuminate/View/Middleware/ShareErrorsFromSession.php(49): Illuminate\\Pipeline\\Pipeline->Illuminate\\Pipeline\\{closure}()
#37 /var/www/html/Thames/thamescc-backend/vendor/laravel/framework/src/Illuminate/Pipeline/Pipeline.php(209): Illuminate\\View\\Middleware\\ShareErrorsFromSession->handle()
#38 /var/www/html/Thames/thamescc-backend/vendor/laravel/framework/src/Illuminate/Session/Middleware/StartSession.php(121): Illuminate\\Pipeline\\Pipeline->Illuminate\\Pipeline\\{closure}()
#39 /var/www/html/Thames/thamescc-backend/vendor/laravel/framework/src/Illuminate/Session/Middleware/StartSession.php(64): Illuminate\\Session\\Middleware\\StartSession->handleStatefulRequest()
#40 /var/www/html/Thames/thamescc-backend/vendor/laravel/framework/src/Illuminate/Pipeline/Pipeline.php(209): Illuminate\\Session\\Middleware\\StartSession->handle()
#41 /var/www/html/Thames/thamescc-backend/vendor/laravel/framework/src/Illuminate/Cookie/Middleware/AddQueuedCookiesToResponse.php(37): Illuminate\\Pipeline\\Pipeline->Illuminate\\Pipeline\\{closure}()
#42 /var/www/html/Thames/thamescc-backend/vendor/laravel/framework/src/Illuminate/Pipeline/Pipeline.php(209): Illuminate\\Cookie\\Middleware\\AddQueuedCookiesToResponse->handle()
#43 /var/www/html/Thames/thamescc-backend/vendor/laravel/framework/src/Illuminate/Cookie/Middleware/EncryptCookies.php(75): Illuminate\\Pipeline\\Pipeline->Illuminate\\Pipeline\\{closure}()
#44 /var/www/html/Thames/thamescc-backend/vendor/laravel/framework/src/Illuminate/Pipeline/Pipeline.php(209): Illuminate\\Cookie\\Middleware\\EncryptCookies->handle()
#45 /var/www/html/Thames/thamescc-backend/vendor/laravel/framework/src/Illuminate/Pipeline/Pipeline.php(127): Illuminate\\Pipeline\\Pipeline->Illuminate\\Pipeline\\{closure}()
#46 /var/www/html/Thames/thamescc-backend/vendor/laravel/framework/src/Illuminate/Routing/Router.php(807): Illuminate\\Pipeline\\Pipeline->then()
#47 /var/www/html/Thames/thamescc-backend/vendor/laravel/framework/src/Illuminate/Routing/Router.php(786): Illuminate\\Routing\\Router->runRouteWithinStack()
#48 /var/www/html/Thames/thamescc-backend/vendor/laravel/framework/src/Illuminate/Routing/Router.php(750): Illuminate\\Routing\\Router->runRoute()
#49 /var/www/html/Thames/thamescc-backend/vendor/laravel/framework/src/Illuminate/Routing/Router.php(739): Illuminate\\Routing\\Router->dispatchToRoute()
#50 /var/www/html/Thames/thamescc-backend/vendor/laravel/framework/src/Illuminate/Foundation/Http/Kernel.php(201): Illuminate\\Routing\\Router->dispatch()
#51 /var/www/html/Thames/thamescc-backend/vendor/laravel/framework/src/Illuminate/Pipeline/Pipeline.php(170): Illuminate\\Foundation\\Http\\Kernel->Illuminate\\Foundation\\Http\\{closure}()
#52 /var/www/html/Thames/thamescc-backend/vendor/barryvdh/laravel-debugbar/src/Middleware/InjectDebugbar.php(66): Illuminate\\Pipeline\\Pipeline->Illuminate\\Pipeline\\{closure}()
#53 /var/www/html/Thames/thamescc-backend/vendor/laravel/framework/src/Illuminate/Pipeline/Pipeline.php(209): Barryvdh\\Debugbar\\Middleware\\InjectDebugbar->handle()
#54 /var/www/html/Thames/thamescc-backend/packages/Webkul/Installer/src/Http/Middleware/CanInstall.php(30): Illuminate\\Pipeline\\Pipeline->Illuminate\\Pipeline\\{closure}()
#55 /var/www/html/Thames/thamescc-backend/vendor/laravel/framework/src/Illuminate/Pipeline/Pipeline.php(209): Webkul\\Installer\\Http\\Middleware\\CanInstall->handle()
#56 /var/www/html/Thames/thamescc-backend/packages/Webkul/Core/src/Http/Middleware/SecureHeaders.php(29): Illuminate\\Pipeline\\Pipeline->Illuminate\\Pipeline\\{closure}()
#57 /var/www/html/Thames/thamescc-backend/vendor/laravel/framework/src/Illuminate/Pipeline/Pipeline.php(209): Webkul\\Core\\Http\\Middleware\\SecureHeaders->handle()
#58 /var/www/html/Thames/thamescc-backend/vendor/laravel/framework/src/Illuminate/Foundation/Http/Middleware/TransformsRequest.php(21): Illuminate\\Pipeline\\Pipeline->Illuminate\\Pipeline\\{closure}()
#59 /var/www/html/Thames/thamescc-backend/vendor/laravel/framework/src/Illuminate/Foundation/Http/Middleware/TrimStrings.php(51): Illuminate\\Foundation\\Http\\Middleware\\TransformsRequest->handle()
#60 /var/www/html/Thames/thamescc-backend/vendor/laravel/framework/src/Illuminate/Pipeline/Pipeline.php(209): Illuminate\\Foundation\\Http\\Middleware\\TrimStrings->handle()
#61 /var/www/html/Thames/thamescc-backend/vendor/laravel/framework/src/Illuminate/Http/Middleware/ValidatePostSize.php(27): Illuminate\\Pipeline\\Pipeline->Illuminate\\Pipeline\\{closure}()
#62 /var/www/html/Thames/thamescc-backend/vendor/laravel/framework/src/Illuminate/Pipeline/Pipeline.php(209): Illuminate\\Http\\Middleware\\ValidatePostSize->handle()
#63 /var/www/html/Thames/thamescc-backend/vendor/laravel/framework/src/Illuminate/Http/Middleware/HandleCors.php(62): Illuminate\\Pipeline\\Pipeline->Illuminate\\Pipeline\\{closure}()
#64 /var/www/html/Thames/thamescc-backend/vendor/laravel/framework/src/Illuminate/Pipeline/Pipeline.php(209): Illuminate\\Http\\Middleware\\HandleCors->handle()
#65 /var/www/html/Thames/thamescc-backend/vendor/laravel/framework/src/Illuminate/Http/Middleware/TrustProxies.php(58): Illuminate\\Pipeline\\Pipeline->Illuminate\\Pipeline\\{closure}()
#66 /var/www/html/Thames/thamescc-backend/vendor/laravel/framework/src/Illuminate/Pipeline/Pipeline.php(209): Illuminate\\Http\\Middleware\\TrustProxies->handle()
#67 /var/www/html/Thames/thamescc-backend/vendor/laravel/framework/src/Illuminate/Foundation/Http/Middleware/InvokeDeferredCallbacks.php(22): Illuminate\\Pipeline\\Pipeline->Illuminate\\Pipeline\\{closure}()
#68 /var/www/html/Thames/thamescc-backend/vendor/laravel/framework/src/Illuminate/Pipeline/Pipeline.php(209): Illuminate\\Foundation\\Http\\Middleware\\InvokeDeferredCallbacks->handle()
#69 /var/www/html/Thames/thamescc-backend/vendor/laravel/framework/src/Illuminate/Pipeline/Pipeline.php(127): Illuminate\\Pipeline\\Pipeline->Illuminate\\Pipeline\\{closure}()
#70 /var/www/html/Thames/thamescc-backend/vendor/laravel/framework/src/Illuminate/Foundation/Http/Kernel.php(176): Illuminate\\Pipeline\\Pipeline->then()
#71 /var/www/html/Thames/thamescc-backend/vendor/laravel/framework/src/Illuminate/Foundation/Http/Kernel.php(145): Illuminate\\Foundation\\Http\\Kernel->sendRequestThroughRouter()
#72 /var/www/html/Thames/thamescc-backend/public/index.php(51): Illuminate\\Foundation\\Http\\Kernel->handle()
#73 /var/www/html/Thames/thamescc-backend/vendor/laravel/framework/src/Illuminate/Foundation/resources/server.php(23): require_once('...')
#74 {main}
"} 
[2025-06-19 12:44:54] local.ERROR: SQLSTATE[42S22]: Column not found: 1054 Unknown column 'locale' in 'where clause' (Connection: mysql, SQL: select * from `categories` where `status` = 1 and `locale` = en and `parent_id` is null and `id` != 1) {"exception":"[object] (Illuminate\\Database\\QueryException(code: 42S22): SQLSTATE[42S22]: Column not found: 1054 Unknown column 'locale' in 'where clause' (Connection: mysql, SQL: select * from `categories` where `status` = 1 and `locale` = en and `parent_id` is null and `id` != 1) at /var/www/html/Thames/thamescc-backend/vendor/laravel/framework/src/Illuminate/Database/Connection.php:825)
[stacktrace]
#0 /var/www/html/Thames/thamescc-backend/vendor/laravel/framework/src/Illuminate/Database/Connection.php(779): Illuminate\\Database\\Connection->runQueryCallback()
#1 /var/www/html/Thames/thamescc-backend/vendor/laravel/framework/src/Illuminate/Database/Connection.php(398): Illuminate\\Database\\Connection->run()
#2 /var/www/html/Thames/thamescc-backend/vendor/laravel/framework/src/Illuminate/Database/Query/Builder.php(3106): Illuminate\\Database\\Connection->select()
#3 /var/www/html/Thames/thamescc-backend/vendor/laravel/framework/src/Illuminate/Database/Query/Builder.php(3091): Illuminate\\Database\\Query\\Builder->runSelect()
#4 /var/www/html/Thames/thamescc-backend/vendor/laravel/framework/src/Illuminate/Database/Query/Builder.php(3676): Illuminate\\Database\\Query\\Builder->Illuminate\\Database\\Query\\{closure}()
#5 /var/www/html/Thames/thamescc-backend/vendor/laravel/framework/src/Illuminate/Database/Query/Builder.php(3090): Illuminate\\Database\\Query\\Builder->onceWithColumns()
#6 /var/www/html/Thames/thamescc-backend/vendor/laravel/framework/src/Illuminate/Database/Eloquent/Builder.php(811): Illuminate\\Database\\Query\\Builder->get()
#7 /var/www/html/Thames/thamescc-backend/vendor/laravel/framework/src/Illuminate/Database/Eloquent/Builder.php(793): Illuminate\\Database\\Eloquent\\Builder->getModels()
#8 /var/www/html/Thames/thamescc-backend/packages/Webkul/Shop/src/Http/Controllers/API/CategoryController.php(68): Illuminate\\Database\\Eloquent\\Builder->get()
#9 /var/www/html/Thames/thamescc-backend/vendor/laravel/framework/src/Illuminate/Routing/Controller.php(54): Webkul\\Shop\\Http\\Controllers\\API\\CategoryController->getAttributes()
#10 /var/www/html/Thames/thamescc-backend/vendor/laravel/framework/src/Illuminate/Routing/ControllerDispatcher.php(44): Illuminate\\Routing\\Controller->callAction()
#11 /var/www/html/Thames/thamescc-backend/vendor/laravel/framework/src/Illuminate/Routing/Route.php(266): Illuminate\\Routing\\ControllerDispatcher->dispatch()
#12 /var/www/html/Thames/thamescc-backend/vendor/laravel/framework/src/Illuminate/Routing/Route.php(212): Illuminate\\Routing\\Route->runController()
#13 /var/www/html/Thames/thamescc-backend/vendor/laravel/framework/src/Illuminate/Routing/Router.php(808): Illuminate\\Routing\\Route->run()
#14 /var/www/html/Thames/thamescc-backend/vendor/laravel/framework/src/Illuminate/Pipeline/Pipeline.php(170): Illuminate\\Routing\\Router->Illuminate\\Routing\\{closure}()
#15 /var/www/html/Thames/thamescc-backend/packages/Webkul/Core/src/Http/Middleware/PreventRequestsDuringMaintenance.php(119): Illuminate\\Pipeline\\Pipeline->Illuminate\\Pipeline\\{closure}()
#16 /var/www/html/Thames/thamescc-backend/vendor/laravel/framework/src/Illuminate/Pipeline/Pipeline.php(209): Webkul\\Core\\Http\\Middleware\\PreventRequestsDuringMaintenance->handle()
#17 /var/www/html/Thames/thamescc-backend/packages/Webkul/Shop/src/Http/Middleware/Currency.php(40): Illuminate\\Pipeline\\Pipeline->Illuminate\\Pipeline\\{closure}()
#18 /var/www/html/Thames/thamescc-backend/vendor/laravel/framework/src/Illuminate/Pipeline/Pipeline.php(209): Webkul\\Shop\\Http\\Middleware\\Currency->handle()
#19 /var/www/html/Thames/thamescc-backend/packages/Webkul/Shop/src/Http/Middleware/Locale.php(40): Illuminate\\Pipeline\\Pipeline->Illuminate\\Pipeline\\{closure}()
#20 /var/www/html/Thames/thamescc-backend/vendor/laravel/framework/src/Illuminate/Pipeline/Pipeline.php(209): Webkul\\Shop\\Http\\Middleware\\Locale->handle()
#21 /var/www/html/Thames/thamescc-backend/packages/Webkul/Shop/src/Http/Middleware/Theme.php(32): Illuminate\\Pipeline\\Pipeline->Illuminate\\Pipeline\\{closure}()
#22 /var/www/html/Thames/thamescc-backend/vendor/laravel/framework/src/Illuminate/Pipeline/Pipeline.php(209): Webkul\\Shop\\Http\\Middleware\\Theme->handle()
#23 /var/www/html/Thames/thamescc-backend/vendor/barryvdh/laravel-debugbar/src/Middleware/InjectDebugbar.php(66): Illuminate\\Pipeline\\Pipeline->Illuminate\\Pipeline\\{closure}()
#24 /var/www/html/Thames/thamescc-backend/vendor/laravel/framework/src/Illuminate/Pipeline/Pipeline.php(209): Barryvdh\\Debugbar\\Middleware\\InjectDebugbar->handle()
#25 /var/www/html/Thames/thamescc-backend/vendor/laravel/framework/src/Illuminate/Routing/Middleware/SubstituteBindings.php(51): Illuminate\\Pipeline\\Pipeline->Illuminate\\Pipeline\\{closure}()
#26 /var/www/html/Thames/thamescc-backend/vendor/laravel/framework/src/Illuminate/Pipeline/Pipeline.php(209): Illuminate\\Routing\\Middleware\\SubstituteBindings->handle()
#27 /var/www/html/Thames/thamescc-backend/vendor/laravel/framework/src/Illuminate/Foundation/Http/Middleware/VerifyCsrfToken.php(88): Illuminate\\Pipeline\\Pipeline->Illuminate\\Pipeline\\{closure}()
#28 /var/www/html/Thames/thamescc-backend/vendor/laravel/framework/src/Illuminate/Pipeline/Pipeline.php(209): Illuminate\\Foundation\\Http\\Middleware\\VerifyCsrfToken->handle()
#29 /var/www/html/Thames/thamescc-backend/vendor/laravel/framework/src/Illuminate/View/Middleware/ShareErrorsFromSession.php(49): Illuminate\\Pipeline\\Pipeline->Illuminate\\Pipeline\\{closure}()
#30 /var/www/html/Thames/thamescc-backend/vendor/laravel/framework/src/Illuminate/Pipeline/Pipeline.php(209): Illuminate\\View\\Middleware\\ShareErrorsFromSession->handle()
#31 /var/www/html/Thames/thamescc-backend/vendor/laravel/framework/src/Illuminate/Session/Middleware/StartSession.php(121): Illuminate\\Pipeline\\Pipeline->Illuminate\\Pipeline\\{closure}()
#32 /var/www/html/Thames/thamescc-backend/vendor/laravel/framework/src/Illuminate/Session/Middleware/StartSession.php(64): Illuminate\\Session\\Middleware\\StartSession->handleStatefulRequest()
#33 /var/www/html/Thames/thamescc-backend/vendor/laravel/framework/src/Illuminate/Pipeline/Pipeline.php(209): Illuminate\\Session\\Middleware\\StartSession->handle()
#34 /var/www/html/Thames/thamescc-backend/vendor/laravel/framework/src/Illuminate/Cookie/Middleware/AddQueuedCookiesToResponse.php(37): Illuminate\\Pipeline\\Pipeline->Illuminate\\Pipeline\\{closure}()
#35 /var/www/html/Thames/thamescc-backend/vendor/laravel/framework/src/Illuminate/Pipeline/Pipeline.php(209): Illuminate\\Cookie\\Middleware\\AddQueuedCookiesToResponse->handle()
#36 /var/www/html/Thames/thamescc-backend/vendor/laravel/framework/src/Illuminate/Cookie/Middleware/EncryptCookies.php(75): Illuminate\\Pipeline\\Pipeline->Illuminate\\Pipeline\\{closure}()
#37 /var/www/html/Thames/thamescc-backend/vendor/laravel/framework/src/Illuminate/Pipeline/Pipeline.php(209): Illuminate\\Cookie\\Middleware\\EncryptCookies->handle()
#38 /var/www/html/Thames/thamescc-backend/vendor/laravel/framework/src/Illuminate/Pipeline/Pipeline.php(127): Illuminate\\Pipeline\\Pipeline->Illuminate\\Pipeline\\{closure}()
#39 /var/www/html/Thames/thamescc-backend/vendor/laravel/framework/src/Illuminate/Routing/Router.php(807): Illuminate\\Pipeline\\Pipeline->then()
#40 /var/www/html/Thames/thamescc-backend/vendor/laravel/framework/src/Illuminate/Routing/Router.php(786): Illuminate\\Routing\\Router->runRouteWithinStack()
#41 /var/www/html/Thames/thamescc-backend/vendor/laravel/framework/src/Illuminate/Routing/Router.php(750): Illuminate\\Routing\\Router->runRoute()
#42 /var/www/html/Thames/thamescc-backend/vendor/laravel/framework/src/Illuminate/Routing/Router.php(739): Illuminate\\Routing\\Router->dispatchToRoute()
#43 /var/www/html/Thames/thamescc-backend/vendor/laravel/framework/src/Illuminate/Foundation/Http/Kernel.php(201): Illuminate\\Routing\\Router->dispatch()
#44 /var/www/html/Thames/thamescc-backend/vendor/laravel/framework/src/Illuminate/Pipeline/Pipeline.php(170): Illuminate\\Foundation\\Http\\Kernel->Illuminate\\Foundation\\Http\\{closure}()
#45 /var/www/html/Thames/thamescc-backend/vendor/barryvdh/laravel-debugbar/src/Middleware/InjectDebugbar.php(66): Illuminate\\Pipeline\\Pipeline->Illuminate\\Pipeline\\{closure}()
#46 /var/www/html/Thames/thamescc-backend/vendor/laravel/framework/src/Illuminate/Pipeline/Pipeline.php(209): Barryvdh\\Debugbar\\Middleware\\InjectDebugbar->handle()
#47 /var/www/html/Thames/thamescc-backend/packages/Webkul/Installer/src/Http/Middleware/CanInstall.php(30): Illuminate\\Pipeline\\Pipeline->Illuminate\\Pipeline\\{closure}()
#48 /var/www/html/Thames/thamescc-backend/vendor/laravel/framework/src/Illuminate/Pipeline/Pipeline.php(209): Webkul\\Installer\\Http\\Middleware\\CanInstall->handle()
#49 /var/www/html/Thames/thamescc-backend/packages/Webkul/Core/src/Http/Middleware/SecureHeaders.php(29): Illuminate\\Pipeline\\Pipeline->Illuminate\\Pipeline\\{closure}()
#50 /var/www/html/Thames/thamescc-backend/vendor/laravel/framework/src/Illuminate/Pipeline/Pipeline.php(209): Webkul\\Core\\Http\\Middleware\\SecureHeaders->handle()
#51 /var/www/html/Thames/thamescc-backend/vendor/laravel/framework/src/Illuminate/Foundation/Http/Middleware/TransformsRequest.php(21): Illuminate\\Pipeline\\Pipeline->Illuminate\\Pipeline\\{closure}()
#52 /var/www/html/Thames/thamescc-backend/vendor/laravel/framework/src/Illuminate/Foundation/Http/Middleware/TrimStrings.php(51): Illuminate\\Foundation\\Http\\Middleware\\TransformsRequest->handle()
#53 /var/www/html/Thames/thamescc-backend/vendor/laravel/framework/src/Illuminate/Pipeline/Pipeline.php(209): Illuminate\\Foundation\\Http\\Middleware\\TrimStrings->handle()
#54 /var/www/html/Thames/thamescc-backend/vendor/laravel/framework/src/Illuminate/Http/Middleware/ValidatePostSize.php(27): Illuminate\\Pipeline\\Pipeline->Illuminate\\Pipeline\\{closure}()
#55 /var/www/html/Thames/thamescc-backend/vendor/laravel/framework/src/Illuminate/Pipeline/Pipeline.php(209): Illuminate\\Http\\Middleware\\ValidatePostSize->handle()
#56 /var/www/html/Thames/thamescc-backend/vendor/laravel/framework/src/Illuminate/Http/Middleware/HandleCors.php(62): Illuminate\\Pipeline\\Pipeline->Illuminate\\Pipeline\\{closure}()
#57 /var/www/html/Thames/thamescc-backend/vendor/laravel/framework/src/Illuminate/Pipeline/Pipeline.php(209): Illuminate\\Http\\Middleware\\HandleCors->handle()
#58 /var/www/html/Thames/thamescc-backend/vendor/laravel/framework/src/Illuminate/Http/Middleware/TrustProxies.php(58): Illuminate\\Pipeline\\Pipeline->Illuminate\\Pipeline\\{closure}()
#59 /var/www/html/Thames/thamescc-backend/vendor/laravel/framework/src/Illuminate/Pipeline/Pipeline.php(209): Illuminate\\Http\\Middleware\\TrustProxies->handle()
#60 /var/www/html/Thames/thamescc-backend/vendor/laravel/framework/src/Illuminate/Foundation/Http/Middleware/InvokeDeferredCallbacks.php(22): Illuminate\\Pipeline\\Pipeline->Illuminate\\Pipeline\\{closure}()
#61 /var/www/html/Thames/thamescc-backend/vendor/laravel/framework/src/Illuminate/Pipeline/Pipeline.php(209): Illuminate\\Foundation\\Http\\Middleware\\InvokeDeferredCallbacks->handle()
#62 /var/www/html/Thames/thamescc-backend/vendor/laravel/framework/src/Illuminate/Pipeline/Pipeline.php(127): Illuminate\\Pipeline\\Pipeline->Illuminate\\Pipeline\\{closure}()
#63 /var/www/html/Thames/thamescc-backend/vendor/laravel/framework/src/Illuminate/Foundation/Http/Kernel.php(176): Illuminate\\Pipeline\\Pipeline->then()
#64 /var/www/html/Thames/thamescc-backend/vendor/laravel/framework/src/Illuminate/Foundation/Http/Kernel.php(145): Illuminate\\Foundation\\Http\\Kernel->sendRequestThroughRouter()
#65 /var/www/html/Thames/thamescc-backend/public/index.php(51): Illuminate\\Foundation\\Http\\Kernel->handle()
#66 /var/www/html/Thames/thamescc-backend/vendor/laravel/framework/src/Illuminate/Foundation/resources/server.php(23): require_once('...')
#67 {main}

[previous exception] [object] (PDOException(code: 42S22): SQLSTATE[42S22]: Column not found: 1054 Unknown column 'locale' in 'where clause' at /var/www/html/Thames/thamescc-backend/vendor/laravel/framework/src/Illuminate/Database/Connection.php:407)
[stacktrace]
#0 /var/www/html/Thames/thamescc-backend/vendor/laravel/framework/src/Illuminate/Database/Connection.php(407): PDO->prepare()
#1 /var/www/html/Thames/thamescc-backend/vendor/laravel/framework/src/Illuminate/Database/Connection.php(812): Illuminate\\Database\\Connection->Illuminate\\Database\\{closure}()
#2 /var/www/html/Thames/thamescc-backend/vendor/laravel/framework/src/Illuminate/Database/Connection.php(779): Illuminate\\Database\\Connection->runQueryCallback()
#3 /var/www/html/Thames/thamescc-backend/vendor/laravel/framework/src/Illuminate/Database/Connection.php(398): Illuminate\\Database\\Connection->run()
#4 /var/www/html/Thames/thamescc-backend/vendor/laravel/framework/src/Illuminate/Database/Query/Builder.php(3106): Illuminate\\Database\\Connection->select()
#5 /var/www/html/Thames/thamescc-backend/vendor/laravel/framework/src/Illuminate/Database/Query/Builder.php(3091): Illuminate\\Database\\Query\\Builder->runSelect()
#6 /var/www/html/Thames/thamescc-backend/vendor/laravel/framework/src/Illuminate/Database/Query/Builder.php(3676): Illuminate\\Database\\Query\\Builder->Illuminate\\Database\\Query\\{closure}()
#7 /var/www/html/Thames/thamescc-backend/vendor/laravel/framework/src/Illuminate/Database/Query/Builder.php(3090): Illuminate\\Database\\Query\\Builder->onceWithColumns()
#8 /var/www/html/Thames/thamescc-backend/vendor/laravel/framework/src/Illuminate/Database/Eloquent/Builder.php(811): Illuminate\\Database\\Query\\Builder->get()
#9 /var/www/html/Thames/thamescc-backend/vendor/laravel/framework/src/Illuminate/Database/Eloquent/Builder.php(793): Illuminate\\Database\\Eloquent\\Builder->getModels()
#10 /var/www/html/Thames/thamescc-backend/packages/Webkul/Shop/src/Http/Controllers/API/CategoryController.php(68): Illuminate\\Database\\Eloquent\\Builder->get()
#11 /var/www/html/Thames/thamescc-backend/vendor/laravel/framework/src/Illuminate/Routing/Controller.php(54): Webkul\\Shop\\Http\\Controllers\\API\\CategoryController->getAttributes()
#12 /var/www/html/Thames/thamescc-backend/vendor/laravel/framework/src/Illuminate/Routing/ControllerDispatcher.php(44): Illuminate\\Routing\\Controller->callAction()
#13 /var/www/html/Thames/thamescc-backend/vendor/laravel/framework/src/Illuminate/Routing/Route.php(266): Illuminate\\Routing\\ControllerDispatcher->dispatch()
#14 /var/www/html/Thames/thamescc-backend/vendor/laravel/framework/src/Illuminate/Routing/Route.php(212): Illuminate\\Routing\\Route->runController()
#15 /var/www/html/Thames/thamescc-backend/vendor/laravel/framework/src/Illuminate/Routing/Router.php(808): Illuminate\\Routing\\Route->run()
#16 /var/www/html/Thames/thamescc-backend/vendor/laravel/framework/src/Illuminate/Pipeline/Pipeline.php(170): Illuminate\\Routing\\Router->Illuminate\\Routing\\{closure}()
#17 /var/www/html/Thames/thamescc-backend/packages/Webkul/Core/src/Http/Middleware/PreventRequestsDuringMaintenance.php(119): Illuminate\\Pipeline\\Pipeline->Illuminate\\Pipeline\\{closure}()
#18 /var/www/html/Thames/thamescc-backend/vendor/laravel/framework/src/Illuminate/Pipeline/Pipeline.php(209): Webkul\\Core\\Http\\Middleware\\PreventRequestsDuringMaintenance->handle()
#19 /var/www/html/Thames/thamescc-backend/packages/Webkul/Shop/src/Http/Middleware/Currency.php(40): Illuminate\\Pipeline\\Pipeline->Illuminate\\Pipeline\\{closure}()
#20 /var/www/html/Thames/thamescc-backend/vendor/laravel/framework/src/Illuminate/Pipeline/Pipeline.php(209): Webkul\\Shop\\Http\\Middleware\\Currency->handle()
#21 /var/www/html/Thames/thamescc-backend/packages/Webkul/Shop/src/Http/Middleware/Locale.php(40): Illuminate\\Pipeline\\Pipeline->Illuminate\\Pipeline\\{closure}()
#22 /var/www/html/Thames/thamescc-backend/vendor/laravel/framework/src/Illuminate/Pipeline/Pipeline.php(209): Webkul\\Shop\\Http\\Middleware\\Locale->handle()
#23 /var/www/html/Thames/thamescc-backend/packages/Webkul/Shop/src/Http/Middleware/Theme.php(32): Illuminate\\Pipeline\\Pipeline->Illuminate\\Pipeline\\{closure}()
#24 /var/www/html/Thames/thamescc-backend/vendor/laravel/framework/src/Illuminate/Pipeline/Pipeline.php(209): Webkul\\Shop\\Http\\Middleware\\Theme->handle()
#25 /var/www/html/Thames/thamescc-backend/vendor/barryvdh/laravel-debugbar/src/Middleware/InjectDebugbar.php(66): Illuminate\\Pipeline\\Pipeline->Illuminate\\Pipeline\\{closure}()
#26 /var/www/html/Thames/thamescc-backend/vendor/laravel/framework/src/Illuminate/Pipeline/Pipeline.php(209): Barryvdh\\Debugbar\\Middleware\\InjectDebugbar->handle()
#27 /var/www/html/Thames/thamescc-backend/vendor/laravel/framework/src/Illuminate/Routing/Middleware/SubstituteBindings.php(51): Illuminate\\Pipeline\\Pipeline->Illuminate\\Pipeline\\{closure}()
#28 /var/www/html/Thames/thamescc-backend/vendor/laravel/framework/src/Illuminate/Pipeline/Pipeline.php(209): Illuminate\\Routing\\Middleware\\SubstituteBindings->handle()
#29 /var/www/html/Thames/thamescc-backend/vendor/laravel/framework/src/Illuminate/Foundation/Http/Middleware/VerifyCsrfToken.php(88): Illuminate\\Pipeline\\Pipeline->Illuminate\\Pipeline\\{closure}()
#30 /var/www/html/Thames/thamescc-backend/vendor/laravel/framework/src/Illuminate/Pipeline/Pipeline.php(209): Illuminate\\Foundation\\Http\\Middleware\\VerifyCsrfToken->handle()
#31 /var/www/html/Thames/thamescc-backend/vendor/laravel/framework/src/Illuminate/View/Middleware/ShareErrorsFromSession.php(49): Illuminate\\Pipeline\\Pipeline->Illuminate\\Pipeline\\{closure}()
#32 /var/www/html/Thames/thamescc-backend/vendor/laravel/framework/src/Illuminate/Pipeline/Pipeline.php(209): Illuminate\\View\\Middleware\\ShareErrorsFromSession->handle()
#33 /var/www/html/Thames/thamescc-backend/vendor/laravel/framework/src/Illuminate/Session/Middleware/StartSession.php(121): Illuminate\\Pipeline\\Pipeline->Illuminate\\Pipeline\\{closure}()
#34 /var/www/html/Thames/thamescc-backend/vendor/laravel/framework/src/Illuminate/Session/Middleware/StartSession.php(64): Illuminate\\Session\\Middleware\\StartSession->handleStatefulRequest()
#35 /var/www/html/Thames/thamescc-backend/vendor/laravel/framework/src/Illuminate/Pipeline/Pipeline.php(209): Illuminate\\Session\\Middleware\\StartSession->handle()
#36 /var/www/html/Thames/thamescc-backend/vendor/laravel/framework/src/Illuminate/Cookie/Middleware/AddQueuedCookiesToResponse.php(37): Illuminate\\Pipeline\\Pipeline->Illuminate\\Pipeline\\{closure}()
#37 /var/www/html/Thames/thamescc-backend/vendor/laravel/framework/src/Illuminate/Pipeline/Pipeline.php(209): Illuminate\\Cookie\\Middleware\\AddQueuedCookiesToResponse->handle()
#38 /var/www/html/Thames/thamescc-backend/vendor/laravel/framework/src/Illuminate/Cookie/Middleware/EncryptCookies.php(75): Illuminate\\Pipeline\\Pipeline->Illuminate\\Pipeline\\{closure}()
#39 /var/www/html/Thames/thamescc-backend/vendor/laravel/framework/src/Illuminate/Pipeline/Pipeline.php(209): Illuminate\\Cookie\\Middleware\\EncryptCookies->handle()
#40 /var/www/html/Thames/thamescc-backend/vendor/laravel/framework/src/Illuminate/Pipeline/Pipeline.php(127): Illuminate\\Pipeline\\Pipeline->Illuminate\\Pipeline\\{closure}()
#41 /var/www/html/Thames/thamescc-backend/vendor/laravel/framework/src/Illuminate/Routing/Router.php(807): Illuminate\\Pipeline\\Pipeline->then()
#42 /var/www/html/Thames/thamescc-backend/vendor/laravel/framework/src/Illuminate/Routing/Router.php(786): Illuminate\\Routing\\Router->runRouteWithinStack()
#43 /var/www/html/Thames/thamescc-backend/vendor/laravel/framework/src/Illuminate/Routing/Router.php(750): Illuminate\\Routing\\Router->runRoute()
#44 /var/www/html/Thames/thamescc-backend/vendor/laravel/framework/src/Illuminate/Routing/Router.php(739): Illuminate\\Routing\\Router->dispatchToRoute()
#45 /var/www/html/Thames/thamescc-backend/vendor/laravel/framework/src/Illuminate/Foundation/Http/Kernel.php(201): Illuminate\\Routing\\Router->dispatch()
#46 /var/www/html/Thames/thamescc-backend/vendor/laravel/framework/src/Illuminate/Pipeline/Pipeline.php(170): Illuminate\\Foundation\\Http\\Kernel->Illuminate\\Foundation\\Http\\{closure}()
#47 /var/www/html/Thames/thamescc-backend/vendor/barryvdh/laravel-debugbar/src/Middleware/InjectDebugbar.php(66): Illuminate\\Pipeline\\Pipeline->Illuminate\\Pipeline\\{closure}()
#48 /var/www/html/Thames/thamescc-backend/vendor/laravel/framework/src/Illuminate/Pipeline/Pipeline.php(209): Barryvdh\\Debugbar\\Middleware\\InjectDebugbar->handle()
#49 /var/www/html/Thames/thamescc-backend/packages/Webkul/Installer/src/Http/Middleware/CanInstall.php(30): Illuminate\\Pipeline\\Pipeline->Illuminate\\Pipeline\\{closure}()
#50 /var/www/html/Thames/thamescc-backend/vendor/laravel/framework/src/Illuminate/Pipeline/Pipeline.php(209): Webkul\\Installer\\Http\\Middleware\\CanInstall->handle()
#51 /var/www/html/Thames/thamescc-backend/packages/Webkul/Core/src/Http/Middleware/SecureHeaders.php(29): Illuminate\\Pipeline\\Pipeline->Illuminate\\Pipeline\\{closure}()
#52 /var/www/html/Thames/thamescc-backend/vendor/laravel/framework/src/Illuminate/Pipeline/Pipeline.php(209): Webkul\\Core\\Http\\Middleware\\SecureHeaders->handle()
#53 /var/www/html/Thames/thamescc-backend/vendor/laravel/framework/src/Illuminate/Foundation/Http/Middleware/TransformsRequest.php(21): Illuminate\\Pipeline\\Pipeline->Illuminate\\Pipeline\\{closure}()
#54 /var/www/html/Thames/thamescc-backend/vendor/laravel/framework/src/Illuminate/Foundation/Http/Middleware/TrimStrings.php(51): Illuminate\\Foundation\\Http\\Middleware\\TransformsRequest->handle()
#55 /var/www/html/Thames/thamescc-backend/vendor/laravel/framework/src/Illuminate/Pipeline/Pipeline.php(209): Illuminate\\Foundation\\Http\\Middleware\\TrimStrings->handle()
#56 /var/www/html/Thames/thamescc-backend/vendor/laravel/framework/src/Illuminate/Http/Middleware/ValidatePostSize.php(27): Illuminate\\Pipeline\\Pipeline->Illuminate\\Pipeline\\{closure}()
#57 /var/www/html/Thames/thamescc-backend/vendor/laravel/framework/src/Illuminate/Pipeline/Pipeline.php(209): Illuminate\\Http\\Middleware\\ValidatePostSize->handle()
#58 /var/www/html/Thames/thamescc-backend/vendor/laravel/framework/src/Illuminate/Http/Middleware/HandleCors.php(62): Illuminate\\Pipeline\\Pipeline->Illuminate\\Pipeline\\{closure}()
#59 /var/www/html/Thames/thamescc-backend/vendor/laravel/framework/src/Illuminate/Pipeline/Pipeline.php(209): Illuminate\\Http\\Middleware\\HandleCors->handle()
#60 /var/www/html/Thames/thamescc-backend/vendor/laravel/framework/src/Illuminate/Http/Middleware/TrustProxies.php(58): Illuminate\\Pipeline\\Pipeline->Illuminate\\Pipeline\\{closure}()
#61 /var/www/html/Thames/thamescc-backend/vendor/laravel/framework/src/Illuminate/Pipeline/Pipeline.php(209): Illuminate\\Http\\Middleware\\TrustProxies->handle()
#62 /var/www/html/Thames/thamescc-backend/vendor/laravel/framework/src/Illuminate/Foundation/Http/Middleware/InvokeDeferredCallbacks.php(22): Illuminate\\Pipeline\\Pipeline->Illuminate\\Pipeline\\{closure}()
#63 /var/www/html/Thames/thamescc-backend/vendor/laravel/framework/src/Illuminate/Pipeline/Pipeline.php(209): Illuminate\\Foundation\\Http\\Middleware\\InvokeDeferredCallbacks->handle()
#64 /var/www/html/Thames/thamescc-backend/vendor/laravel/framework/src/Illuminate/Pipeline/Pipeline.php(127): Illuminate\\Pipeline\\Pipeline->Illuminate\\Pipeline\\{closure}()
#65 /var/www/html/Thames/thamescc-backend/vendor/laravel/framework/src/Illuminate/Foundation/Http/Kernel.php(176): Illuminate\\Pipeline\\Pipeline->then()
#66 /var/www/html/Thames/thamescc-backend/vendor/laravel/framework/src/Illuminate/Foundation/Http/Kernel.php(145): Illuminate\\Foundation\\Http\\Kernel->sendRequestThroughRouter()
#67 /var/www/html/Thames/thamescc-backend/public/index.php(51): Illuminate\\Foundation\\Http\\Kernel->handle()
#68 /var/www/html/Thames/thamescc-backend/vendor/laravel/framework/src/Illuminate/Foundation/resources/server.php(23): require_once('...')
#69 {main}
"} 
[2025-06-19 13:04:46] local.ERROR: Class "Webkul\Shop\Http\Controllers\API\DB" not found {"exception":"[object] (Error(code: 0): Class \"Webkul\\Shop\\Http\\Controllers\\API\\DB\" not found at /var/www/html/Thames/thamescc-backend/packages/Webkul/Shop/src/Http/Controllers/API/CategoryController.php:89)
[stacktrace]
#0 /var/www/html/Thames/thamescc-backend/vendor/laravel/framework/src/Illuminate/Routing/Controller.php(54): Webkul\\Shop\\Http\\Controllers\\API\\CategoryController->getAttributes()
#1 /var/www/html/Thames/thamescc-backend/vendor/laravel/framework/src/Illuminate/Routing/ControllerDispatcher.php(44): Illuminate\\Routing\\Controller->callAction()
#2 /var/www/html/Thames/thamescc-backend/vendor/laravel/framework/src/Illuminate/Routing/Route.php(266): Illuminate\\Routing\\ControllerDispatcher->dispatch()
#3 /var/www/html/Thames/thamescc-backend/vendor/laravel/framework/src/Illuminate/Routing/Route.php(212): Illuminate\\Routing\\Route->runController()
#4 /var/www/html/Thames/thamescc-backend/vendor/laravel/framework/src/Illuminate/Routing/Router.php(808): Illuminate\\Routing\\Route->run()
#5 /var/www/html/Thames/thamescc-backend/vendor/laravel/framework/src/Illuminate/Pipeline/Pipeline.php(170): Illuminate\\Routing\\Router->Illuminate\\Routing\\{closure}()
#6 /var/www/html/Thames/thamescc-backend/packages/Webkul/Core/src/Http/Middleware/PreventRequestsDuringMaintenance.php(119): Illuminate\\Pipeline\\Pipeline->Illuminate\\Pipeline\\{closure}()
#7 /var/www/html/Thames/thamescc-backend/vendor/laravel/framework/src/Illuminate/Pipeline/Pipeline.php(209): Webkul\\Core\\Http\\Middleware\\PreventRequestsDuringMaintenance->handle()
#8 /var/www/html/Thames/thamescc-backend/packages/Webkul/Shop/src/Http/Middleware/Currency.php(40): Illuminate\\Pipeline\\Pipeline->Illuminate\\Pipeline\\{closure}()
#9 /var/www/html/Thames/thamescc-backend/vendor/laravel/framework/src/Illuminate/Pipeline/Pipeline.php(209): Webkul\\Shop\\Http\\Middleware\\Currency->handle()
#10 /var/www/html/Thames/thamescc-backend/packages/Webkul/Shop/src/Http/Middleware/Locale.php(40): Illuminate\\Pipeline\\Pipeline->Illuminate\\Pipeline\\{closure}()
#11 /var/www/html/Thames/thamescc-backend/vendor/laravel/framework/src/Illuminate/Pipeline/Pipeline.php(209): Webkul\\Shop\\Http\\Middleware\\Locale->handle()
#12 /var/www/html/Thames/thamescc-backend/packages/Webkul/Shop/src/Http/Middleware/Theme.php(32): Illuminate\\Pipeline\\Pipeline->Illuminate\\Pipeline\\{closure}()
#13 /var/www/html/Thames/thamescc-backend/vendor/laravel/framework/src/Illuminate/Pipeline/Pipeline.php(209): Webkul\\Shop\\Http\\Middleware\\Theme->handle()
#14 /var/www/html/Thames/thamescc-backend/vendor/barryvdh/laravel-debugbar/src/Middleware/InjectDebugbar.php(66): Illuminate\\Pipeline\\Pipeline->Illuminate\\Pipeline\\{closure}()
#15 /var/www/html/Thames/thamescc-backend/vendor/laravel/framework/src/Illuminate/Pipeline/Pipeline.php(209): Barryvdh\\Debugbar\\Middleware\\InjectDebugbar->handle()
#16 /var/www/html/Thames/thamescc-backend/vendor/laravel/framework/src/Illuminate/Routing/Middleware/SubstituteBindings.php(51): Illuminate\\Pipeline\\Pipeline->Illuminate\\Pipeline\\{closure}()
#17 /var/www/html/Thames/thamescc-backend/vendor/laravel/framework/src/Illuminate/Pipeline/Pipeline.php(209): Illuminate\\Routing\\Middleware\\SubstituteBindings->handle()
#18 /var/www/html/Thames/thamescc-backend/vendor/laravel/framework/src/Illuminate/Foundation/Http/Middleware/VerifyCsrfToken.php(88): Illuminate\\Pipeline\\Pipeline->Illuminate\\Pipeline\\{closure}()
#19 /var/www/html/Thames/thamescc-backend/vendor/laravel/framework/src/Illuminate/Pipeline/Pipeline.php(209): Illuminate\\Foundation\\Http\\Middleware\\VerifyCsrfToken->handle()
#20 /var/www/html/Thames/thamescc-backend/vendor/laravel/framework/src/Illuminate/View/Middleware/ShareErrorsFromSession.php(49): Illuminate\\Pipeline\\Pipeline->Illuminate\\Pipeline\\{closure}()
#21 /var/www/html/Thames/thamescc-backend/vendor/laravel/framework/src/Illuminate/Pipeline/Pipeline.php(209): Illuminate\\View\\Middleware\\ShareErrorsFromSession->handle()
#22 /var/www/html/Thames/thamescc-backend/vendor/laravel/framework/src/Illuminate/Session/Middleware/StartSession.php(121): Illuminate\\Pipeline\\Pipeline->Illuminate\\Pipeline\\{closure}()
#23 /var/www/html/Thames/thamescc-backend/vendor/laravel/framework/src/Illuminate/Session/Middleware/StartSession.php(64): Illuminate\\Session\\Middleware\\StartSession->handleStatefulRequest()
#24 /var/www/html/Thames/thamescc-backend/vendor/laravel/framework/src/Illuminate/Pipeline/Pipeline.php(209): Illuminate\\Session\\Middleware\\StartSession->handle()
#25 /var/www/html/Thames/thamescc-backend/vendor/laravel/framework/src/Illuminate/Cookie/Middleware/AddQueuedCookiesToResponse.php(37): Illuminate\\Pipeline\\Pipeline->Illuminate\\Pipeline\\{closure}()
#26 /var/www/html/Thames/thamescc-backend/vendor/laravel/framework/src/Illuminate/Pipeline/Pipeline.php(209): Illuminate\\Cookie\\Middleware\\AddQueuedCookiesToResponse->handle()
#27 /var/www/html/Thames/thamescc-backend/vendor/laravel/framework/src/Illuminate/Cookie/Middleware/EncryptCookies.php(75): Illuminate\\Pipeline\\Pipeline->Illuminate\\Pipeline\\{closure}()
#28 /var/www/html/Thames/thamescc-backend/vendor/laravel/framework/src/Illuminate/Pipeline/Pipeline.php(209): Illuminate\\Cookie\\Middleware\\EncryptCookies->handle()
#29 /var/www/html/Thames/thamescc-backend/vendor/laravel/framework/src/Illuminate/Pipeline/Pipeline.php(127): Illuminate\\Pipeline\\Pipeline->Illuminate\\Pipeline\\{closure}()
#30 /var/www/html/Thames/thamescc-backend/vendor/laravel/framework/src/Illuminate/Routing/Router.php(807): Illuminate\\Pipeline\\Pipeline->then()
#31 /var/www/html/Thames/thamescc-backend/vendor/laravel/framework/src/Illuminate/Routing/Router.php(786): Illuminate\\Routing\\Router->runRouteWithinStack()
#32 /var/www/html/Thames/thamescc-backend/vendor/laravel/framework/src/Illuminate/Routing/Router.php(750): Illuminate\\Routing\\Router->runRoute()
#33 /var/www/html/Thames/thamescc-backend/vendor/laravel/framework/src/Illuminate/Routing/Router.php(739): Illuminate\\Routing\\Router->dispatchToRoute()
#34 /var/www/html/Thames/thamescc-backend/vendor/laravel/framework/src/Illuminate/Foundation/Http/Kernel.php(201): Illuminate\\Routing\\Router->dispatch()
#35 /var/www/html/Thames/thamescc-backend/vendor/laravel/framework/src/Illuminate/Pipeline/Pipeline.php(170): Illuminate\\Foundation\\Http\\Kernel->Illuminate\\Foundation\\Http\\{closure}()
#36 /var/www/html/Thames/thamescc-backend/vendor/barryvdh/laravel-debugbar/src/Middleware/InjectDebugbar.php(66): Illuminate\\Pipeline\\Pipeline->Illuminate\\Pipeline\\{closure}()
#37 /var/www/html/Thames/thamescc-backend/vendor/laravel/framework/src/Illuminate/Pipeline/Pipeline.php(209): Barryvdh\\Debugbar\\Middleware\\InjectDebugbar->handle()
#38 /var/www/html/Thames/thamescc-backend/packages/Webkul/Installer/src/Http/Middleware/CanInstall.php(30): Illuminate\\Pipeline\\Pipeline->Illuminate\\Pipeline\\{closure}()
#39 /var/www/html/Thames/thamescc-backend/vendor/laravel/framework/src/Illuminate/Pipeline/Pipeline.php(209): Webkul\\Installer\\Http\\Middleware\\CanInstall->handle()
#40 /var/www/html/Thames/thamescc-backend/packages/Webkul/Core/src/Http/Middleware/SecureHeaders.php(29): Illuminate\\Pipeline\\Pipeline->Illuminate\\Pipeline\\{closure}()
#41 /var/www/html/Thames/thamescc-backend/vendor/laravel/framework/src/Illuminate/Pipeline/Pipeline.php(209): Webkul\\Core\\Http\\Middleware\\SecureHeaders->handle()
#42 /var/www/html/Thames/thamescc-backend/vendor/laravel/framework/src/Illuminate/Foundation/Http/Middleware/TransformsRequest.php(21): Illuminate\\Pipeline\\Pipeline->Illuminate\\Pipeline\\{closure}()
#43 /var/www/html/Thames/thamescc-backend/vendor/laravel/framework/src/Illuminate/Foundation/Http/Middleware/TrimStrings.php(51): Illuminate\\Foundation\\Http\\Middleware\\TransformsRequest->handle()
#44 /var/www/html/Thames/thamescc-backend/vendor/laravel/framework/src/Illuminate/Pipeline/Pipeline.php(209): Illuminate\\Foundation\\Http\\Middleware\\TrimStrings->handle()
#45 /var/www/html/Thames/thamescc-backend/vendor/laravel/framework/src/Illuminate/Http/Middleware/ValidatePostSize.php(27): Illuminate\\Pipeline\\Pipeline->Illuminate\\Pipeline\\{closure}()
#46 /var/www/html/Thames/thamescc-backend/vendor/laravel/framework/src/Illuminate/Pipeline/Pipeline.php(209): Illuminate\\Http\\Middleware\\ValidatePostSize->handle()
#47 /var/www/html/Thames/thamescc-backend/vendor/laravel/framework/src/Illuminate/Http/Middleware/HandleCors.php(62): Illuminate\\Pipeline\\Pipeline->Illuminate\\Pipeline\\{closure}()
#48 /var/www/html/Thames/thamescc-backend/vendor/laravel/framework/src/Illuminate/Pipeline/Pipeline.php(209): Illuminate\\Http\\Middleware\\HandleCors->handle()
#49 /var/www/html/Thames/thamescc-backend/vendor/laravel/framework/src/Illuminate/Http/Middleware/TrustProxies.php(58): Illuminate\\Pipeline\\Pipeline->Illuminate\\Pipeline\\{closure}()
#50 /var/www/html/Thames/thamescc-backend/vendor/laravel/framework/src/Illuminate/Pipeline/Pipeline.php(209): Illuminate\\Http\\Middleware\\TrustProxies->handle()
#51 /var/www/html/Thames/thamescc-backend/vendor/laravel/framework/src/Illuminate/Foundation/Http/Middleware/InvokeDeferredCallbacks.php(22): Illuminate\\Pipeline\\Pipeline->Illuminate\\Pipeline\\{closure}()
#52 /var/www/html/Thames/thamescc-backend/vendor/laravel/framework/src/Illuminate/Pipeline/Pipeline.php(209): Illuminate\\Foundation\\Http\\Middleware\\InvokeDeferredCallbacks->handle()
#53 /var/www/html/Thames/thamescc-backend/vendor/laravel/framework/src/Illuminate/Pipeline/Pipeline.php(127): Illuminate\\Pipeline\\Pipeline->Illuminate\\Pipeline\\{closure}()
#54 /var/www/html/Thames/thamescc-backend/vendor/laravel/framework/src/Illuminate/Foundation/Http/Kernel.php(176): Illuminate\\Pipeline\\Pipeline->then()
#55 /var/www/html/Thames/thamescc-backend/vendor/laravel/framework/src/Illuminate/Foundation/Http/Kernel.php(145): Illuminate\\Foundation\\Http\\Kernel->sendRequestThroughRouter()
#56 /var/www/html/Thames/thamescc-backend/public/index.php(51): Illuminate\\Foundation\\Http\\Kernel->handle()
#57 /var/www/html/Thames/thamescc-backend/vendor/laravel/framework/src/Illuminate/Foundation/resources/server.php(23): require_once('...')
#58 {main}
"} 
[2025-06-19 13:37:59] local.ERROR: Undefined constant "active" (View: /var/www/html/Thames/thamescc-backend/packages/Webkul/Shop/src/Resources/views/categories/filters.blade.php) (View: /var/www/html/Thames/thamescc-backend/packages/Webkul/Shop/src/Resources/views/categories/filters.blade.php) {"exception":"[object] (Illuminate\\View\\ViewException(code: 0): Undefined constant \"active\" (View: /var/www/html/Thames/thamescc-backend/packages/Webkul/Shop/src/Resources/views/categories/filters.blade.php) (View: /var/www/html/Thames/thamescc-backend/packages/Webkul/Shop/src/Resources/views/categories/filters.blade.php) at /var/www/html/Thames/thamescc-backend/storage/framework/views/15c954820bd258e6b8233373699db278.php:244)
[stacktrace]
#0 /var/www/html/Thames/thamescc-backend/vendor/laravel/framework/src/Illuminate/View/Engines/PhpEngine.php(60): Illuminate\\View\\Engines\\CompilerEngine->handleViewException()
#1 /var/www/html/Thames/thamescc-backend/vendor/laravel/framework/src/Illuminate/View/Engines/CompilerEngine.php(75): Illuminate\\View\\Engines\\PhpEngine->evaluatePath()
#2 /var/www/html/Thames/thamescc-backend/vendor/laravel/framework/src/Illuminate/View/View.php(209): Illuminate\\View\\Engines\\CompilerEngine->get()
#3 /var/www/html/Thames/thamescc-backend/vendor/laravel/framework/src/Illuminate/View/View.php(192): Illuminate\\View\\View->getContents()
#4 /var/www/html/Thames/thamescc-backend/vendor/laravel/framework/src/Illuminate/View/View.php(161): Illuminate\\View\\View->renderContents()
#5 /var/www/html/Thames/thamescc-backend/vendor/laravel/framework/src/Illuminate/Http/Response.php(79): Illuminate\\View\\View->render()
#6 /var/www/html/Thames/thamescc-backend/vendor/laravel/framework/src/Illuminate/Http/Response.php(35): Illuminate\\Http\\Response->setContent()
#7 /var/www/html/Thames/thamescc-backend/vendor/laravel/framework/src/Illuminate/Routing/Router.php(920): Illuminate\\Http\\Response->__construct()
#8 /var/www/html/Thames/thamescc-backend/vendor/laravel/framework/src/Illuminate/Routing/Router.php(887): Illuminate\\Routing\\Router::toResponse()
#9 /var/www/html/Thames/thamescc-backend/vendor/laravel/framework/src/Illuminate/Routing/Router.php(807): Illuminate\\Routing\\Router->prepareResponse()
#10 /var/www/html/Thames/thamescc-backend/vendor/laravel/framework/src/Illuminate/Pipeline/Pipeline.php(170): Illuminate\\Routing\\Router->Illuminate\\Routing\\{closure}()
#11 /var/www/html/Thames/thamescc-backend/vendor/spatie/laravel-responsecache/src/Middlewares/CacheResponse.php(46): Illuminate\\Pipeline\\Pipeline->Illuminate\\Pipeline\\{closure}()
#12 /var/www/html/Thames/thamescc-backend/packages/Webkul/Shop/src/Http/Middleware/CacheResponse.php(36): Spatie\\ResponseCache\\Middlewares\\CacheResponse->handle()
#13 /var/www/html/Thames/thamescc-backend/vendor/laravel/framework/src/Illuminate/Pipeline/Pipeline.php(209): Webkul\\Shop\\Http\\Middleware\\CacheResponse->handle()
#14 /var/www/html/Thames/thamescc-backend/packages/Webkul/Core/src/Http/Middleware/PreventRequestsDuringMaintenance.php(119): Illuminate\\Pipeline\\Pipeline->Illuminate\\Pipeline\\{closure}()
#15 /var/www/html/Thames/thamescc-backend/vendor/laravel/framework/src/Illuminate/Pipeline/Pipeline.php(209): Webkul\\Core\\Http\\Middleware\\PreventRequestsDuringMaintenance->handle()
#16 /var/www/html/Thames/thamescc-backend/packages/Webkul/Shop/src/Http/Middleware/Currency.php(40): Illuminate\\Pipeline\\Pipeline->Illuminate\\Pipeline\\{closure}()
#17 /var/www/html/Thames/thamescc-backend/vendor/laravel/framework/src/Illuminate/Pipeline/Pipeline.php(209): Webkul\\Shop\\Http\\Middleware\\Currency->handle()
#18 /var/www/html/Thames/thamescc-backend/packages/Webkul/Shop/src/Http/Middleware/Locale.php(40): Illuminate\\Pipeline\\Pipeline->Illuminate\\Pipeline\\{closure}()
#19 /var/www/html/Thames/thamescc-backend/vendor/laravel/framework/src/Illuminate/Pipeline/Pipeline.php(209): Webkul\\Shop\\Http\\Middleware\\Locale->handle()
#20 /var/www/html/Thames/thamescc-backend/packages/Webkul/Shop/src/Http/Middleware/Theme.php(32): Illuminate\\Pipeline\\Pipeline->Illuminate\\Pipeline\\{closure}()
#21 /var/www/html/Thames/thamescc-backend/vendor/laravel/framework/src/Illuminate/Pipeline/Pipeline.php(209): Webkul\\Shop\\Http\\Middleware\\Theme->handle()
#22 /var/www/html/Thames/thamescc-backend/vendor/barryvdh/laravel-debugbar/src/Middleware/InjectDebugbar.php(66): Illuminate\\Pipeline\\Pipeline->Illuminate\\Pipeline\\{closure}()
#23 /var/www/html/Thames/thamescc-backend/vendor/laravel/framework/src/Illuminate/Pipeline/Pipeline.php(209): Barryvdh\\Debugbar\\Middleware\\InjectDebugbar->handle()
#24 /var/www/html/Thames/thamescc-backend/vendor/laravel/framework/src/Illuminate/Routing/Middleware/SubstituteBindings.php(51): Illuminate\\Pipeline\\Pipeline->Illuminate\\Pipeline\\{closure}()
#25 /var/www/html/Thames/thamescc-backend/vendor/laravel/framework/src/Illuminate/Pipeline/Pipeline.php(209): Illuminate\\Routing\\Middleware\\SubstituteBindings->handle()
#26 /var/www/html/Thames/thamescc-backend/vendor/laravel/framework/src/Illuminate/Foundation/Http/Middleware/VerifyCsrfToken.php(88): Illuminate\\Pipeline\\Pipeline->Illuminate\\Pipeline\\{closure}()
#27 /var/www/html/Thames/thamescc-backend/vendor/laravel/framework/src/Illuminate/Pipeline/Pipeline.php(209): Illuminate\\Foundation\\Http\\Middleware\\VerifyCsrfToken->handle()
#28 /var/www/html/Thames/thamescc-backend/vendor/laravel/framework/src/Illuminate/View/Middleware/ShareErrorsFromSession.php(49): Illuminate\\Pipeline\\Pipeline->Illuminate\\Pipeline\\{closure}()
#29 /var/www/html/Thames/thamescc-backend/vendor/laravel/framework/src/Illuminate/Pipeline/Pipeline.php(209): Illuminate\\View\\Middleware\\ShareErrorsFromSession->handle()
#30 /var/www/html/Thames/thamescc-backend/vendor/laravel/framework/src/Illuminate/Session/Middleware/StartSession.php(121): Illuminate\\Pipeline\\Pipeline->Illuminate\\Pipeline\\{closure}()
#31 /var/www/html/Thames/thamescc-backend/vendor/laravel/framework/src/Illuminate/Session/Middleware/StartSession.php(64): Illuminate\\Session\\Middleware\\StartSession->handleStatefulRequest()
#32 /var/www/html/Thames/thamescc-backend/vendor/laravel/framework/src/Illuminate/Pipeline/Pipeline.php(209): Illuminate\\Session\\Middleware\\StartSession->handle()
#33 /var/www/html/Thames/thamescc-backend/vendor/laravel/framework/src/Illuminate/Cookie/Middleware/AddQueuedCookiesToResponse.php(37): Illuminate\\Pipeline\\Pipeline->Illuminate\\Pipeline\\{closure}()
#34 /var/www/html/Thames/thamescc-backend/vendor/laravel/framework/src/Illuminate/Pipeline/Pipeline.php(209): Illuminate\\Cookie\\Middleware\\AddQueuedCookiesToResponse->handle()
#35 /var/www/html/Thames/thamescc-backend/vendor/laravel/framework/src/Illuminate/Cookie/Middleware/EncryptCookies.php(75): Illuminate\\Pipeline\\Pipeline->Illuminate\\Pipeline\\{closure}()
#36 /var/www/html/Thames/thamescc-backend/vendor/laravel/framework/src/Illuminate/Pipeline/Pipeline.php(209): Illuminate\\Cookie\\Middleware\\EncryptCookies->handle()
#37 /var/www/html/Thames/thamescc-backend/vendor/laravel/framework/src/Illuminate/Pipeline/Pipeline.php(127): Illuminate\\Pipeline\\Pipeline->Illuminate\\Pipeline\\{closure}()
#38 /var/www/html/Thames/thamescc-backend/vendor/laravel/framework/src/Illuminate/Routing/Router.php(807): Illuminate\\Pipeline\\Pipeline->then()
#39 /var/www/html/Thames/thamescc-backend/vendor/laravel/framework/src/Illuminate/Routing/Router.php(786): Illuminate\\Routing\\Router->runRouteWithinStack()
#40 /var/www/html/Thames/thamescc-backend/vendor/laravel/framework/src/Illuminate/Routing/Router.php(750): Illuminate\\Routing\\Router->runRoute()
#41 /var/www/html/Thames/thamescc-backend/vendor/laravel/framework/src/Illuminate/Routing/Router.php(739): Illuminate\\Routing\\Router->dispatchToRoute()
#42 /var/www/html/Thames/thamescc-backend/vendor/laravel/framework/src/Illuminate/Foundation/Http/Kernel.php(201): Illuminate\\Routing\\Router->dispatch()
#43 /var/www/html/Thames/thamescc-backend/vendor/laravel/framework/src/Illuminate/Pipeline/Pipeline.php(170): Illuminate\\Foundation\\Http\\Kernel->Illuminate\\Foundation\\Http\\{closure}()
#44 /var/www/html/Thames/thamescc-backend/vendor/barryvdh/laravel-debugbar/src/Middleware/InjectDebugbar.php(66): Illuminate\\Pipeline\\Pipeline->Illuminate\\Pipeline\\{closure}()
#45 /var/www/html/Thames/thamescc-backend/vendor/laravel/framework/src/Illuminate/Pipeline/Pipeline.php(209): Barryvdh\\Debugbar\\Middleware\\InjectDebugbar->handle()
#46 /var/www/html/Thames/thamescc-backend/packages/Webkul/Installer/src/Http/Middleware/CanInstall.php(30): Illuminate\\Pipeline\\Pipeline->Illuminate\\Pipeline\\{closure}()
#47 /var/www/html/Thames/thamescc-backend/vendor/laravel/framework/src/Illuminate/Pipeline/Pipeline.php(209): Webkul\\Installer\\Http\\Middleware\\CanInstall->handle()
#48 /var/www/html/Thames/thamescc-backend/packages/Webkul/Core/src/Http/Middleware/SecureHeaders.php(29): Illuminate\\Pipeline\\Pipeline->Illuminate\\Pipeline\\{closure}()
#49 /var/www/html/Thames/thamescc-backend/vendor/laravel/framework/src/Illuminate/Pipeline/Pipeline.php(209): Webkul\\Core\\Http\\Middleware\\SecureHeaders->handle()
#50 /var/www/html/Thames/thamescc-backend/vendor/laravel/framework/src/Illuminate/Foundation/Http/Middleware/TransformsRequest.php(21): Illuminate\\Pipeline\\Pipeline->Illuminate\\Pipeline\\{closure}()
#51 /var/www/html/Thames/thamescc-backend/vendor/laravel/framework/src/Illuminate/Foundation/Http/Middleware/TrimStrings.php(51): Illuminate\\Foundation\\Http\\Middleware\\TransformsRequest->handle()
#52 /var/www/html/Thames/thamescc-backend/vendor/laravel/framework/src/Illuminate/Pipeline/Pipeline.php(209): Illuminate\\Foundation\\Http\\Middleware\\TrimStrings->handle()
#53 /var/www/html/Thames/thamescc-backend/vendor/laravel/framework/src/Illuminate/Http/Middleware/ValidatePostSize.php(27): Illuminate\\Pipeline\\Pipeline->Illuminate\\Pipeline\\{closure}()
#54 /var/www/html/Thames/thamescc-backend/vendor/laravel/framework/src/Illuminate/Pipeline/Pipeline.php(209): Illuminate\\Http\\Middleware\\ValidatePostSize->handle()
#55 /var/www/html/Thames/thamescc-backend/vendor/laravel/framework/src/Illuminate/Http/Middleware/HandleCors.php(49): Illuminate\\Pipeline\\Pipeline->Illuminate\\Pipeline\\{closure}()
#56 /var/www/html/Thames/thamescc-backend/vendor/laravel/framework/src/Illuminate/Pipeline/Pipeline.php(209): Illuminate\\Http\\Middleware\\HandleCors->handle()
#57 /var/www/html/Thames/thamescc-backend/vendor/laravel/framework/src/Illuminate/Http/Middleware/TrustProxies.php(58): Illuminate\\Pipeline\\Pipeline->Illuminate\\Pipeline\\{closure}()
#58 /var/www/html/Thames/thamescc-backend/vendor/laravel/framework/src/Illuminate/Pipeline/Pipeline.php(209): Illuminate\\Http\\Middleware\\TrustProxies->handle()
#59 /var/www/html/Thames/thamescc-backend/vendor/laravel/framework/src/Illuminate/Foundation/Http/Middleware/InvokeDeferredCallbacks.php(22): Illuminate\\Pipeline\\Pipeline->Illuminate\\Pipeline\\{closure}()
#60 /var/www/html/Thames/thamescc-backend/vendor/laravel/framework/src/Illuminate/Pipeline/Pipeline.php(209): Illuminate\\Foundation\\Http\\Middleware\\InvokeDeferredCallbacks->handle()
#61 /var/www/html/Thames/thamescc-backend/vendor/laravel/framework/src/Illuminate/Pipeline/Pipeline.php(127): Illuminate\\Pipeline\\Pipeline->Illuminate\\Pipeline\\{closure}()
#62 /var/www/html/Thames/thamescc-backend/vendor/laravel/framework/src/Illuminate/Foundation/Http/Kernel.php(176): Illuminate\\Pipeline\\Pipeline->then()
#63 /var/www/html/Thames/thamescc-backend/vendor/laravel/framework/src/Illuminate/Foundation/Http/Kernel.php(145): Illuminate\\Foundation\\Http\\Kernel->sendRequestThroughRouter()
#64 /var/www/html/Thames/thamescc-backend/public/index.php(51): Illuminate\\Foundation\\Http\\Kernel->handle()
#65 /var/www/html/Thames/thamescc-backend/vendor/laravel/framework/src/Illuminate/Foundation/resources/server.php(23): require_once('...')
#66 {main}

[previous exception] [object] (Illuminate\\View\\ViewException(code: 0): Undefined constant \"active\" (View: /var/www/html/Thames/thamescc-backend/packages/Webkul/Shop/src/Resources/views/categories/filters.blade.php) at /var/www/html/Thames/thamescc-backend/storage/framework/views/15c954820bd258e6b8233373699db278.php:244)
[stacktrace]
#0 /var/www/html/Thames/thamescc-backend/vendor/laravel/framework/src/Illuminate/View/Engines/PhpEngine.php(60): Illuminate\\View\\Engines\\CompilerEngine->handleViewException()
#1 /var/www/html/Thames/thamescc-backend/vendor/laravel/framework/src/Illuminate/View/Engines/CompilerEngine.php(75): Illuminate\\View\\Engines\\PhpEngine->evaluatePath()
#2 /var/www/html/Thames/thamescc-backend/vendor/laravel/framework/src/Illuminate/View/View.php(209): Illuminate\\View\\Engines\\CompilerEngine->get()
#3 /var/www/html/Thames/thamescc-backend/vendor/laravel/framework/src/Illuminate/View/View.php(192): Illuminate\\View\\View->getContents()
#4 /var/www/html/Thames/thamescc-backend/vendor/laravel/framework/src/Illuminate/View/View.php(161): Illuminate\\View\\View->renderContents()
#5 /var/www/html/Thames/thamescc-backend/storage/framework/views/f574752019a3c3ad0214da4ba0256a0a.php(83): Illuminate\\View\\View->render()
#6 /var/www/html/Thames/thamescc-backend/vendor/laravel/framework/src/Illuminate/Filesystem/Filesystem.php(123): require('...')
#7 /var/www/html/Thames/thamescc-backend/vendor/laravel/framework/src/Illuminate/Filesystem/Filesystem.php(124): Illuminate\\Filesystem\\Filesystem::Illuminate\\Filesystem\\{closure}()
#8 /var/www/html/Thames/thamescc-backend/vendor/laravel/framework/src/Illuminate/View/Engines/PhpEngine.php(58): Illuminate\\Filesystem\\Filesystem->getRequire()
#9 /var/www/html/Thames/thamescc-backend/vendor/laravel/framework/src/Illuminate/View/Engines/CompilerEngine.php(75): Illuminate\\View\\Engines\\PhpEngine->evaluatePath()
#10 /var/www/html/Thames/thamescc-backend/vendor/laravel/framework/src/Illuminate/View/View.php(209): Illuminate\\View\\Engines\\CompilerEngine->get()
#11 /var/www/html/Thames/thamescc-backend/vendor/laravel/framework/src/Illuminate/View/View.php(192): Illuminate\\View\\View->getContents()
#12 /var/www/html/Thames/thamescc-backend/vendor/laravel/framework/src/Illuminate/View/View.php(161): Illuminate\\View\\View->renderContents()
#13 /var/www/html/Thames/thamescc-backend/vendor/laravel/framework/src/Illuminate/Http/Response.php(79): Illuminate\\View\\View->render()
#14 /var/www/html/Thames/thamescc-backend/vendor/laravel/framework/src/Illuminate/Http/Response.php(35): Illuminate\\Http\\Response->setContent()
#15 /var/www/html/Thames/thamescc-backend/vendor/laravel/framework/src/Illuminate/Routing/Router.php(920): Illuminate\\Http\\Response->__construct()
#16 /var/www/html/Thames/thamescc-backend/vendor/laravel/framework/src/Illuminate/Routing/Router.php(887): Illuminate\\Routing\\Router::toResponse()
#17 /var/www/html/Thames/thamescc-backend/vendor/laravel/framework/src/Illuminate/Routing/Router.php(807): Illuminate\\Routing\\Router->prepareResponse()
#18 /var/www/html/Thames/thamescc-backend/vendor/laravel/framework/src/Illuminate/Pipeline/Pipeline.php(170): Illuminate\\Routing\\Router->Illuminate\\Routing\\{closure}()
#19 /var/www/html/Thames/thamescc-backend/vendor/spatie/laravel-responsecache/src/Middlewares/CacheResponse.php(46): Illuminate\\Pipeline\\Pipeline->Illuminate\\Pipeline\\{closure}()
#20 /var/www/html/Thames/thamescc-backend/packages/Webkul/Shop/src/Http/Middleware/CacheResponse.php(36): Spatie\\ResponseCache\\Middlewares\\CacheResponse->handle()
#21 /var/www/html/Thames/thamescc-backend/vendor/laravel/framework/src/Illuminate/Pipeline/Pipeline.php(209): Webkul\\Shop\\Http\\Middleware\\CacheResponse->handle()
#22 /var/www/html/Thames/thamescc-backend/packages/Webkul/Core/src/Http/Middleware/PreventRequestsDuringMaintenance.php(119): Illuminate\\Pipeline\\Pipeline->Illuminate\\Pipeline\\{closure}()
#23 /var/www/html/Thames/thamescc-backend/vendor/laravel/framework/src/Illuminate/Pipeline/Pipeline.php(209): Webkul\\Core\\Http\\Middleware\\PreventRequestsDuringMaintenance->handle()
#24 /var/www/html/Thames/thamescc-backend/packages/Webkul/Shop/src/Http/Middleware/Currency.php(40): Illuminate\\Pipeline\\Pipeline->Illuminate\\Pipeline\\{closure}()
#25 /var/www/html/Thames/thamescc-backend/vendor/laravel/framework/src/Illuminate/Pipeline/Pipeline.php(209): Webkul\\Shop\\Http\\Middleware\\Currency->handle()
#26 /var/www/html/Thames/thamescc-backend/packages/Webkul/Shop/src/Http/Middleware/Locale.php(40): Illuminate\\Pipeline\\Pipeline->Illuminate\\Pipeline\\{closure}()
#27 /var/www/html/Thames/thamescc-backend/vendor/laravel/framework/src/Illuminate/Pipeline/Pipeline.php(209): Webkul\\Shop\\Http\\Middleware\\Locale->handle()
#28 /var/www/html/Thames/thamescc-backend/packages/Webkul/Shop/src/Http/Middleware/Theme.php(32): Illuminate\\Pipeline\\Pipeline->Illuminate\\Pipeline\\{closure}()
#29 /var/www/html/Thames/thamescc-backend/vendor/laravel/framework/src/Illuminate/Pipeline/Pipeline.php(209): Webkul\\Shop\\Http\\Middleware\\Theme->handle()
#30 /var/www/html/Thames/thamescc-backend/vendor/barryvdh/laravel-debugbar/src/Middleware/InjectDebugbar.php(66): Illuminate\\Pipeline\\Pipeline->Illuminate\\Pipeline\\{closure}()
#31 /var/www/html/Thames/thamescc-backend/vendor/laravel/framework/src/Illuminate/Pipeline/Pipeline.php(209): Barryvdh\\Debugbar\\Middleware\\InjectDebugbar->handle()
#32 /var/www/html/Thames/thamescc-backend/vendor/laravel/framework/src/Illuminate/Routing/Middleware/SubstituteBindings.php(51): Illuminate\\Pipeline\\Pipeline->Illuminate\\Pipeline\\{closure}()
#33 /var/www/html/Thames/thamescc-backend/vendor/laravel/framework/src/Illuminate/Pipeline/Pipeline.php(209): Illuminate\\Routing\\Middleware\\SubstituteBindings->handle()
#34 /var/www/html/Thames/thamescc-backend/vendor/laravel/framework/src/Illuminate/Foundation/Http/Middleware/VerifyCsrfToken.php(88): Illuminate\\Pipeline\\Pipeline->Illuminate\\Pipeline\\{closure}()
#35 /var/www/html/Thames/thamescc-backend/vendor/laravel/framework/src/Illuminate/Pipeline/Pipeline.php(209): Illuminate\\Foundation\\Http\\Middleware\\VerifyCsrfToken->handle()
#36 /var/www/html/Thames/thamescc-backend/vendor/laravel/framework/src/Illuminate/View/Middleware/ShareErrorsFromSession.php(49): Illuminate\\Pipeline\\Pipeline->Illuminate\\Pipeline\\{closure}()
#37 /var/www/html/Thames/thamescc-backend/vendor/laravel/framework/src/Illuminate/Pipeline/Pipeline.php(209): Illuminate\\View\\Middleware\\ShareErrorsFromSession->handle()
#38 /var/www/html/Thames/thamescc-backend/vendor/laravel/framework/src/Illuminate/Session/Middleware/StartSession.php(121): Illuminate\\Pipeline\\Pipeline->Illuminate\\Pipeline\\{closure}()
#39 /var/www/html/Thames/thamescc-backend/vendor/laravel/framework/src/Illuminate/Session/Middleware/StartSession.php(64): Illuminate\\Session\\Middleware\\StartSession->handleStatefulRequest()
#40 /var/www/html/Thames/thamescc-backend/vendor/laravel/framework/src/Illuminate/Pipeline/Pipeline.php(209): Illuminate\\Session\\Middleware\\StartSession->handle()
#41 /var/www/html/Thames/thamescc-backend/vendor/laravel/framework/src/Illuminate/Cookie/Middleware/AddQueuedCookiesToResponse.php(37): Illuminate\\Pipeline\\Pipeline->Illuminate\\Pipeline\\{closure}()
#42 /var/www/html/Thames/thamescc-backend/vendor/laravel/framework/src/Illuminate/Pipeline/Pipeline.php(209): Illuminate\\Cookie\\Middleware\\AddQueuedCookiesToResponse->handle()
#43 /var/www/html/Thames/thamescc-backend/vendor/laravel/framework/src/Illuminate/Cookie/Middleware/EncryptCookies.php(75): Illuminate\\Pipeline\\Pipeline->Illuminate\\Pipeline\\{closure}()
#44 /var/www/html/Thames/thamescc-backend/vendor/laravel/framework/src/Illuminate/Pipeline/Pipeline.php(209): Illuminate\\Cookie\\Middleware\\EncryptCookies->handle()
#45 /var/www/html/Thames/thamescc-backend/vendor/laravel/framework/src/Illuminate/Pipeline/Pipeline.php(127): Illuminate\\Pipeline\\Pipeline->Illuminate\\Pipeline\\{closure}()
#46 /var/www/html/Thames/thamescc-backend/vendor/laravel/framework/src/Illuminate/Routing/Router.php(807): Illuminate\\Pipeline\\Pipeline->then()
#47 /var/www/html/Thames/thamescc-backend/vendor/laravel/framework/src/Illuminate/Routing/Router.php(786): Illuminate\\Routing\\Router->runRouteWithinStack()
#48 /var/www/html/Thames/thamescc-backend/vendor/laravel/framework/src/Illuminate/Routing/Router.php(750): Illuminate\\Routing\\Router->runRoute()
#49 /var/www/html/Thames/thamescc-backend/vendor/laravel/framework/src/Illuminate/Routing/Router.php(739): Illuminate\\Routing\\Router->dispatchToRoute()
#50 /var/www/html/Thames/thamescc-backend/vendor/laravel/framework/src/Illuminate/Foundation/Http/Kernel.php(201): Illuminate\\Routing\\Router->dispatch()
#51 /var/www/html/Thames/thamescc-backend/vendor/laravel/framework/src/Illuminate/Pipeline/Pipeline.php(170): Illuminate\\Foundation\\Http\\Kernel->Illuminate\\Foundation\\Http\\{closure}()
#52 /var/www/html/Thames/thamescc-backend/vendor/barryvdh/laravel-debugbar/src/Middleware/InjectDebugbar.php(66): Illuminate\\Pipeline\\Pipeline->Illuminate\\Pipeline\\{closure}()
#53 /var/www/html/Thames/thamescc-backend/vendor/laravel/framework/src/Illuminate/Pipeline/Pipeline.php(209): Barryvdh\\Debugbar\\Middleware\\InjectDebugbar->handle()
#54 /var/www/html/Thames/thamescc-backend/packages/Webkul/Installer/src/Http/Middleware/CanInstall.php(30): Illuminate\\Pipeline\\Pipeline->Illuminate\\Pipeline\\{closure}()
#55 /var/www/html/Thames/thamescc-backend/vendor/laravel/framework/src/Illuminate/Pipeline/Pipeline.php(209): Webkul\\Installer\\Http\\Middleware\\CanInstall->handle()
#56 /var/www/html/Thames/thamescc-backend/packages/Webkul/Core/src/Http/Middleware/SecureHeaders.php(29): Illuminate\\Pipeline\\Pipeline->Illuminate\\Pipeline\\{closure}()
#57 /var/www/html/Thames/thamescc-backend/vendor/laravel/framework/src/Illuminate/Pipeline/Pipeline.php(209): Webkul\\Core\\Http\\Middleware\\SecureHeaders->handle()
#58 /var/www/html/Thames/thamescc-backend/vendor/laravel/framework/src/Illuminate/Foundation/Http/Middleware/TransformsRequest.php(21): Illuminate\\Pipeline\\Pipeline->Illuminate\\Pipeline\\{closure}()
#59 /var/www/html/Thames/thamescc-backend/vendor/laravel/framework/src/Illuminate/Foundation/Http/Middleware/TrimStrings.php(51): Illuminate\\Foundation\\Http\\Middleware\\TransformsRequest->handle()
#60 /var/www/html/Thames/thamescc-backend/vendor/laravel/framework/src/Illuminate/Pipeline/Pipeline.php(209): Illuminate\\Foundation\\Http\\Middleware\\TrimStrings->handle()
#61 /var/www/html/Thames/thamescc-backend/vendor/laravel/framework/src/Illuminate/Http/Middleware/ValidatePostSize.php(27): Illuminate\\Pipeline\\Pipeline->Illuminate\\Pipeline\\{closure}()
#62 /var/www/html/Thames/thamescc-backend/vendor/laravel/framework/src/Illuminate/Pipeline/Pipeline.php(209): Illuminate\\Http\\Middleware\\ValidatePostSize->handle()
#63 /var/www/html/Thames/thamescc-backend/vendor/laravel/framework/src/Illuminate/Http/Middleware/HandleCors.php(49): Illuminate\\Pipeline\\Pipeline->Illuminate\\Pipeline\\{closure}()
#64 /var/www/html/Thames/thamescc-backend/vendor/laravel/framework/src/Illuminate/Pipeline/Pipeline.php(209): Illuminate\\Http\\Middleware\\HandleCors->handle()
#65 /var/www/html/Thames/thamescc-backend/vendor/laravel/framework/src/Illuminate/Http/Middleware/TrustProxies.php(58): Illuminate\\Pipeline\\Pipeline->Illuminate\\Pipeline\\{closure}()
#66 /var/www/html/Thames/thamescc-backend/vendor/laravel/framework/src/Illuminate/Pipeline/Pipeline.php(209): Illuminate\\Http\\Middleware\\TrustProxies->handle()
#67 /var/www/html/Thames/thamescc-backend/vendor/laravel/framework/src/Illuminate/Foundation/Http/Middleware/InvokeDeferredCallbacks.php(22): Illuminate\\Pipeline\\Pipeline->Illuminate\\Pipeline\\{closure}()
#68 /var/www/html/Thames/thamescc-backend/vendor/laravel/framework/src/Illuminate/Pipeline/Pipeline.php(209): Illuminate\\Foundation\\Http\\Middleware\\InvokeDeferredCallbacks->handle()
#69 /var/www/html/Thames/thamescc-backend/vendor/laravel/framework/src/Illuminate/Pipeline/Pipeline.php(127): Illuminate\\Pipeline\\Pipeline->Illuminate\\Pipeline\\{closure}()
#70 /var/www/html/Thames/thamescc-backend/vendor/laravel/framework/src/Illuminate/Foundation/Http/Kernel.php(176): Illuminate\\Pipeline\\Pipeline->then()
#71 /var/www/html/Thames/thamescc-backend/vendor/laravel/framework/src/Illuminate/Foundation/Http/Kernel.php(145): Illuminate\\Foundation\\Http\\Kernel->sendRequestThroughRouter()
#72 /var/www/html/Thames/thamescc-backend/public/index.php(51): Illuminate\\Foundation\\Http\\Kernel->handle()
#73 /var/www/html/Thames/thamescc-backend/vendor/laravel/framework/src/Illuminate/Foundation/resources/server.php(23): require_once('...')
#74 {main}

[previous exception] [object] (Error(code: 0): Undefined constant \"active\" at /var/www/html/Thames/thamescc-backend/storage/framework/views/15c954820bd258e6b8233373699db278.php:244)
[stacktrace]
#0 /var/www/html/Thames/thamescc-backend/vendor/laravel/framework/src/Illuminate/Filesystem/Filesystem.php(123): require()
#1 /var/www/html/Thames/thamescc-backend/vendor/laravel/framework/src/Illuminate/Filesystem/Filesystem.php(124): Illuminate\\Filesystem\\Filesystem::Illuminate\\Filesystem\\{closure}()
#2 /var/www/html/Thames/thamescc-backend/vendor/laravel/framework/src/Illuminate/View/Engines/PhpEngine.php(58): Illuminate\\Filesystem\\Filesystem->getRequire()
#3 /var/www/html/Thames/thamescc-backend/vendor/laravel/framework/src/Illuminate/View/Engines/CompilerEngine.php(75): Illuminate\\View\\Engines\\PhpEngine->evaluatePath()
#4 /var/www/html/Thames/thamescc-backend/vendor/laravel/framework/src/Illuminate/View/View.php(209): Illuminate\\View\\Engines\\CompilerEngine->get()
#5 /var/www/html/Thames/thamescc-backend/vendor/laravel/framework/src/Illuminate/View/View.php(192): Illuminate\\View\\View->getContents()
#6 /var/www/html/Thames/thamescc-backend/vendor/laravel/framework/src/Illuminate/View/View.php(161): Illuminate\\View\\View->renderContents()
#7 /var/www/html/Thames/thamescc-backend/storage/framework/views/f574752019a3c3ad0214da4ba0256a0a.php(83): Illuminate\\View\\View->render()
#8 /var/www/html/Thames/thamescc-backend/vendor/laravel/framework/src/Illuminate/Filesystem/Filesystem.php(123): require('...')
#9 /var/www/html/Thames/thamescc-backend/vendor/laravel/framework/src/Illuminate/Filesystem/Filesystem.php(124): Illuminate\\Filesystem\\Filesystem::Illuminate\\Filesystem\\{closure}()
#10 /var/www/html/Thames/thamescc-backend/vendor/laravel/framework/src/Illuminate/View/Engines/PhpEngine.php(58): Illuminate\\Filesystem\\Filesystem->getRequire()
#11 /var/www/html/Thames/thamescc-backend/vendor/laravel/framework/src/Illuminate/View/Engines/CompilerEngine.php(75): Illuminate\\View\\Engines\\PhpEngine->evaluatePath()
#12 /var/www/html/Thames/thamescc-backend/vendor/laravel/framework/src/Illuminate/View/View.php(209): Illuminate\\View\\Engines\\CompilerEngine->get()
#13 /var/www/html/Thames/thamescc-backend/vendor/laravel/framework/src/Illuminate/View/View.php(192): Illuminate\\View\\View->getContents()
#14 /var/www/html/Thames/thamescc-backend/vendor/laravel/framework/src/Illuminate/View/View.php(161): Illuminate\\View\\View->renderContents()
#15 /var/www/html/Thames/thamescc-backend/vendor/laravel/framework/src/Illuminate/Http/Response.php(79): Illuminate\\View\\View->render()
#16 /var/www/html/Thames/thamescc-backend/vendor/laravel/framework/src/Illuminate/Http/Response.php(35): Illuminate\\Http\\Response->setContent()
#17 /var/www/html/Thames/thamescc-backend/vendor/laravel/framework/src/Illuminate/Routing/Router.php(920): Illuminate\\Http\\Response->__construct()
#18 /var/www/html/Thames/thamescc-backend/vendor/laravel/framework/src/Illuminate/Routing/Router.php(887): Illuminate\\Routing\\Router::toResponse()
#19 /var/www/html/Thames/thamescc-backend/vendor/laravel/framework/src/Illuminate/Routing/Router.php(807): Illuminate\\Routing\\Router->prepareResponse()
#20 /var/www/html/Thames/thamescc-backend/vendor/laravel/framework/src/Illuminate/Pipeline/Pipeline.php(170): Illuminate\\Routing\\Router->Illuminate\\Routing\\{closure}()
#21 /var/www/html/Thames/thamescc-backend/vendor/spatie/laravel-responsecache/src/Middlewares/CacheResponse.php(46): Illuminate\\Pipeline\\Pipeline->Illuminate\\Pipeline\\{closure}()
#22 /var/www/html/Thames/thamescc-backend/packages/Webkul/Shop/src/Http/Middleware/CacheResponse.php(36): Spatie\\ResponseCache\\Middlewares\\CacheResponse->handle()
#23 /var/www/html/Thames/thamescc-backend/vendor/laravel/framework/src/Illuminate/Pipeline/Pipeline.php(209): Webkul\\Shop\\Http\\Middleware\\CacheResponse->handle()
#24 /var/www/html/Thames/thamescc-backend/packages/Webkul/Core/src/Http/Middleware/PreventRequestsDuringMaintenance.php(119): Illuminate\\Pipeline\\Pipeline->Illuminate\\Pipeline\\{closure}()
#25 /var/www/html/Thames/thamescc-backend/vendor/laravel/framework/src/Illuminate/Pipeline/Pipeline.php(209): Webkul\\Core\\Http\\Middleware\\PreventRequestsDuringMaintenance->handle()
#26 /var/www/html/Thames/thamescc-backend/packages/Webkul/Shop/src/Http/Middleware/Currency.php(40): Illuminate\\Pipeline\\Pipeline->Illuminate\\Pipeline\\{closure}()
#27 /var/www/html/Thames/thamescc-backend/vendor/laravel/framework/src/Illuminate/Pipeline/Pipeline.php(209): Webkul\\Shop\\Http\\Middleware\\Currency->handle()
#28 /var/www/html/Thames/thamescc-backend/packages/Webkul/Shop/src/Http/Middleware/Locale.php(40): Illuminate\\Pipeline\\Pipeline->Illuminate\\Pipeline\\{closure}()
#29 /var/www/html/Thames/thamescc-backend/vendor/laravel/framework/src/Illuminate/Pipeline/Pipeline.php(209): Webkul\\Shop\\Http\\Middleware\\Locale->handle()
#30 /var/www/html/Thames/thamescc-backend/packages/Webkul/Shop/src/Http/Middleware/Theme.php(32): Illuminate\\Pipeline\\Pipeline->Illuminate\\Pipeline\\{closure}()
#31 /var/www/html/Thames/thamescc-backend/vendor/laravel/framework/src/Illuminate/Pipeline/Pipeline.php(209): Webkul\\Shop\\Http\\Middleware\\Theme->handle()
#32 /var/www/html/Thames/thamescc-backend/vendor/barryvdh/laravel-debugbar/src/Middleware/InjectDebugbar.php(66): Illuminate\\Pipeline\\Pipeline->Illuminate\\Pipeline\\{closure}()
#33 /var/www/html/Thames/thamescc-backend/vendor/laravel/framework/src/Illuminate/Pipeline/Pipeline.php(209): Barryvdh\\Debugbar\\Middleware\\InjectDebugbar->handle()
#34 /var/www/html/Thames/thamescc-backend/vendor/laravel/framework/src/Illuminate/Routing/Middleware/SubstituteBindings.php(51): Illuminate\\Pipeline\\Pipeline->Illuminate\\Pipeline\\{closure}()
#35 /var/www/html/Thames/thamescc-backend/vendor/laravel/framework/src/Illuminate/Pipeline/Pipeline.php(209): Illuminate\\Routing\\Middleware\\SubstituteBindings->handle()
#36 /var/www/html/Thames/thamescc-backend/vendor/laravel/framework/src/Illuminate/Foundation/Http/Middleware/VerifyCsrfToken.php(88): Illuminate\\Pipeline\\Pipeline->Illuminate\\Pipeline\\{closure}()
#37 /var/www/html/Thames/thamescc-backend/vendor/laravel/framework/src/Illuminate/Pipeline/Pipeline.php(209): Illuminate\\Foundation\\Http\\Middleware\\VerifyCsrfToken->handle()
#38 /var/www/html/Thames/thamescc-backend/vendor/laravel/framework/src/Illuminate/View/Middleware/ShareErrorsFromSession.php(49): Illuminate\\Pipeline\\Pipeline->Illuminate\\Pipeline\\{closure}()
#39 /var/www/html/Thames/thamescc-backend/vendor/laravel/framework/src/Illuminate/Pipeline/Pipeline.php(209): Illuminate\\View\\Middleware\\ShareErrorsFromSession->handle()
#40 /var/www/html/Thames/thamescc-backend/vendor/laravel/framework/src/Illuminate/Session/Middleware/StartSession.php(121): Illuminate\\Pipeline\\Pipeline->Illuminate\\Pipeline\\{closure}()
#41 /var/www/html/Thames/thamescc-backend/vendor/laravel/framework/src/Illuminate/Session/Middleware/StartSession.php(64): Illuminate\\Session\\Middleware\\StartSession->handleStatefulRequest()
#42 /var/www/html/Thames/thamescc-backend/vendor/laravel/framework/src/Illuminate/Pipeline/Pipeline.php(209): Illuminate\\Session\\Middleware\\StartSession->handle()
#43 /var/www/html/Thames/thamescc-backend/vendor/laravel/framework/src/Illuminate/Cookie/Middleware/AddQueuedCookiesToResponse.php(37): Illuminate\\Pipeline\\Pipeline->Illuminate\\Pipeline\\{closure}()
#44 /var/www/html/Thames/thamescc-backend/vendor/laravel/framework/src/Illuminate/Pipeline/Pipeline.php(209): Illuminate\\Cookie\\Middleware\\AddQueuedCookiesToResponse->handle()
#45 /var/www/html/Thames/thamescc-backend/vendor/laravel/framework/src/Illuminate/Cookie/Middleware/EncryptCookies.php(75): Illuminate\\Pipeline\\Pipeline->Illuminate\\Pipeline\\{closure}()
#46 /var/www/html/Thames/thamescc-backend/vendor/laravel/framework/src/Illuminate/Pipeline/Pipeline.php(209): Illuminate\\Cookie\\Middleware\\EncryptCookies->handle()
#47 /var/www/html/Thames/thamescc-backend/vendor/laravel/framework/src/Illuminate/Pipeline/Pipeline.php(127): Illuminate\\Pipeline\\Pipeline->Illuminate\\Pipeline\\{closure}()
#48 /var/www/html/Thames/thamescc-backend/vendor/laravel/framework/src/Illuminate/Routing/Router.php(807): Illuminate\\Pipeline\\Pipeline->then()
#49 /var/www/html/Thames/thamescc-backend/vendor/laravel/framework/src/Illuminate/Routing/Router.php(786): Illuminate\\Routing\\Router->runRouteWithinStack()
#50 /var/www/html/Thames/thamescc-backend/vendor/laravel/framework/src/Illuminate/Routing/Router.php(750): Illuminate\\Routing\\Router->runRoute()
#51 /var/www/html/Thames/thamescc-backend/vendor/laravel/framework/src/Illuminate/Routing/Router.php(739): Illuminate\\Routing\\Router->dispatchToRoute()
#52 /var/www/html/Thames/thamescc-backend/vendor/laravel/framework/src/Illuminate/Foundation/Http/Kernel.php(201): Illuminate\\Routing\\Router->dispatch()
#53 /var/www/html/Thames/thamescc-backend/vendor/laravel/framework/src/Illuminate/Pipeline/Pipeline.php(170): Illuminate\\Foundation\\Http\\Kernel->Illuminate\\Foundation\\Http\\{closure}()
#54 /var/www/html/Thames/thamescc-backend/vendor/barryvdh/laravel-debugbar/src/Middleware/InjectDebugbar.php(66): Illuminate\\Pipeline\\Pipeline->Illuminate\\Pipeline\\{closure}()
#55 /var/www/html/Thames/thamescc-backend/vendor/laravel/framework/src/Illuminate/Pipeline/Pipeline.php(209): Barryvdh\\Debugbar\\Middleware\\InjectDebugbar->handle()
#56 /var/www/html/Thames/thamescc-backend/packages/Webkul/Installer/src/Http/Middleware/CanInstall.php(30): Illuminate\\Pipeline\\Pipeline->Illuminate\\Pipeline\\{closure}()
#57 /var/www/html/Thames/thamescc-backend/vendor/laravel/framework/src/Illuminate/Pipeline/Pipeline.php(209): Webkul\\Installer\\Http\\Middleware\\CanInstall->handle()
#58 /var/www/html/Thames/thamescc-backend/packages/Webkul/Core/src/Http/Middleware/SecureHeaders.php(29): Illuminate\\Pipeline\\Pipeline->Illuminate\\Pipeline\\{closure}()
#59 /var/www/html/Thames/thamescc-backend/vendor/laravel/framework/src/Illuminate/Pipeline/Pipeline.php(209): Webkul\\Core\\Http\\Middleware\\SecureHeaders->handle()
#60 /var/www/html/Thames/thamescc-backend/vendor/laravel/framework/src/Illuminate/Foundation/Http/Middleware/TransformsRequest.php(21): Illuminate\\Pipeline\\Pipeline->Illuminate\\Pipeline\\{closure}()
#61 /var/www/html/Thames/thamescc-backend/vendor/laravel/framework/src/Illuminate/Foundation/Http/Middleware/TrimStrings.php(51): Illuminate\\Foundation\\Http\\Middleware\\TransformsRequest->handle()
#62 /var/www/html/Thames/thamescc-backend/vendor/laravel/framework/src/Illuminate/Pipeline/Pipeline.php(209): Illuminate\\Foundation\\Http\\Middleware\\TrimStrings->handle()
#63 /var/www/html/Thames/thamescc-backend/vendor/laravel/framework/src/Illuminate/Http/Middleware/ValidatePostSize.php(27): Illuminate\\Pipeline\\Pipeline->Illuminate\\Pipeline\\{closure}()
#64 /var/www/html/Thames/thamescc-backend/vendor/laravel/framework/src/Illuminate/Pipeline/Pipeline.php(209): Illuminate\\Http\\Middleware\\ValidatePostSize->handle()
#65 /var/www/html/Thames/thamescc-backend/vendor/laravel/framework/src/Illuminate/Http/Middleware/HandleCors.php(49): Illuminate\\Pipeline\\Pipeline->Illuminate\\Pipeline\\{closure}()
#66 /var/www/html/Thames/thamescc-backend/vendor/laravel/framework/src/Illuminate/Pipeline/Pipeline.php(209): Illuminate\\Http\\Middleware\\HandleCors->handle()
#67 /var/www/html/Thames/thamescc-backend/vendor/laravel/framework/src/Illuminate/Http/Middleware/TrustProxies.php(58): Illuminate\\Pipeline\\Pipeline->Illuminate\\Pipeline\\{closure}()
#68 /var/www/html/Thames/thamescc-backend/vendor/laravel/framework/src/Illuminate/Pipeline/Pipeline.php(209): Illuminate\\Http\\Middleware\\TrustProxies->handle()
#69 /var/www/html/Thames/thamescc-backend/vendor/laravel/framework/src/Illuminate/Foundation/Http/Middleware/InvokeDeferredCallbacks.php(22): Illuminate\\Pipeline\\Pipeline->Illuminate\\Pipeline\\{closure}()
#70 /var/www/html/Thames/thamescc-backend/vendor/laravel/framework/src/Illuminate/Pipeline/Pipeline.php(209): Illuminate\\Foundation\\Http\\Middleware\\InvokeDeferredCallbacks->handle()
#71 /var/www/html/Thames/thamescc-backend/vendor/laravel/framework/src/Illuminate/Pipeline/Pipeline.php(127): Illuminate\\Pipeline\\Pipeline->Illuminate\\Pipeline\\{closure}()
#72 /var/www/html/Thames/thamescc-backend/vendor/laravel/framework/src/Illuminate/Foundation/Http/Kernel.php(176): Illuminate\\Pipeline\\Pipeline->then()
#73 /var/www/html/Thames/thamescc-backend/vendor/laravel/framework/src/Illuminate/Foundation/Http/Kernel.php(145): Illuminate\\Foundation\\Http\\Kernel->sendRequestThroughRouter()
#74 /var/www/html/Thames/thamescc-backend/public/index.php(51): Illuminate\\Foundation\\Http\\Kernel->handle()
#75 /var/www/html/Thames/thamescc-backend/vendor/laravel/framework/src/Illuminate/Foundation/resources/server.php(23): require_once('...')
#76 {main}
"} 
[2025-06-19 13:51:15] local.ERROR: Undefined constant "active" (View: /var/www/html/Thames/thamescc-backend/packages/Webkul/Shop/src/Resources/views/categories/filters.blade.php) (View: /var/www/html/Thames/thamescc-backend/packages/Webkul/Shop/src/Resources/views/categories/filters.blade.php) {"exception":"[object] (Illuminate\\View\\ViewException(code: 0): Undefined constant \"active\" (View: /var/www/html/Thames/thamescc-backend/packages/Webkul/Shop/src/Resources/views/categories/filters.blade.php) (View: /var/www/html/Thames/thamescc-backend/packages/Webkul/Shop/src/Resources/views/categories/filters.blade.php) at /var/www/html/Thames/thamescc-backend/storage/framework/views/15c954820bd258e6b8233373699db278.php:244)
[stacktrace]
#0 /var/www/html/Thames/thamescc-backend/vendor/laravel/framework/src/Illuminate/View/Engines/PhpEngine.php(60): Illuminate\\View\\Engines\\CompilerEngine->handleViewException()
#1 /var/www/html/Thames/thamescc-backend/vendor/laravel/framework/src/Illuminate/View/Engines/CompilerEngine.php(75): Illuminate\\View\\Engines\\PhpEngine->evaluatePath()
#2 /var/www/html/Thames/thamescc-backend/vendor/laravel/framework/src/Illuminate/View/View.php(209): Illuminate\\View\\Engines\\CompilerEngine->get()
#3 /var/www/html/Thames/thamescc-backend/vendor/laravel/framework/src/Illuminate/View/View.php(192): Illuminate\\View\\View->getContents()
#4 /var/www/html/Thames/thamescc-backend/vendor/laravel/framework/src/Illuminate/View/View.php(161): Illuminate\\View\\View->renderContents()
#5 /var/www/html/Thames/thamescc-backend/vendor/laravel/framework/src/Illuminate/Http/Response.php(79): Illuminate\\View\\View->render()
#6 /var/www/html/Thames/thamescc-backend/vendor/laravel/framework/src/Illuminate/Http/Response.php(35): Illuminate\\Http\\Response->setContent()
#7 /var/www/html/Thames/thamescc-backend/vendor/laravel/framework/src/Illuminate/Routing/Router.php(920): Illuminate\\Http\\Response->__construct()
#8 /var/www/html/Thames/thamescc-backend/vendor/laravel/framework/src/Illuminate/Routing/Router.php(887): Illuminate\\Routing\\Router::toResponse()
#9 /var/www/html/Thames/thamescc-backend/vendor/laravel/framework/src/Illuminate/Routing/Router.php(807): Illuminate\\Routing\\Router->prepareResponse()
#10 /var/www/html/Thames/thamescc-backend/vendor/laravel/framework/src/Illuminate/Pipeline/Pipeline.php(170): Illuminate\\Routing\\Router->Illuminate\\Routing\\{closure}()
#11 /var/www/html/Thames/thamescc-backend/vendor/spatie/laravel-responsecache/src/Middlewares/CacheResponse.php(46): Illuminate\\Pipeline\\Pipeline->Illuminate\\Pipeline\\{closure}()
#12 /var/www/html/Thames/thamescc-backend/packages/Webkul/Shop/src/Http/Middleware/CacheResponse.php(36): Spatie\\ResponseCache\\Middlewares\\CacheResponse->handle()
#13 /var/www/html/Thames/thamescc-backend/vendor/laravel/framework/src/Illuminate/Pipeline/Pipeline.php(209): Webkul\\Shop\\Http\\Middleware\\CacheResponse->handle()
#14 /var/www/html/Thames/thamescc-backend/packages/Webkul/Core/src/Http/Middleware/PreventRequestsDuringMaintenance.php(119): Illuminate\\Pipeline\\Pipeline->Illuminate\\Pipeline\\{closure}()
#15 /var/www/html/Thames/thamescc-backend/vendor/laravel/framework/src/Illuminate/Pipeline/Pipeline.php(209): Webkul\\Core\\Http\\Middleware\\PreventRequestsDuringMaintenance->handle()
#16 /var/www/html/Thames/thamescc-backend/packages/Webkul/Shop/src/Http/Middleware/Currency.php(40): Illuminate\\Pipeline\\Pipeline->Illuminate\\Pipeline\\{closure}()
#17 /var/www/html/Thames/thamescc-backend/vendor/laravel/framework/src/Illuminate/Pipeline/Pipeline.php(209): Webkul\\Shop\\Http\\Middleware\\Currency->handle()
#18 /var/www/html/Thames/thamescc-backend/packages/Webkul/Shop/src/Http/Middleware/Locale.php(40): Illuminate\\Pipeline\\Pipeline->Illuminate\\Pipeline\\{closure}()
#19 /var/www/html/Thames/thamescc-backend/vendor/laravel/framework/src/Illuminate/Pipeline/Pipeline.php(209): Webkul\\Shop\\Http\\Middleware\\Locale->handle()
#20 /var/www/html/Thames/thamescc-backend/packages/Webkul/Shop/src/Http/Middleware/Theme.php(32): Illuminate\\Pipeline\\Pipeline->Illuminate\\Pipeline\\{closure}()
#21 /var/www/html/Thames/thamescc-backend/vendor/laravel/framework/src/Illuminate/Pipeline/Pipeline.php(209): Webkul\\Shop\\Http\\Middleware\\Theme->handle()
#22 /var/www/html/Thames/thamescc-backend/vendor/barryvdh/laravel-debugbar/src/Middleware/InjectDebugbar.php(66): Illuminate\\Pipeline\\Pipeline->Illuminate\\Pipeline\\{closure}()
#23 /var/www/html/Thames/thamescc-backend/vendor/laravel/framework/src/Illuminate/Pipeline/Pipeline.php(209): Barryvdh\\Debugbar\\Middleware\\InjectDebugbar->handle()
#24 /var/www/html/Thames/thamescc-backend/vendor/laravel/framework/src/Illuminate/Routing/Middleware/SubstituteBindings.php(51): Illuminate\\Pipeline\\Pipeline->Illuminate\\Pipeline\\{closure}()
#25 /var/www/html/Thames/thamescc-backend/vendor/laravel/framework/src/Illuminate/Pipeline/Pipeline.php(209): Illuminate\\Routing\\Middleware\\SubstituteBindings->handle()
#26 /var/www/html/Thames/thamescc-backend/vendor/laravel/framework/src/Illuminate/Foundation/Http/Middleware/VerifyCsrfToken.php(88): Illuminate\\Pipeline\\Pipeline->Illuminate\\Pipeline\\{closure}()
#27 /var/www/html/Thames/thamescc-backend/vendor/laravel/framework/src/Illuminate/Pipeline/Pipeline.php(209): Illuminate\\Foundation\\Http\\Middleware\\VerifyCsrfToken->handle()
#28 /var/www/html/Thames/thamescc-backend/vendor/laravel/framework/src/Illuminate/View/Middleware/ShareErrorsFromSession.php(49): Illuminate\\Pipeline\\Pipeline->Illuminate\\Pipeline\\{closure}()
#29 /var/www/html/Thames/thamescc-backend/vendor/laravel/framework/src/Illuminate/Pipeline/Pipeline.php(209): Illuminate\\View\\Middleware\\ShareErrorsFromSession->handle()
#30 /var/www/html/Thames/thamescc-backend/vendor/laravel/framework/src/Illuminate/Session/Middleware/StartSession.php(121): Illuminate\\Pipeline\\Pipeline->Illuminate\\Pipeline\\{closure}()
#31 /var/www/html/Thames/thamescc-backend/vendor/laravel/framework/src/Illuminate/Session/Middleware/StartSession.php(64): Illuminate\\Session\\Middleware\\StartSession->handleStatefulRequest()
#32 /var/www/html/Thames/thamescc-backend/vendor/laravel/framework/src/Illuminate/Pipeline/Pipeline.php(209): Illuminate\\Session\\Middleware\\StartSession->handle()
#33 /var/www/html/Thames/thamescc-backend/vendor/laravel/framework/src/Illuminate/Cookie/Middleware/AddQueuedCookiesToResponse.php(37): Illuminate\\Pipeline\\Pipeline->Illuminate\\Pipeline\\{closure}()
#34 /var/www/html/Thames/thamescc-backend/vendor/laravel/framework/src/Illuminate/Pipeline/Pipeline.php(209): Illuminate\\Cookie\\Middleware\\AddQueuedCookiesToResponse->handle()
#35 /var/www/html/Thames/thamescc-backend/vendor/laravel/framework/src/Illuminate/Cookie/Middleware/EncryptCookies.php(75): Illuminate\\Pipeline\\Pipeline->Illuminate\\Pipeline\\{closure}()
#36 /var/www/html/Thames/thamescc-backend/vendor/laravel/framework/src/Illuminate/Pipeline/Pipeline.php(209): Illuminate\\Cookie\\Middleware\\EncryptCookies->handle()
#37 /var/www/html/Thames/thamescc-backend/vendor/laravel/framework/src/Illuminate/Pipeline/Pipeline.php(127): Illuminate\\Pipeline\\Pipeline->Illuminate\\Pipeline\\{closure}()
#38 /var/www/html/Thames/thamescc-backend/vendor/laravel/framework/src/Illuminate/Routing/Router.php(807): Illuminate\\Pipeline\\Pipeline->then()
#39 /var/www/html/Thames/thamescc-backend/vendor/laravel/framework/src/Illuminate/Routing/Router.php(786): Illuminate\\Routing\\Router->runRouteWithinStack()
#40 /var/www/html/Thames/thamescc-backend/vendor/laravel/framework/src/Illuminate/Routing/Router.php(750): Illuminate\\Routing\\Router->runRoute()
#41 /var/www/html/Thames/thamescc-backend/vendor/laravel/framework/src/Illuminate/Routing/Router.php(739): Illuminate\\Routing\\Router->dispatchToRoute()
#42 /var/www/html/Thames/thamescc-backend/vendor/laravel/framework/src/Illuminate/Foundation/Http/Kernel.php(201): Illuminate\\Routing\\Router->dispatch()
#43 /var/www/html/Thames/thamescc-backend/vendor/laravel/framework/src/Illuminate/Pipeline/Pipeline.php(170): Illuminate\\Foundation\\Http\\Kernel->Illuminate\\Foundation\\Http\\{closure}()
#44 /var/www/html/Thames/thamescc-backend/vendor/barryvdh/laravel-debugbar/src/Middleware/InjectDebugbar.php(66): Illuminate\\Pipeline\\Pipeline->Illuminate\\Pipeline\\{closure}()
#45 /var/www/html/Thames/thamescc-backend/vendor/laravel/framework/src/Illuminate/Pipeline/Pipeline.php(209): Barryvdh\\Debugbar\\Middleware\\InjectDebugbar->handle()
#46 /var/www/html/Thames/thamescc-backend/packages/Webkul/Installer/src/Http/Middleware/CanInstall.php(30): Illuminate\\Pipeline\\Pipeline->Illuminate\\Pipeline\\{closure}()
#47 /var/www/html/Thames/thamescc-backend/vendor/laravel/framework/src/Illuminate/Pipeline/Pipeline.php(209): Webkul\\Installer\\Http\\Middleware\\CanInstall->handle()
#48 /var/www/html/Thames/thamescc-backend/packages/Webkul/Core/src/Http/Middleware/SecureHeaders.php(29): Illuminate\\Pipeline\\Pipeline->Illuminate\\Pipeline\\{closure}()
#49 /var/www/html/Thames/thamescc-backend/vendor/laravel/framework/src/Illuminate/Pipeline/Pipeline.php(209): Webkul\\Core\\Http\\Middleware\\SecureHeaders->handle()
#50 /var/www/html/Thames/thamescc-backend/vendor/laravel/framework/src/Illuminate/Foundation/Http/Middleware/TransformsRequest.php(21): Illuminate\\Pipeline\\Pipeline->Illuminate\\Pipeline\\{closure}()
#51 /var/www/html/Thames/thamescc-backend/vendor/laravel/framework/src/Illuminate/Foundation/Http/Middleware/TrimStrings.php(51): Illuminate\\Foundation\\Http\\Middleware\\TransformsRequest->handle()
#52 /var/www/html/Thames/thamescc-backend/vendor/laravel/framework/src/Illuminate/Pipeline/Pipeline.php(209): Illuminate\\Foundation\\Http\\Middleware\\TrimStrings->handle()
#53 /var/www/html/Thames/thamescc-backend/vendor/laravel/framework/src/Illuminate/Http/Middleware/ValidatePostSize.php(27): Illuminate\\Pipeline\\Pipeline->Illuminate\\Pipeline\\{closure}()
#54 /var/www/html/Thames/thamescc-backend/vendor/laravel/framework/src/Illuminate/Pipeline/Pipeline.php(209): Illuminate\\Http\\Middleware\\ValidatePostSize->handle()
#55 /var/www/html/Thames/thamescc-backend/vendor/laravel/framework/src/Illuminate/Http/Middleware/HandleCors.php(49): Illuminate\\Pipeline\\Pipeline->Illuminate\\Pipeline\\{closure}()
#56 /var/www/html/Thames/thamescc-backend/vendor/laravel/framework/src/Illuminate/Pipeline/Pipeline.php(209): Illuminate\\Http\\Middleware\\HandleCors->handle()
#57 /var/www/html/Thames/thamescc-backend/vendor/laravel/framework/src/Illuminate/Http/Middleware/TrustProxies.php(58): Illuminate\\Pipeline\\Pipeline->Illuminate\\Pipeline\\{closure}()
#58 /var/www/html/Thames/thamescc-backend/vendor/laravel/framework/src/Illuminate/Pipeline/Pipeline.php(209): Illuminate\\Http\\Middleware\\TrustProxies->handle()
#59 /var/www/html/Thames/thamescc-backend/vendor/laravel/framework/src/Illuminate/Foundation/Http/Middleware/InvokeDeferredCallbacks.php(22): Illuminate\\Pipeline\\Pipeline->Illuminate\\Pipeline\\{closure}()
#60 /var/www/html/Thames/thamescc-backend/vendor/laravel/framework/src/Illuminate/Pipeline/Pipeline.php(209): Illuminate\\Foundation\\Http\\Middleware\\InvokeDeferredCallbacks->handle()
#61 /var/www/html/Thames/thamescc-backend/vendor/laravel/framework/src/Illuminate/Pipeline/Pipeline.php(127): Illuminate\\Pipeline\\Pipeline->Illuminate\\Pipeline\\{closure}()
#62 /var/www/html/Thames/thamescc-backend/vendor/laravel/framework/src/Illuminate/Foundation/Http/Kernel.php(176): Illuminate\\Pipeline\\Pipeline->then()
#63 /var/www/html/Thames/thamescc-backend/vendor/laravel/framework/src/Illuminate/Foundation/Http/Kernel.php(145): Illuminate\\Foundation\\Http\\Kernel->sendRequestThroughRouter()
#64 /var/www/html/Thames/thamescc-backend/public/index.php(51): Illuminate\\Foundation\\Http\\Kernel->handle()
#65 /var/www/html/Thames/thamescc-backend/vendor/laravel/framework/src/Illuminate/Foundation/resources/server.php(23): require_once('...')
#66 {main}

[previous exception] [object] (Illuminate\\View\\ViewException(code: 0): Undefined constant \"active\" (View: /var/www/html/Thames/thamescc-backend/packages/Webkul/Shop/src/Resources/views/categories/filters.blade.php) at /var/www/html/Thames/thamescc-backend/storage/framework/views/15c954820bd258e6b8233373699db278.php:244)
[stacktrace]
#0 /var/www/html/Thames/thamescc-backend/vendor/laravel/framework/src/Illuminate/View/Engines/PhpEngine.php(60): Illuminate\\View\\Engines\\CompilerEngine->handleViewException()
#1 /var/www/html/Thames/thamescc-backend/vendor/laravel/framework/src/Illuminate/View/Engines/CompilerEngine.php(75): Illuminate\\View\\Engines\\PhpEngine->evaluatePath()
#2 /var/www/html/Thames/thamescc-backend/vendor/laravel/framework/src/Illuminate/View/View.php(209): Illuminate\\View\\Engines\\CompilerEngine->get()
#3 /var/www/html/Thames/thamescc-backend/vendor/laravel/framework/src/Illuminate/View/View.php(192): Illuminate\\View\\View->getContents()
#4 /var/www/html/Thames/thamescc-backend/vendor/laravel/framework/src/Illuminate/View/View.php(161): Illuminate\\View\\View->renderContents()
#5 /var/www/html/Thames/thamescc-backend/storage/framework/views/f574752019a3c3ad0214da4ba0256a0a.php(83): Illuminate\\View\\View->render()
#6 /var/www/html/Thames/thamescc-backend/vendor/laravel/framework/src/Illuminate/Filesystem/Filesystem.php(123): require('...')
#7 /var/www/html/Thames/thamescc-backend/vendor/laravel/framework/src/Illuminate/Filesystem/Filesystem.php(124): Illuminate\\Filesystem\\Filesystem::Illuminate\\Filesystem\\{closure}()
#8 /var/www/html/Thames/thamescc-backend/vendor/laravel/framework/src/Illuminate/View/Engines/PhpEngine.php(58): Illuminate\\Filesystem\\Filesystem->getRequire()
#9 /var/www/html/Thames/thamescc-backend/vendor/laravel/framework/src/Illuminate/View/Engines/CompilerEngine.php(75): Illuminate\\View\\Engines\\PhpEngine->evaluatePath()
#10 /var/www/html/Thames/thamescc-backend/vendor/laravel/framework/src/Illuminate/View/View.php(209): Illuminate\\View\\Engines\\CompilerEngine->get()
#11 /var/www/html/Thames/thamescc-backend/vendor/laravel/framework/src/Illuminate/View/View.php(192): Illuminate\\View\\View->getContents()
#12 /var/www/html/Thames/thamescc-backend/vendor/laravel/framework/src/Illuminate/View/View.php(161): Illuminate\\View\\View->renderContents()
#13 /var/www/html/Thames/thamescc-backend/vendor/laravel/framework/src/Illuminate/Http/Response.php(79): Illuminate\\View\\View->render()
#14 /var/www/html/Thames/thamescc-backend/vendor/laravel/framework/src/Illuminate/Http/Response.php(35): Illuminate\\Http\\Response->setContent()
#15 /var/www/html/Thames/thamescc-backend/vendor/laravel/framework/src/Illuminate/Routing/Router.php(920): Illuminate\\Http\\Response->__construct()
#16 /var/www/html/Thames/thamescc-backend/vendor/laravel/framework/src/Illuminate/Routing/Router.php(887): Illuminate\\Routing\\Router::toResponse()
#17 /var/www/html/Thames/thamescc-backend/vendor/laravel/framework/src/Illuminate/Routing/Router.php(807): Illuminate\\Routing\\Router->prepareResponse()
#18 /var/www/html/Thames/thamescc-backend/vendor/laravel/framework/src/Illuminate/Pipeline/Pipeline.php(170): Illuminate\\Routing\\Router->Illuminate\\Routing\\{closure}()
#19 /var/www/html/Thames/thamescc-backend/vendor/spatie/laravel-responsecache/src/Middlewares/CacheResponse.php(46): Illuminate\\Pipeline\\Pipeline->Illuminate\\Pipeline\\{closure}()
#20 /var/www/html/Thames/thamescc-backend/packages/Webkul/Shop/src/Http/Middleware/CacheResponse.php(36): Spatie\\ResponseCache\\Middlewares\\CacheResponse->handle()
#21 /var/www/html/Thames/thamescc-backend/vendor/laravel/framework/src/Illuminate/Pipeline/Pipeline.php(209): Webkul\\Shop\\Http\\Middleware\\CacheResponse->handle()
#22 /var/www/html/Thames/thamescc-backend/packages/Webkul/Core/src/Http/Middleware/PreventRequestsDuringMaintenance.php(119): Illuminate\\Pipeline\\Pipeline->Illuminate\\Pipeline\\{closure}()
#23 /var/www/html/Thames/thamescc-backend/vendor/laravel/framework/src/Illuminate/Pipeline/Pipeline.php(209): Webkul\\Core\\Http\\Middleware\\PreventRequestsDuringMaintenance->handle()
#24 /var/www/html/Thames/thamescc-backend/packages/Webkul/Shop/src/Http/Middleware/Currency.php(40): Illuminate\\Pipeline\\Pipeline->Illuminate\\Pipeline\\{closure}()
#25 /var/www/html/Thames/thamescc-backend/vendor/laravel/framework/src/Illuminate/Pipeline/Pipeline.php(209): Webkul\\Shop\\Http\\Middleware\\Currency->handle()
#26 /var/www/html/Thames/thamescc-backend/packages/Webkul/Shop/src/Http/Middleware/Locale.php(40): Illuminate\\Pipeline\\Pipeline->Illuminate\\Pipeline\\{closure}()
#27 /var/www/html/Thames/thamescc-backend/vendor/laravel/framework/src/Illuminate/Pipeline/Pipeline.php(209): Webkul\\Shop\\Http\\Middleware\\Locale->handle()
#28 /var/www/html/Thames/thamescc-backend/packages/Webkul/Shop/src/Http/Middleware/Theme.php(32): Illuminate\\Pipeline\\Pipeline->Illuminate\\Pipeline\\{closure}()
#29 /var/www/html/Thames/thamescc-backend/vendor/laravel/framework/src/Illuminate/Pipeline/Pipeline.php(209): Webkul\\Shop\\Http\\Middleware\\Theme->handle()
#30 /var/www/html/Thames/thamescc-backend/vendor/barryvdh/laravel-debugbar/src/Middleware/InjectDebugbar.php(66): Illuminate\\Pipeline\\Pipeline->Illuminate\\Pipeline\\{closure}()
#31 /var/www/html/Thames/thamescc-backend/vendor/laravel/framework/src/Illuminate/Pipeline/Pipeline.php(209): Barryvdh\\Debugbar\\Middleware\\InjectDebugbar->handle()
#32 /var/www/html/Thames/thamescc-backend/vendor/laravel/framework/src/Illuminate/Routing/Middleware/SubstituteBindings.php(51): Illuminate\\Pipeline\\Pipeline->Illuminate\\Pipeline\\{closure}()
#33 /var/www/html/Thames/thamescc-backend/vendor/laravel/framework/src/Illuminate/Pipeline/Pipeline.php(209): Illuminate\\Routing\\Middleware\\SubstituteBindings->handle()
#34 /var/www/html/Thames/thamescc-backend/vendor/laravel/framework/src/Illuminate/Foundation/Http/Middleware/VerifyCsrfToken.php(88): Illuminate\\Pipeline\\Pipeline->Illuminate\\Pipeline\\{closure}()
#35 /var/www/html/Thames/thamescc-backend/vendor/laravel/framework/src/Illuminate/Pipeline/Pipeline.php(209): Illuminate\\Foundation\\Http\\Middleware\\VerifyCsrfToken->handle()
#36 /var/www/html/Thames/thamescc-backend/vendor/laravel/framework/src/Illuminate/View/Middleware/ShareErrorsFromSession.php(49): Illuminate\\Pipeline\\Pipeline->Illuminate\\Pipeline\\{closure}()
#37 /var/www/html/Thames/thamescc-backend/vendor/laravel/framework/src/Illuminate/Pipeline/Pipeline.php(209): Illuminate\\View\\Middleware\\ShareErrorsFromSession->handle()
#38 /var/www/html/Thames/thamescc-backend/vendor/laravel/framework/src/Illuminate/Session/Middleware/StartSession.php(121): Illuminate\\Pipeline\\Pipeline->Illuminate\\Pipeline\\{closure}()
#39 /var/www/html/Thames/thamescc-backend/vendor/laravel/framework/src/Illuminate/Session/Middleware/StartSession.php(64): Illuminate\\Session\\Middleware\\StartSession->handleStatefulRequest()
#40 /var/www/html/Thames/thamescc-backend/vendor/laravel/framework/src/Illuminate/Pipeline/Pipeline.php(209): Illuminate\\Session\\Middleware\\StartSession->handle()
#41 /var/www/html/Thames/thamescc-backend/vendor/laravel/framework/src/Illuminate/Cookie/Middleware/AddQueuedCookiesToResponse.php(37): Illuminate\\Pipeline\\Pipeline->Illuminate\\Pipeline\\{closure}()
#42 /var/www/html/Thames/thamescc-backend/vendor/laravel/framework/src/Illuminate/Pipeline/Pipeline.php(209): Illuminate\\Cookie\\Middleware\\AddQueuedCookiesToResponse->handle()
#43 /var/www/html/Thames/thamescc-backend/vendor/laravel/framework/src/Illuminate/Cookie/Middleware/EncryptCookies.php(75): Illuminate\\Pipeline\\Pipeline->Illuminate\\Pipeline\\{closure}()
#44 /var/www/html/Thames/thamescc-backend/vendor/laravel/framework/src/Illuminate/Pipeline/Pipeline.php(209): Illuminate\\Cookie\\Middleware\\EncryptCookies->handle()
#45 /var/www/html/Thames/thamescc-backend/vendor/laravel/framework/src/Illuminate/Pipeline/Pipeline.php(127): Illuminate\\Pipeline\\Pipeline->Illuminate\\Pipeline\\{closure}()
#46 /var/www/html/Thames/thamescc-backend/vendor/laravel/framework/src/Illuminate/Routing/Router.php(807): Illuminate\\Pipeline\\Pipeline->then()
#47 /var/www/html/Thames/thamescc-backend/vendor/laravel/framework/src/Illuminate/Routing/Router.php(786): Illuminate\\Routing\\Router->runRouteWithinStack()
#48 /var/www/html/Thames/thamescc-backend/vendor/laravel/framework/src/Illuminate/Routing/Router.php(750): Illuminate\\Routing\\Router->runRoute()
#49 /var/www/html/Thames/thamescc-backend/vendor/laravel/framework/src/Illuminate/Routing/Router.php(739): Illuminate\\Routing\\Router->dispatchToRoute()
#50 /var/www/html/Thames/thamescc-backend/vendor/laravel/framework/src/Illuminate/Foundation/Http/Kernel.php(201): Illuminate\\Routing\\Router->dispatch()
#51 /var/www/html/Thames/thamescc-backend/vendor/laravel/framework/src/Illuminate/Pipeline/Pipeline.php(170): Illuminate\\Foundation\\Http\\Kernel->Illuminate\\Foundation\\Http\\{closure}()
#52 /var/www/html/Thames/thamescc-backend/vendor/barryvdh/laravel-debugbar/src/Middleware/InjectDebugbar.php(66): Illuminate\\Pipeline\\Pipeline->Illuminate\\Pipeline\\{closure}()
#53 /var/www/html/Thames/thamescc-backend/vendor/laravel/framework/src/Illuminate/Pipeline/Pipeline.php(209): Barryvdh\\Debugbar\\Middleware\\InjectDebugbar->handle()
#54 /var/www/html/Thames/thamescc-backend/packages/Webkul/Installer/src/Http/Middleware/CanInstall.php(30): Illuminate\\Pipeline\\Pipeline->Illuminate\\Pipeline\\{closure}()
#55 /var/www/html/Thames/thamescc-backend/vendor/laravel/framework/src/Illuminate/Pipeline/Pipeline.php(209): Webkul\\Installer\\Http\\Middleware\\CanInstall->handle()
#56 /var/www/html/Thames/thamescc-backend/packages/Webkul/Core/src/Http/Middleware/SecureHeaders.php(29): Illuminate\\Pipeline\\Pipeline->Illuminate\\Pipeline\\{closure}()
#57 /var/www/html/Thames/thamescc-backend/vendor/laravel/framework/src/Illuminate/Pipeline/Pipeline.php(209): Webkul\\Core\\Http\\Middleware\\SecureHeaders->handle()
#58 /var/www/html/Thames/thamescc-backend/vendor/laravel/framework/src/Illuminate/Foundation/Http/Middleware/TransformsRequest.php(21): Illuminate\\Pipeline\\Pipeline->Illuminate\\Pipeline\\{closure}()
#59 /var/www/html/Thames/thamescc-backend/vendor/laravel/framework/src/Illuminate/Foundation/Http/Middleware/TrimStrings.php(51): Illuminate\\Foundation\\Http\\Middleware\\TransformsRequest->handle()
#60 /var/www/html/Thames/thamescc-backend/vendor/laravel/framework/src/Illuminate/Pipeline/Pipeline.php(209): Illuminate\\Foundation\\Http\\Middleware\\TrimStrings->handle()
#61 /var/www/html/Thames/thamescc-backend/vendor/laravel/framework/src/Illuminate/Http/Middleware/ValidatePostSize.php(27): Illuminate\\Pipeline\\Pipeline->Illuminate\\Pipeline\\{closure}()
#62 /var/www/html/Thames/thamescc-backend/vendor/laravel/framework/src/Illuminate/Pipeline/Pipeline.php(209): Illuminate\\Http\\Middleware\\ValidatePostSize->handle()
#63 /var/www/html/Thames/thamescc-backend/vendor/laravel/framework/src/Illuminate/Http/Middleware/HandleCors.php(49): Illuminate\\Pipeline\\Pipeline->Illuminate\\Pipeline\\{closure}()
#64 /var/www/html/Thames/thamescc-backend/vendor/laravel/framework/src/Illuminate/Pipeline/Pipeline.php(209): Illuminate\\Http\\Middleware\\HandleCors->handle()
#65 /var/www/html/Thames/thamescc-backend/vendor/laravel/framework/src/Illuminate/Http/Middleware/TrustProxies.php(58): Illuminate\\Pipeline\\Pipeline->Illuminate\\Pipeline\\{closure}()
#66 /var/www/html/Thames/thamescc-backend/vendor/laravel/framework/src/Illuminate/Pipeline/Pipeline.php(209): Illuminate\\Http\\Middleware\\TrustProxies->handle()
#67 /var/www/html/Thames/thamescc-backend/vendor/laravel/framework/src/Illuminate/Foundation/Http/Middleware/InvokeDeferredCallbacks.php(22): Illuminate\\Pipeline\\Pipeline->Illuminate\\Pipeline\\{closure}()
#68 /var/www/html/Thames/thamescc-backend/vendor/laravel/framework/src/Illuminate/Pipeline/Pipeline.php(209): Illuminate\\Foundation\\Http\\Middleware\\InvokeDeferredCallbacks->handle()
#69 /var/www/html/Thames/thamescc-backend/vendor/laravel/framework/src/Illuminate/Pipeline/Pipeline.php(127): Illuminate\\Pipeline\\Pipeline->Illuminate\\Pipeline\\{closure}()
#70 /var/www/html/Thames/thamescc-backend/vendor/laravel/framework/src/Illuminate/Foundation/Http/Kernel.php(176): Illuminate\\Pipeline\\Pipeline->then()
#71 /var/www/html/Thames/thamescc-backend/vendor/laravel/framework/src/Illuminate/Foundation/Http/Kernel.php(145): Illuminate\\Foundation\\Http\\Kernel->sendRequestThroughRouter()
#72 /var/www/html/Thames/thamescc-backend/public/index.php(51): Illuminate\\Foundation\\Http\\Kernel->handle()
#73 /var/www/html/Thames/thamescc-backend/vendor/laravel/framework/src/Illuminate/Foundation/resources/server.php(23): require_once('...')
#74 {main}

[previous exception] [object] (Error(code: 0): Undefined constant \"active\" at /var/www/html/Thames/thamescc-backend/storage/framework/views/15c954820bd258e6b8233373699db278.php:244)
[stacktrace]
#0 /var/www/html/Thames/thamescc-backend/vendor/laravel/framework/src/Illuminate/Filesystem/Filesystem.php(123): require()
#1 /var/www/html/Thames/thamescc-backend/vendor/laravel/framework/src/Illuminate/Filesystem/Filesystem.php(124): Illuminate\\Filesystem\\Filesystem::Illuminate\\Filesystem\\{closure}()
#2 /var/www/html/Thames/thamescc-backend/vendor/laravel/framework/src/Illuminate/View/Engines/PhpEngine.php(58): Illuminate\\Filesystem\\Filesystem->getRequire()
#3 /var/www/html/Thames/thamescc-backend/vendor/laravel/framework/src/Illuminate/View/Engines/CompilerEngine.php(75): Illuminate\\View\\Engines\\PhpEngine->evaluatePath()
#4 /var/www/html/Thames/thamescc-backend/vendor/laravel/framework/src/Illuminate/View/View.php(209): Illuminate\\View\\Engines\\CompilerEngine->get()
#5 /var/www/html/Thames/thamescc-backend/vendor/laravel/framework/src/Illuminate/View/View.php(192): Illuminate\\View\\View->getContents()
#6 /var/www/html/Thames/thamescc-backend/vendor/laravel/framework/src/Illuminate/View/View.php(161): Illuminate\\View\\View->renderContents()
#7 /var/www/html/Thames/thamescc-backend/storage/framework/views/f574752019a3c3ad0214da4ba0256a0a.php(83): Illuminate\\View\\View->render()
#8 /var/www/html/Thames/thamescc-backend/vendor/laravel/framework/src/Illuminate/Filesystem/Filesystem.php(123): require('...')
#9 /var/www/html/Thames/thamescc-backend/vendor/laravel/framework/src/Illuminate/Filesystem/Filesystem.php(124): Illuminate\\Filesystem\\Filesystem::Illuminate\\Filesystem\\{closure}()
#10 /var/www/html/Thames/thamescc-backend/vendor/laravel/framework/src/Illuminate/View/Engines/PhpEngine.php(58): Illuminate\\Filesystem\\Filesystem->getRequire()
#11 /var/www/html/Thames/thamescc-backend/vendor/laravel/framework/src/Illuminate/View/Engines/CompilerEngine.php(75): Illuminate\\View\\Engines\\PhpEngine->evaluatePath()
#12 /var/www/html/Thames/thamescc-backend/vendor/laravel/framework/src/Illuminate/View/View.php(209): Illuminate\\View\\Engines\\CompilerEngine->get()
#13 /var/www/html/Thames/thamescc-backend/vendor/laravel/framework/src/Illuminate/View/View.php(192): Illuminate\\View\\View->getContents()
#14 /var/www/html/Thames/thamescc-backend/vendor/laravel/framework/src/Illuminate/View/View.php(161): Illuminate\\View\\View->renderContents()
#15 /var/www/html/Thames/thamescc-backend/vendor/laravel/framework/src/Illuminate/Http/Response.php(79): Illuminate\\View\\View->render()
#16 /var/www/html/Thames/thamescc-backend/vendor/laravel/framework/src/Illuminate/Http/Response.php(35): Illuminate\\Http\\Response->setContent()
#17 /var/www/html/Thames/thamescc-backend/vendor/laravel/framework/src/Illuminate/Routing/Router.php(920): Illuminate\\Http\\Response->__construct()
#18 /var/www/html/Thames/thamescc-backend/vendor/laravel/framework/src/Illuminate/Routing/Router.php(887): Illuminate\\Routing\\Router::toResponse()
#19 /var/www/html/Thames/thamescc-backend/vendor/laravel/framework/src/Illuminate/Routing/Router.php(807): Illuminate\\Routing\\Router->prepareResponse()
#20 /var/www/html/Thames/thamescc-backend/vendor/laravel/framework/src/Illuminate/Pipeline/Pipeline.php(170): Illuminate\\Routing\\Router->Illuminate\\Routing\\{closure}()
#21 /var/www/html/Thames/thamescc-backend/vendor/spatie/laravel-responsecache/src/Middlewares/CacheResponse.php(46): Illuminate\\Pipeline\\Pipeline->Illuminate\\Pipeline\\{closure}()
#22 /var/www/html/Thames/thamescc-backend/packages/Webkul/Shop/src/Http/Middleware/CacheResponse.php(36): Spatie\\ResponseCache\\Middlewares\\CacheResponse->handle()
#23 /var/www/html/Thames/thamescc-backend/vendor/laravel/framework/src/Illuminate/Pipeline/Pipeline.php(209): Webkul\\Shop\\Http\\Middleware\\CacheResponse->handle()
#24 /var/www/html/Thames/thamescc-backend/packages/Webkul/Core/src/Http/Middleware/PreventRequestsDuringMaintenance.php(119): Illuminate\\Pipeline\\Pipeline->Illuminate\\Pipeline\\{closure}()
#25 /var/www/html/Thames/thamescc-backend/vendor/laravel/framework/src/Illuminate/Pipeline/Pipeline.php(209): Webkul\\Core\\Http\\Middleware\\PreventRequestsDuringMaintenance->handle()
#26 /var/www/html/Thames/thamescc-backend/packages/Webkul/Shop/src/Http/Middleware/Currency.php(40): Illuminate\\Pipeline\\Pipeline->Illuminate\\Pipeline\\{closure}()
#27 /var/www/html/Thames/thamescc-backend/vendor/laravel/framework/src/Illuminate/Pipeline/Pipeline.php(209): Webkul\\Shop\\Http\\Middleware\\Currency->handle()
#28 /var/www/html/Thames/thamescc-backend/packages/Webkul/Shop/src/Http/Middleware/Locale.php(40): Illuminate\\Pipeline\\Pipeline->Illuminate\\Pipeline\\{closure}()
#29 /var/www/html/Thames/thamescc-backend/vendor/laravel/framework/src/Illuminate/Pipeline/Pipeline.php(209): Webkul\\Shop\\Http\\Middleware\\Locale->handle()
#30 /var/www/html/Thames/thamescc-backend/packages/Webkul/Shop/src/Http/Middleware/Theme.php(32): Illuminate\\Pipeline\\Pipeline->Illuminate\\Pipeline\\{closure}()
#31 /var/www/html/Thames/thamescc-backend/vendor/laravel/framework/src/Illuminate/Pipeline/Pipeline.php(209): Webkul\\Shop\\Http\\Middleware\\Theme->handle()
#32 /var/www/html/Thames/thamescc-backend/vendor/barryvdh/laravel-debugbar/src/Middleware/InjectDebugbar.php(66): Illuminate\\Pipeline\\Pipeline->Illuminate\\Pipeline\\{closure}()
#33 /var/www/html/Thames/thamescc-backend/vendor/laravel/framework/src/Illuminate/Pipeline/Pipeline.php(209): Barryvdh\\Debugbar\\Middleware\\InjectDebugbar->handle()
#34 /var/www/html/Thames/thamescc-backend/vendor/laravel/framework/src/Illuminate/Routing/Middleware/SubstituteBindings.php(51): Illuminate\\Pipeline\\Pipeline->Illuminate\\Pipeline\\{closure}()
#35 /var/www/html/Thames/thamescc-backend/vendor/laravel/framework/src/Illuminate/Pipeline/Pipeline.php(209): Illuminate\\Routing\\Middleware\\SubstituteBindings->handle()
#36 /var/www/html/Thames/thamescc-backend/vendor/laravel/framework/src/Illuminate/Foundation/Http/Middleware/VerifyCsrfToken.php(88): Illuminate\\Pipeline\\Pipeline->Illuminate\\Pipeline\\{closure}()
#37 /var/www/html/Thames/thamescc-backend/vendor/laravel/framework/src/Illuminate/Pipeline/Pipeline.php(209): Illuminate\\Foundation\\Http\\Middleware\\VerifyCsrfToken->handle()
#38 /var/www/html/Thames/thamescc-backend/vendor/laravel/framework/src/Illuminate/View/Middleware/ShareErrorsFromSession.php(49): Illuminate\\Pipeline\\Pipeline->Illuminate\\Pipeline\\{closure}()
#39 /var/www/html/Thames/thamescc-backend/vendor/laravel/framework/src/Illuminate/Pipeline/Pipeline.php(209): Illuminate\\View\\Middleware\\ShareErrorsFromSession->handle()
#40 /var/www/html/Thames/thamescc-backend/vendor/laravel/framework/src/Illuminate/Session/Middleware/StartSession.php(121): Illuminate\\Pipeline\\Pipeline->Illuminate\\Pipeline\\{closure}()
#41 /var/www/html/Thames/thamescc-backend/vendor/laravel/framework/src/Illuminate/Session/Middleware/StartSession.php(64): Illuminate\\Session\\Middleware\\StartSession->handleStatefulRequest()
#42 /var/www/html/Thames/thamescc-backend/vendor/laravel/framework/src/Illuminate/Pipeline/Pipeline.php(209): Illuminate\\Session\\Middleware\\StartSession->handle()
#43 /var/www/html/Thames/thamescc-backend/vendor/laravel/framework/src/Illuminate/Cookie/Middleware/AddQueuedCookiesToResponse.php(37): Illuminate\\Pipeline\\Pipeline->Illuminate\\Pipeline\\{closure}()
#44 /var/www/html/Thames/thamescc-backend/vendor/laravel/framework/src/Illuminate/Pipeline/Pipeline.php(209): Illuminate\\Cookie\\Middleware\\AddQueuedCookiesToResponse->handle()
#45 /var/www/html/Thames/thamescc-backend/vendor/laravel/framework/src/Illuminate/Cookie/Middleware/EncryptCookies.php(75): Illuminate\\Pipeline\\Pipeline->Illuminate\\Pipeline\\{closure}()
#46 /var/www/html/Thames/thamescc-backend/vendor/laravel/framework/src/Illuminate/Pipeline/Pipeline.php(209): Illuminate\\Cookie\\Middleware\\EncryptCookies->handle()
#47 /var/www/html/Thames/thamescc-backend/vendor/laravel/framework/src/Illuminate/Pipeline/Pipeline.php(127): Illuminate\\Pipeline\\Pipeline->Illuminate\\Pipeline\\{closure}()
#48 /var/www/html/Thames/thamescc-backend/vendor/laravel/framework/src/Illuminate/Routing/Router.php(807): Illuminate\\Pipeline\\Pipeline->then()
#49 /var/www/html/Thames/thamescc-backend/vendor/laravel/framework/src/Illuminate/Routing/Router.php(786): Illuminate\\Routing\\Router->runRouteWithinStack()
#50 /var/www/html/Thames/thamescc-backend/vendor/laravel/framework/src/Illuminate/Routing/Router.php(750): Illuminate\\Routing\\Router->runRoute()
#51 /var/www/html/Thames/thamescc-backend/vendor/laravel/framework/src/Illuminate/Routing/Router.php(739): Illuminate\\Routing\\Router->dispatchToRoute()
#52 /var/www/html/Thames/thamescc-backend/vendor/laravel/framework/src/Illuminate/Foundation/Http/Kernel.php(201): Illuminate\\Routing\\Router->dispatch()
#53 /var/www/html/Thames/thamescc-backend/vendor/laravel/framework/src/Illuminate/Pipeline/Pipeline.php(170): Illuminate\\Foundation\\Http\\Kernel->Illuminate\\Foundation\\Http\\{closure}()
#54 /var/www/html/Thames/thamescc-backend/vendor/barryvdh/laravel-debugbar/src/Middleware/InjectDebugbar.php(66): Illuminate\\Pipeline\\Pipeline->Illuminate\\Pipeline\\{closure}()
#55 /var/www/html/Thames/thamescc-backend/vendor/laravel/framework/src/Illuminate/Pipeline/Pipeline.php(209): Barryvdh\\Debugbar\\Middleware\\InjectDebugbar->handle()
#56 /var/www/html/Thames/thamescc-backend/packages/Webkul/Installer/src/Http/Middleware/CanInstall.php(30): Illuminate\\Pipeline\\Pipeline->Illuminate\\Pipeline\\{closure}()
#57 /var/www/html/Thames/thamescc-backend/vendor/laravel/framework/src/Illuminate/Pipeline/Pipeline.php(209): Webkul\\Installer\\Http\\Middleware\\CanInstall->handle()
#58 /var/www/html/Thames/thamescc-backend/packages/Webkul/Core/src/Http/Middleware/SecureHeaders.php(29): Illuminate\\Pipeline\\Pipeline->Illuminate\\Pipeline\\{closure}()
#59 /var/www/html/Thames/thamescc-backend/vendor/laravel/framework/src/Illuminate/Pipeline/Pipeline.php(209): Webkul\\Core\\Http\\Middleware\\SecureHeaders->handle()
#60 /var/www/html/Thames/thamescc-backend/vendor/laravel/framework/src/Illuminate/Foundation/Http/Middleware/TransformsRequest.php(21): Illuminate\\Pipeline\\Pipeline->Illuminate\\Pipeline\\{closure}()
#61 /var/www/html/Thames/thamescc-backend/vendor/laravel/framework/src/Illuminate/Foundation/Http/Middleware/TrimStrings.php(51): Illuminate\\Foundation\\Http\\Middleware\\TransformsRequest->handle()
#62 /var/www/html/Thames/thamescc-backend/vendor/laravel/framework/src/Illuminate/Pipeline/Pipeline.php(209): Illuminate\\Foundation\\Http\\Middleware\\TrimStrings->handle()
#63 /var/www/html/Thames/thamescc-backend/vendor/laravel/framework/src/Illuminate/Http/Middleware/ValidatePostSize.php(27): Illuminate\\Pipeline\\Pipeline->Illuminate\\Pipeline\\{closure}()
#64 /var/www/html/Thames/thamescc-backend/vendor/laravel/framework/src/Illuminate/Pipeline/Pipeline.php(209): Illuminate\\Http\\Middleware\\ValidatePostSize->handle()
#65 /var/www/html/Thames/thamescc-backend/vendor/laravel/framework/src/Illuminate/Http/Middleware/HandleCors.php(49): Illuminate\\Pipeline\\Pipeline->Illuminate\\Pipeline\\{closure}()
#66 /var/www/html/Thames/thamescc-backend/vendor/laravel/framework/src/Illuminate/Pipeline/Pipeline.php(209): Illuminate\\Http\\Middleware\\HandleCors->handle()
#67 /var/www/html/Thames/thamescc-backend/vendor/laravel/framework/src/Illuminate/Http/Middleware/TrustProxies.php(58): Illuminate\\Pipeline\\Pipeline->Illuminate\\Pipeline\\{closure}()
#68 /var/www/html/Thames/thamescc-backend/vendor/laravel/framework/src/Illuminate/Pipeline/Pipeline.php(209): Illuminate\\Http\\Middleware\\TrustProxies->handle()
#69 /var/www/html/Thames/thamescc-backend/vendor/laravel/framework/src/Illuminate/Foundation/Http/Middleware/InvokeDeferredCallbacks.php(22): Illuminate\\Pipeline\\Pipeline->Illuminate\\Pipeline\\{closure}()
#70 /var/www/html/Thames/thamescc-backend/vendor/laravel/framework/src/Illuminate/Pipeline/Pipeline.php(209): Illuminate\\Foundation\\Http\\Middleware\\InvokeDeferredCallbacks->handle()
#71 /var/www/html/Thames/thamescc-backend/vendor/laravel/framework/src/Illuminate/Pipeline/Pipeline.php(127): Illuminate\\Pipeline\\Pipeline->Illuminate\\Pipeline\\{closure}()
#72 /var/www/html/Thames/thamescc-backend/vendor/laravel/framework/src/Illuminate/Foundation/Http/Kernel.php(176): Illuminate\\Pipeline\\Pipeline->then()
#73 /var/www/html/Thames/thamescc-backend/vendor/laravel/framework/src/Illuminate/Foundation/Http/Kernel.php(145): Illuminate\\Foundation\\Http\\Kernel->sendRequestThroughRouter()
#74 /var/www/html/Thames/thamescc-backend/public/index.php(51): Illuminate\\Foundation\\Http\\Kernel->handle()
#75 /var/www/html/Thames/thamescc-backend/vendor/laravel/framework/src/Illuminate/Foundation/resources/server.php(23): require_once('...')
#76 {main}
"} 
[2025-06-19 13:52:38] local.ERROR: Undefined constant "active" (View: /var/www/html/Thames/thamescc-backend/packages/Webkul/Shop/src/Resources/views/categories/filters.blade.php) (View: /var/www/html/Thames/thamescc-backend/packages/Webkul/Shop/src/Resources/views/categories/filters.blade.php) {"exception":"[object] (Illuminate\\View\\ViewException(code: 0): Undefined constant \"active\" (View: /var/www/html/Thames/thamescc-backend/packages/Webkul/Shop/src/Resources/views/categories/filters.blade.php) (View: /var/www/html/Thames/thamescc-backend/packages/Webkul/Shop/src/Resources/views/categories/filters.blade.php) at /var/www/html/Thames/thamescc-backend/storage/framework/views/15c954820bd258e6b8233373699db278.php:244)
[stacktrace]
#0 /var/www/html/Thames/thamescc-backend/vendor/laravel/framework/src/Illuminate/View/Engines/PhpEngine.php(60): Illuminate\\View\\Engines\\CompilerEngine->handleViewException()
#1 /var/www/html/Thames/thamescc-backend/vendor/laravel/framework/src/Illuminate/View/Engines/CompilerEngine.php(75): Illuminate\\View\\Engines\\PhpEngine->evaluatePath()
#2 /var/www/html/Thames/thamescc-backend/vendor/laravel/framework/src/Illuminate/View/View.php(209): Illuminate\\View\\Engines\\CompilerEngine->get()
#3 /var/www/html/Thames/thamescc-backend/vendor/laravel/framework/src/Illuminate/View/View.php(192): Illuminate\\View\\View->getContents()
#4 /var/www/html/Thames/thamescc-backend/vendor/laravel/framework/src/Illuminate/View/View.php(161): Illuminate\\View\\View->renderContents()
#5 /var/www/html/Thames/thamescc-backend/vendor/laravel/framework/src/Illuminate/Http/Response.php(79): Illuminate\\View\\View->render()
#6 /var/www/html/Thames/thamescc-backend/vendor/laravel/framework/src/Illuminate/Http/Response.php(35): Illuminate\\Http\\Response->setContent()
#7 /var/www/html/Thames/thamescc-backend/vendor/laravel/framework/src/Illuminate/Routing/Router.php(920): Illuminate\\Http\\Response->__construct()
#8 /var/www/html/Thames/thamescc-backend/vendor/laravel/framework/src/Illuminate/Routing/Router.php(887): Illuminate\\Routing\\Router::toResponse()
#9 /var/www/html/Thames/thamescc-backend/vendor/laravel/framework/src/Illuminate/Routing/Router.php(807): Illuminate\\Routing\\Router->prepareResponse()
#10 /var/www/html/Thames/thamescc-backend/vendor/laravel/framework/src/Illuminate/Pipeline/Pipeline.php(170): Illuminate\\Routing\\Router->Illuminate\\Routing\\{closure}()
#11 /var/www/html/Thames/thamescc-backend/vendor/spatie/laravel-responsecache/src/Middlewares/CacheResponse.php(46): Illuminate\\Pipeline\\Pipeline->Illuminate\\Pipeline\\{closure}()
#12 /var/www/html/Thames/thamescc-backend/packages/Webkul/Shop/src/Http/Middleware/CacheResponse.php(36): Spatie\\ResponseCache\\Middlewares\\CacheResponse->handle()
#13 /var/www/html/Thames/thamescc-backend/vendor/laravel/framework/src/Illuminate/Pipeline/Pipeline.php(209): Webkul\\Shop\\Http\\Middleware\\CacheResponse->handle()
#14 /var/www/html/Thames/thamescc-backend/packages/Webkul/Core/src/Http/Middleware/PreventRequestsDuringMaintenance.php(119): Illuminate\\Pipeline\\Pipeline->Illuminate\\Pipeline\\{closure}()
#15 /var/www/html/Thames/thamescc-backend/vendor/laravel/framework/src/Illuminate/Pipeline/Pipeline.php(209): Webkul\\Core\\Http\\Middleware\\PreventRequestsDuringMaintenance->handle()
#16 /var/www/html/Thames/thamescc-backend/packages/Webkul/Shop/src/Http/Middleware/Currency.php(40): Illuminate\\Pipeline\\Pipeline->Illuminate\\Pipeline\\{closure}()
#17 /var/www/html/Thames/thamescc-backend/vendor/laravel/framework/src/Illuminate/Pipeline/Pipeline.php(209): Webkul\\Shop\\Http\\Middleware\\Currency->handle()
#18 /var/www/html/Thames/thamescc-backend/packages/Webkul/Shop/src/Http/Middleware/Locale.php(40): Illuminate\\Pipeline\\Pipeline->Illuminate\\Pipeline\\{closure}()
#19 /var/www/html/Thames/thamescc-backend/vendor/laravel/framework/src/Illuminate/Pipeline/Pipeline.php(209): Webkul\\Shop\\Http\\Middleware\\Locale->handle()
#20 /var/www/html/Thames/thamescc-backend/packages/Webkul/Shop/src/Http/Middleware/Theme.php(32): Illuminate\\Pipeline\\Pipeline->Illuminate\\Pipeline\\{closure}()
#21 /var/www/html/Thames/thamescc-backend/vendor/laravel/framework/src/Illuminate/Pipeline/Pipeline.php(209): Webkul\\Shop\\Http\\Middleware\\Theme->handle()
#22 /var/www/html/Thames/thamescc-backend/vendor/barryvdh/laravel-debugbar/src/Middleware/InjectDebugbar.php(66): Illuminate\\Pipeline\\Pipeline->Illuminate\\Pipeline\\{closure}()
#23 /var/www/html/Thames/thamescc-backend/vendor/laravel/framework/src/Illuminate/Pipeline/Pipeline.php(209): Barryvdh\\Debugbar\\Middleware\\InjectDebugbar->handle()
#24 /var/www/html/Thames/thamescc-backend/vendor/laravel/framework/src/Illuminate/Routing/Middleware/SubstituteBindings.php(51): Illuminate\\Pipeline\\Pipeline->Illuminate\\Pipeline\\{closure}()
#25 /var/www/html/Thames/thamescc-backend/vendor/laravel/framework/src/Illuminate/Pipeline/Pipeline.php(209): Illuminate\\Routing\\Middleware\\SubstituteBindings->handle()
#26 /var/www/html/Thames/thamescc-backend/vendor/laravel/framework/src/Illuminate/Foundation/Http/Middleware/VerifyCsrfToken.php(88): Illuminate\\Pipeline\\Pipeline->Illuminate\\Pipeline\\{closure}()
#27 /var/www/html/Thames/thamescc-backend/vendor/laravel/framework/src/Illuminate/Pipeline/Pipeline.php(209): Illuminate\\Foundation\\Http\\Middleware\\VerifyCsrfToken->handle()
#28 /var/www/html/Thames/thamescc-backend/vendor/laravel/framework/src/Illuminate/View/Middleware/ShareErrorsFromSession.php(49): Illuminate\\Pipeline\\Pipeline->Illuminate\\Pipeline\\{closure}()
#29 /var/www/html/Thames/thamescc-backend/vendor/laravel/framework/src/Illuminate/Pipeline/Pipeline.php(209): Illuminate\\View\\Middleware\\ShareErrorsFromSession->handle()
#30 /var/www/html/Thames/thamescc-backend/vendor/laravel/framework/src/Illuminate/Session/Middleware/StartSession.php(121): Illuminate\\Pipeline\\Pipeline->Illuminate\\Pipeline\\{closure}()
#31 /var/www/html/Thames/thamescc-backend/vendor/laravel/framework/src/Illuminate/Session/Middleware/StartSession.php(64): Illuminate\\Session\\Middleware\\StartSession->handleStatefulRequest()
#32 /var/www/html/Thames/thamescc-backend/vendor/laravel/framework/src/Illuminate/Pipeline/Pipeline.php(209): Illuminate\\Session\\Middleware\\StartSession->handle()
#33 /var/www/html/Thames/thamescc-backend/vendor/laravel/framework/src/Illuminate/Cookie/Middleware/AddQueuedCookiesToResponse.php(37): Illuminate\\Pipeline\\Pipeline->Illuminate\\Pipeline\\{closure}()
#34 /var/www/html/Thames/thamescc-backend/vendor/laravel/framework/src/Illuminate/Pipeline/Pipeline.php(209): Illuminate\\Cookie\\Middleware\\AddQueuedCookiesToResponse->handle()
#35 /var/www/html/Thames/thamescc-backend/vendor/laravel/framework/src/Illuminate/Cookie/Middleware/EncryptCookies.php(75): Illuminate\\Pipeline\\Pipeline->Illuminate\\Pipeline\\{closure}()
#36 /var/www/html/Thames/thamescc-backend/vendor/laravel/framework/src/Illuminate/Pipeline/Pipeline.php(209): Illuminate\\Cookie\\Middleware\\EncryptCookies->handle()
#37 /var/www/html/Thames/thamescc-backend/vendor/laravel/framework/src/Illuminate/Pipeline/Pipeline.php(127): Illuminate\\Pipeline\\Pipeline->Illuminate\\Pipeline\\{closure}()
#38 /var/www/html/Thames/thamescc-backend/vendor/laravel/framework/src/Illuminate/Routing/Router.php(807): Illuminate\\Pipeline\\Pipeline->then()
#39 /var/www/html/Thames/thamescc-backend/vendor/laravel/framework/src/Illuminate/Routing/Router.php(786): Illuminate\\Routing\\Router->runRouteWithinStack()
#40 /var/www/html/Thames/thamescc-backend/vendor/laravel/framework/src/Illuminate/Routing/Router.php(750): Illuminate\\Routing\\Router->runRoute()
#41 /var/www/html/Thames/thamescc-backend/vendor/laravel/framework/src/Illuminate/Routing/Router.php(739): Illuminate\\Routing\\Router->dispatchToRoute()
#42 /var/www/html/Thames/thamescc-backend/vendor/laravel/framework/src/Illuminate/Foundation/Http/Kernel.php(201): Illuminate\\Routing\\Router->dispatch()
#43 /var/www/html/Thames/thamescc-backend/vendor/laravel/framework/src/Illuminate/Pipeline/Pipeline.php(170): Illuminate\\Foundation\\Http\\Kernel->Illuminate\\Foundation\\Http\\{closure}()
#44 /var/www/html/Thames/thamescc-backend/vendor/barryvdh/laravel-debugbar/src/Middleware/InjectDebugbar.php(66): Illuminate\\Pipeline\\Pipeline->Illuminate\\Pipeline\\{closure}()
#45 /var/www/html/Thames/thamescc-backend/vendor/laravel/framework/src/Illuminate/Pipeline/Pipeline.php(209): Barryvdh\\Debugbar\\Middleware\\InjectDebugbar->handle()
#46 /var/www/html/Thames/thamescc-backend/packages/Webkul/Installer/src/Http/Middleware/CanInstall.php(30): Illuminate\\Pipeline\\Pipeline->Illuminate\\Pipeline\\{closure}()
#47 /var/www/html/Thames/thamescc-backend/vendor/laravel/framework/src/Illuminate/Pipeline/Pipeline.php(209): Webkul\\Installer\\Http\\Middleware\\CanInstall->handle()
#48 /var/www/html/Thames/thamescc-backend/packages/Webkul/Core/src/Http/Middleware/SecureHeaders.php(29): Illuminate\\Pipeline\\Pipeline->Illuminate\\Pipeline\\{closure}()
#49 /var/www/html/Thames/thamescc-backend/vendor/laravel/framework/src/Illuminate/Pipeline/Pipeline.php(209): Webkul\\Core\\Http\\Middleware\\SecureHeaders->handle()
#50 /var/www/html/Thames/thamescc-backend/vendor/laravel/framework/src/Illuminate/Foundation/Http/Middleware/TransformsRequest.php(21): Illuminate\\Pipeline\\Pipeline->Illuminate\\Pipeline\\{closure}()
#51 /var/www/html/Thames/thamescc-backend/vendor/laravel/framework/src/Illuminate/Foundation/Http/Middleware/TrimStrings.php(51): Illuminate\\Foundation\\Http\\Middleware\\TransformsRequest->handle()
#52 /var/www/html/Thames/thamescc-backend/vendor/laravel/framework/src/Illuminate/Pipeline/Pipeline.php(209): Illuminate\\Foundation\\Http\\Middleware\\TrimStrings->handle()
#53 /var/www/html/Thames/thamescc-backend/vendor/laravel/framework/src/Illuminate/Http/Middleware/ValidatePostSize.php(27): Illuminate\\Pipeline\\Pipeline->Illuminate\\Pipeline\\{closure}()
#54 /var/www/html/Thames/thamescc-backend/vendor/laravel/framework/src/Illuminate/Pipeline/Pipeline.php(209): Illuminate\\Http\\Middleware\\ValidatePostSize->handle()
#55 /var/www/html/Thames/thamescc-backend/vendor/laravel/framework/src/Illuminate/Http/Middleware/HandleCors.php(49): Illuminate\\Pipeline\\Pipeline->Illuminate\\Pipeline\\{closure}()
#56 /var/www/html/Thames/thamescc-backend/vendor/laravel/framework/src/Illuminate/Pipeline/Pipeline.php(209): Illuminate\\Http\\Middleware\\HandleCors->handle()
#57 /var/www/html/Thames/thamescc-backend/vendor/laravel/framework/src/Illuminate/Http/Middleware/TrustProxies.php(58): Illuminate\\Pipeline\\Pipeline->Illuminate\\Pipeline\\{closure}()
#58 /var/www/html/Thames/thamescc-backend/vendor/laravel/framework/src/Illuminate/Pipeline/Pipeline.php(209): Illuminate\\Http\\Middleware\\TrustProxies->handle()
#59 /var/www/html/Thames/thamescc-backend/vendor/laravel/framework/src/Illuminate/Foundation/Http/Middleware/InvokeDeferredCallbacks.php(22): Illuminate\\Pipeline\\Pipeline->Illuminate\\Pipeline\\{closure}()
#60 /var/www/html/Thames/thamescc-backend/vendor/laravel/framework/src/Illuminate/Pipeline/Pipeline.php(209): Illuminate\\Foundation\\Http\\Middleware\\InvokeDeferredCallbacks->handle()
#61 /var/www/html/Thames/thamescc-backend/vendor/laravel/framework/src/Illuminate/Pipeline/Pipeline.php(127): Illuminate\\Pipeline\\Pipeline->Illuminate\\Pipeline\\{closure}()
#62 /var/www/html/Thames/thamescc-backend/vendor/laravel/framework/src/Illuminate/Foundation/Http/Kernel.php(176): Illuminate\\Pipeline\\Pipeline->then()
#63 /var/www/html/Thames/thamescc-backend/vendor/laravel/framework/src/Illuminate/Foundation/Http/Kernel.php(145): Illuminate\\Foundation\\Http\\Kernel->sendRequestThroughRouter()
#64 /var/www/html/Thames/thamescc-backend/public/index.php(51): Illuminate\\Foundation\\Http\\Kernel->handle()
#65 /var/www/html/Thames/thamescc-backend/vendor/laravel/framework/src/Illuminate/Foundation/resources/server.php(23): require_once('...')
#66 {main}

[previous exception] [object] (Illuminate\\View\\ViewException(code: 0): Undefined constant \"active\" (View: /var/www/html/Thames/thamescc-backend/packages/Webkul/Shop/src/Resources/views/categories/filters.blade.php) at /var/www/html/Thames/thamescc-backend/storage/framework/views/15c954820bd258e6b8233373699db278.php:244)
[stacktrace]
#0 /var/www/html/Thames/thamescc-backend/vendor/laravel/framework/src/Illuminate/View/Engines/PhpEngine.php(60): Illuminate\\View\\Engines\\CompilerEngine->handleViewException()
#1 /var/www/html/Thames/thamescc-backend/vendor/laravel/framework/src/Illuminate/View/Engines/CompilerEngine.php(75): Illuminate\\View\\Engines\\PhpEngine->evaluatePath()
#2 /var/www/html/Thames/thamescc-backend/vendor/laravel/framework/src/Illuminate/View/View.php(209): Illuminate\\View\\Engines\\CompilerEngine->get()
#3 /var/www/html/Thames/thamescc-backend/vendor/laravel/framework/src/Illuminate/View/View.php(192): Illuminate\\View\\View->getContents()
#4 /var/www/html/Thames/thamescc-backend/vendor/laravel/framework/src/Illuminate/View/View.php(161): Illuminate\\View\\View->renderContents()
#5 /var/www/html/Thames/thamescc-backend/storage/framework/views/f574752019a3c3ad0214da4ba0256a0a.php(83): Illuminate\\View\\View->render()
#6 /var/www/html/Thames/thamescc-backend/vendor/laravel/framework/src/Illuminate/Filesystem/Filesystem.php(123): require('...')
#7 /var/www/html/Thames/thamescc-backend/vendor/laravel/framework/src/Illuminate/Filesystem/Filesystem.php(124): Illuminate\\Filesystem\\Filesystem::Illuminate\\Filesystem\\{closure}()
#8 /var/www/html/Thames/thamescc-backend/vendor/laravel/framework/src/Illuminate/View/Engines/PhpEngine.php(58): Illuminate\\Filesystem\\Filesystem->getRequire()
#9 /var/www/html/Thames/thamescc-backend/vendor/laravel/framework/src/Illuminate/View/Engines/CompilerEngine.php(75): Illuminate\\View\\Engines\\PhpEngine->evaluatePath()
#10 /var/www/html/Thames/thamescc-backend/vendor/laravel/framework/src/Illuminate/View/View.php(209): Illuminate\\View\\Engines\\CompilerEngine->get()
#11 /var/www/html/Thames/thamescc-backend/vendor/laravel/framework/src/Illuminate/View/View.php(192): Illuminate\\View\\View->getContents()
#12 /var/www/html/Thames/thamescc-backend/vendor/laravel/framework/src/Illuminate/View/View.php(161): Illuminate\\View\\View->renderContents()
#13 /var/www/html/Thames/thamescc-backend/vendor/laravel/framework/src/Illuminate/Http/Response.php(79): Illuminate\\View\\View->render()
#14 /var/www/html/Thames/thamescc-backend/vendor/laravel/framework/src/Illuminate/Http/Response.php(35): Illuminate\\Http\\Response->setContent()
#15 /var/www/html/Thames/thamescc-backend/vendor/laravel/framework/src/Illuminate/Routing/Router.php(920): Illuminate\\Http\\Response->__construct()
#16 /var/www/html/Thames/thamescc-backend/vendor/laravel/framework/src/Illuminate/Routing/Router.php(887): Illuminate\\Routing\\Router::toResponse()
#17 /var/www/html/Thames/thamescc-backend/vendor/laravel/framework/src/Illuminate/Routing/Router.php(807): Illuminate\\Routing\\Router->prepareResponse()
#18 /var/www/html/Thames/thamescc-backend/vendor/laravel/framework/src/Illuminate/Pipeline/Pipeline.php(170): Illuminate\\Routing\\Router->Illuminate\\Routing\\{closure}()
#19 /var/www/html/Thames/thamescc-backend/vendor/spatie/laravel-responsecache/src/Middlewares/CacheResponse.php(46): Illuminate\\Pipeline\\Pipeline->Illuminate\\Pipeline\\{closure}()
#20 /var/www/html/Thames/thamescc-backend/packages/Webkul/Shop/src/Http/Middleware/CacheResponse.php(36): Spatie\\ResponseCache\\Middlewares\\CacheResponse->handle()
#21 /var/www/html/Thames/thamescc-backend/vendor/laravel/framework/src/Illuminate/Pipeline/Pipeline.php(209): Webkul\\Shop\\Http\\Middleware\\CacheResponse->handle()
#22 /var/www/html/Thames/thamescc-backend/packages/Webkul/Core/src/Http/Middleware/PreventRequestsDuringMaintenance.php(119): Illuminate\\Pipeline\\Pipeline->Illuminate\\Pipeline\\{closure}()
#23 /var/www/html/Thames/thamescc-backend/vendor/laravel/framework/src/Illuminate/Pipeline/Pipeline.php(209): Webkul\\Core\\Http\\Middleware\\PreventRequestsDuringMaintenance->handle()
#24 /var/www/html/Thames/thamescc-backend/packages/Webkul/Shop/src/Http/Middleware/Currency.php(40): Illuminate\\Pipeline\\Pipeline->Illuminate\\Pipeline\\{closure}()
#25 /var/www/html/Thames/thamescc-backend/vendor/laravel/framework/src/Illuminate/Pipeline/Pipeline.php(209): Webkul\\Shop\\Http\\Middleware\\Currency->handle()
#26 /var/www/html/Thames/thamescc-backend/packages/Webkul/Shop/src/Http/Middleware/Locale.php(40): Illuminate\\Pipeline\\Pipeline->Illuminate\\Pipeline\\{closure}()
#27 /var/www/html/Thames/thamescc-backend/vendor/laravel/framework/src/Illuminate/Pipeline/Pipeline.php(209): Webkul\\Shop\\Http\\Middleware\\Locale->handle()
#28 /var/www/html/Thames/thamescc-backend/packages/Webkul/Shop/src/Http/Middleware/Theme.php(32): Illuminate\\Pipeline\\Pipeline->Illuminate\\Pipeline\\{closure}()
#29 /var/www/html/Thames/thamescc-backend/vendor/laravel/framework/src/Illuminate/Pipeline/Pipeline.php(209): Webkul\\Shop\\Http\\Middleware\\Theme->handle()
#30 /var/www/html/Thames/thamescc-backend/vendor/barryvdh/laravel-debugbar/src/Middleware/InjectDebugbar.php(66): Illuminate\\Pipeline\\Pipeline->Illuminate\\Pipeline\\{closure}()
#31 /var/www/html/Thames/thamescc-backend/vendor/laravel/framework/src/Illuminate/Pipeline/Pipeline.php(209): Barryvdh\\Debugbar\\Middleware\\InjectDebugbar->handle()
#32 /var/www/html/Thames/thamescc-backend/vendor/laravel/framework/src/Illuminate/Routing/Middleware/SubstituteBindings.php(51): Illuminate\\Pipeline\\Pipeline->Illuminate\\Pipeline\\{closure}()
#33 /var/www/html/Thames/thamescc-backend/vendor/laravel/framework/src/Illuminate/Pipeline/Pipeline.php(209): Illuminate\\Routing\\Middleware\\SubstituteBindings->handle()
#34 /var/www/html/Thames/thamescc-backend/vendor/laravel/framework/src/Illuminate/Foundation/Http/Middleware/VerifyCsrfToken.php(88): Illuminate\\Pipeline\\Pipeline->Illuminate\\Pipeline\\{closure}()
#35 /var/www/html/Thames/thamescc-backend/vendor/laravel/framework/src/Illuminate/Pipeline/Pipeline.php(209): Illuminate\\Foundation\\Http\\Middleware\\VerifyCsrfToken->handle()
#36 /var/www/html/Thames/thamescc-backend/vendor/laravel/framework/src/Illuminate/View/Middleware/ShareErrorsFromSession.php(49): Illuminate\\Pipeline\\Pipeline->Illuminate\\Pipeline\\{closure}()
#37 /var/www/html/Thames/thamescc-backend/vendor/laravel/framework/src/Illuminate/Pipeline/Pipeline.php(209): Illuminate\\View\\Middleware\\ShareErrorsFromSession->handle()
#38 /var/www/html/Thames/thamescc-backend/vendor/laravel/framework/src/Illuminate/Session/Middleware/StartSession.php(121): Illuminate\\Pipeline\\Pipeline->Illuminate\\Pipeline\\{closure}()
#39 /var/www/html/Thames/thamescc-backend/vendor/laravel/framework/src/Illuminate/Session/Middleware/StartSession.php(64): Illuminate\\Session\\Middleware\\StartSession->handleStatefulRequest()
#40 /var/www/html/Thames/thamescc-backend/vendor/laravel/framework/src/Illuminate/Pipeline/Pipeline.php(209): Illuminate\\Session\\Middleware\\StartSession->handle()
#41 /var/www/html/Thames/thamescc-backend/vendor/laravel/framework/src/Illuminate/Cookie/Middleware/AddQueuedCookiesToResponse.php(37): Illuminate\\Pipeline\\Pipeline->Illuminate\\Pipeline\\{closure}()
#42 /var/www/html/Thames/thamescc-backend/vendor/laravel/framework/src/Illuminate/Pipeline/Pipeline.php(209): Illuminate\\Cookie\\Middleware\\AddQueuedCookiesToResponse->handle()
#43 /var/www/html/Thames/thamescc-backend/vendor/laravel/framework/src/Illuminate/Cookie/Middleware/EncryptCookies.php(75): Illuminate\\Pipeline\\Pipeline->Illuminate\\Pipeline\\{closure}()
#44 /var/www/html/Thames/thamescc-backend/vendor/laravel/framework/src/Illuminate/Pipeline/Pipeline.php(209): Illuminate\\Cookie\\Middleware\\EncryptCookies->handle()
#45 /var/www/html/Thames/thamescc-backend/vendor/laravel/framework/src/Illuminate/Pipeline/Pipeline.php(127): Illuminate\\Pipeline\\Pipeline->Illuminate\\Pipeline\\{closure}()
#46 /var/www/html/Thames/thamescc-backend/vendor/laravel/framework/src/Illuminate/Routing/Router.php(807): Illuminate\\Pipeline\\Pipeline->then()
#47 /var/www/html/Thames/thamescc-backend/vendor/laravel/framework/src/Illuminate/Routing/Router.php(786): Illuminate\\Routing\\Router->runRouteWithinStack()
#48 /var/www/html/Thames/thamescc-backend/vendor/laravel/framework/src/Illuminate/Routing/Router.php(750): Illuminate\\Routing\\Router->runRoute()
#49 /var/www/html/Thames/thamescc-backend/vendor/laravel/framework/src/Illuminate/Routing/Router.php(739): Illuminate\\Routing\\Router->dispatchToRoute()
#50 /var/www/html/Thames/thamescc-backend/vendor/laravel/framework/src/Illuminate/Foundation/Http/Kernel.php(201): Illuminate\\Routing\\Router->dispatch()
#51 /var/www/html/Thames/thamescc-backend/vendor/laravel/framework/src/Illuminate/Pipeline/Pipeline.php(170): Illuminate\\Foundation\\Http\\Kernel->Illuminate\\Foundation\\Http\\{closure}()
#52 /var/www/html/Thames/thamescc-backend/vendor/barryvdh/laravel-debugbar/src/Middleware/InjectDebugbar.php(66): Illuminate\\Pipeline\\Pipeline->Illuminate\\Pipeline\\{closure}()
#53 /var/www/html/Thames/thamescc-backend/vendor/laravel/framework/src/Illuminate/Pipeline/Pipeline.php(209): Barryvdh\\Debugbar\\Middleware\\InjectDebugbar->handle()
#54 /var/www/html/Thames/thamescc-backend/packages/Webkul/Installer/src/Http/Middleware/CanInstall.php(30): Illuminate\\Pipeline\\Pipeline->Illuminate\\Pipeline\\{closure}()
#55 /var/www/html/Thames/thamescc-backend/vendor/laravel/framework/src/Illuminate/Pipeline/Pipeline.php(209): Webkul\\Installer\\Http\\Middleware\\CanInstall->handle()
#56 /var/www/html/Thames/thamescc-backend/packages/Webkul/Core/src/Http/Middleware/SecureHeaders.php(29): Illuminate\\Pipeline\\Pipeline->Illuminate\\Pipeline\\{closure}()
#57 /var/www/html/Thames/thamescc-backend/vendor/laravel/framework/src/Illuminate/Pipeline/Pipeline.php(209): Webkul\\Core\\Http\\Middleware\\SecureHeaders->handle()
#58 /var/www/html/Thames/thamescc-backend/vendor/laravel/framework/src/Illuminate/Foundation/Http/Middleware/TransformsRequest.php(21): Illuminate\\Pipeline\\Pipeline->Illuminate\\Pipeline\\{closure}()
#59 /var/www/html/Thames/thamescc-backend/vendor/laravel/framework/src/Illuminate/Foundation/Http/Middleware/TrimStrings.php(51): Illuminate\\Foundation\\Http\\Middleware\\TransformsRequest->handle()
#60 /var/www/html/Thames/thamescc-backend/vendor/laravel/framework/src/Illuminate/Pipeline/Pipeline.php(209): Illuminate\\Foundation\\Http\\Middleware\\TrimStrings->handle()
#61 /var/www/html/Thames/thamescc-backend/vendor/laravel/framework/src/Illuminate/Http/Middleware/ValidatePostSize.php(27): Illuminate\\Pipeline\\Pipeline->Illuminate\\Pipeline\\{closure}()
#62 /var/www/html/Thames/thamescc-backend/vendor/laravel/framework/src/Illuminate/Pipeline/Pipeline.php(209): Illuminate\\Http\\Middleware\\ValidatePostSize->handle()
#63 /var/www/html/Thames/thamescc-backend/vendor/laravel/framework/src/Illuminate/Http/Middleware/HandleCors.php(49): Illuminate\\Pipeline\\Pipeline->Illuminate\\Pipeline\\{closure}()
#64 /var/www/html/Thames/thamescc-backend/vendor/laravel/framework/src/Illuminate/Pipeline/Pipeline.php(209): Illuminate\\Http\\Middleware\\HandleCors->handle()
#65 /var/www/html/Thames/thamescc-backend/vendor/laravel/framework/src/Illuminate/Http/Middleware/TrustProxies.php(58): Illuminate\\Pipeline\\Pipeline->Illuminate\\Pipeline\\{closure}()
#66 /var/www/html/Thames/thamescc-backend/vendor/laravel/framework/src/Illuminate/Pipeline/Pipeline.php(209): Illuminate\\Http\\Middleware\\TrustProxies->handle()
#67 /var/www/html/Thames/thamescc-backend/vendor/laravel/framework/src/Illuminate/Foundation/Http/Middleware/InvokeDeferredCallbacks.php(22): Illuminate\\Pipeline\\Pipeline->Illuminate\\Pipeline\\{closure}()
#68 /var/www/html/Thames/thamescc-backend/vendor/laravel/framework/src/Illuminate/Pipeline/Pipeline.php(209): Illuminate\\Foundation\\Http\\Middleware\\InvokeDeferredCallbacks->handle()
#69 /var/www/html/Thames/thamescc-backend/vendor/laravel/framework/src/Illuminate/Pipeline/Pipeline.php(127): Illuminate\\Pipeline\\Pipeline->Illuminate\\Pipeline\\{closure}()
#70 /var/www/html/Thames/thamescc-backend/vendor/laravel/framework/src/Illuminate/Foundation/Http/Kernel.php(176): Illuminate\\Pipeline\\Pipeline->then()
#71 /var/www/html/Thames/thamescc-backend/vendor/laravel/framework/src/Illuminate/Foundation/Http/Kernel.php(145): Illuminate\\Foundation\\Http\\Kernel->sendRequestThroughRouter()
#72 /var/www/html/Thames/thamescc-backend/public/index.php(51): Illuminate\\Foundation\\Http\\Kernel->handle()
#73 /var/www/html/Thames/thamescc-backend/vendor/laravel/framework/src/Illuminate/Foundation/resources/server.php(23): require_once('...')
#74 {main}

[previous exception] [object] (Error(code: 0): Undefined constant \"active\" at /var/www/html/Thames/thamescc-backend/storage/framework/views/15c954820bd258e6b8233373699db278.php:244)
[stacktrace]
#0 /var/www/html/Thames/thamescc-backend/vendor/laravel/framework/src/Illuminate/Filesystem/Filesystem.php(123): require()
#1 /var/www/html/Thames/thamescc-backend/vendor/laravel/framework/src/Illuminate/Filesystem/Filesystem.php(124): Illuminate\\Filesystem\\Filesystem::Illuminate\\Filesystem\\{closure}()
#2 /var/www/html/Thames/thamescc-backend/vendor/laravel/framework/src/Illuminate/View/Engines/PhpEngine.php(58): Illuminate\\Filesystem\\Filesystem->getRequire()
#3 /var/www/html/Thames/thamescc-backend/vendor/laravel/framework/src/Illuminate/View/Engines/CompilerEngine.php(75): Illuminate\\View\\Engines\\PhpEngine->evaluatePath()
#4 /var/www/html/Thames/thamescc-backend/vendor/laravel/framework/src/Illuminate/View/View.php(209): Illuminate\\View\\Engines\\CompilerEngine->get()
#5 /var/www/html/Thames/thamescc-backend/vendor/laravel/framework/src/Illuminate/View/View.php(192): Illuminate\\View\\View->getContents()
#6 /var/www/html/Thames/thamescc-backend/vendor/laravel/framework/src/Illuminate/View/View.php(161): Illuminate\\View\\View->renderContents()
#7 /var/www/html/Thames/thamescc-backend/storage/framework/views/f574752019a3c3ad0214da4ba0256a0a.php(83): Illuminate\\View\\View->render()
#8 /var/www/html/Thames/thamescc-backend/vendor/laravel/framework/src/Illuminate/Filesystem/Filesystem.php(123): require('...')
#9 /var/www/html/Thames/thamescc-backend/vendor/laravel/framework/src/Illuminate/Filesystem/Filesystem.php(124): Illuminate\\Filesystem\\Filesystem::Illuminate\\Filesystem\\{closure}()
#10 /var/www/html/Thames/thamescc-backend/vendor/laravel/framework/src/Illuminate/View/Engines/PhpEngine.php(58): Illuminate\\Filesystem\\Filesystem->getRequire()
#11 /var/www/html/Thames/thamescc-backend/vendor/laravel/framework/src/Illuminate/View/Engines/CompilerEngine.php(75): Illuminate\\View\\Engines\\PhpEngine->evaluatePath()
#12 /var/www/html/Thames/thamescc-backend/vendor/laravel/framework/src/Illuminate/View/View.php(209): Illuminate\\View\\Engines\\CompilerEngine->get()
#13 /var/www/html/Thames/thamescc-backend/vendor/laravel/framework/src/Illuminate/View/View.php(192): Illuminate\\View\\View->getContents()
#14 /var/www/html/Thames/thamescc-backend/vendor/laravel/framework/src/Illuminate/View/View.php(161): Illuminate\\View\\View->renderContents()
#15 /var/www/html/Thames/thamescc-backend/vendor/laravel/framework/src/Illuminate/Http/Response.php(79): Illuminate\\View\\View->render()
#16 /var/www/html/Thames/thamescc-backend/vendor/laravel/framework/src/Illuminate/Http/Response.php(35): Illuminate\\Http\\Response->setContent()
#17 /var/www/html/Thames/thamescc-backend/vendor/laravel/framework/src/Illuminate/Routing/Router.php(920): Illuminate\\Http\\Response->__construct()
#18 /var/www/html/Thames/thamescc-backend/vendor/laravel/framework/src/Illuminate/Routing/Router.php(887): Illuminate\\Routing\\Router::toResponse()
#19 /var/www/html/Thames/thamescc-backend/vendor/laravel/framework/src/Illuminate/Routing/Router.php(807): Illuminate\\Routing\\Router->prepareResponse()
#20 /var/www/html/Thames/thamescc-backend/vendor/laravel/framework/src/Illuminate/Pipeline/Pipeline.php(170): Illuminate\\Routing\\Router->Illuminate\\Routing\\{closure}()
#21 /var/www/html/Thames/thamescc-backend/vendor/spatie/laravel-responsecache/src/Middlewares/CacheResponse.php(46): Illuminate\\Pipeline\\Pipeline->Illuminate\\Pipeline\\{closure}()
#22 /var/www/html/Thames/thamescc-backend/packages/Webkul/Shop/src/Http/Middleware/CacheResponse.php(36): Spatie\\ResponseCache\\Middlewares\\CacheResponse->handle()
#23 /var/www/html/Thames/thamescc-backend/vendor/laravel/framework/src/Illuminate/Pipeline/Pipeline.php(209): Webkul\\Shop\\Http\\Middleware\\CacheResponse->handle()
#24 /var/www/html/Thames/thamescc-backend/packages/Webkul/Core/src/Http/Middleware/PreventRequestsDuringMaintenance.php(119): Illuminate\\Pipeline\\Pipeline->Illuminate\\Pipeline\\{closure}()
#25 /var/www/html/Thames/thamescc-backend/vendor/laravel/framework/src/Illuminate/Pipeline/Pipeline.php(209): Webkul\\Core\\Http\\Middleware\\PreventRequestsDuringMaintenance->handle()
#26 /var/www/html/Thames/thamescc-backend/packages/Webkul/Shop/src/Http/Middleware/Currency.php(40): Illuminate\\Pipeline\\Pipeline->Illuminate\\Pipeline\\{closure}()
#27 /var/www/html/Thames/thamescc-backend/vendor/laravel/framework/src/Illuminate/Pipeline/Pipeline.php(209): Webkul\\Shop\\Http\\Middleware\\Currency->handle()
#28 /var/www/html/Thames/thamescc-backend/packages/Webkul/Shop/src/Http/Middleware/Locale.php(40): Illuminate\\Pipeline\\Pipeline->Illuminate\\Pipeline\\{closure}()
#29 /var/www/html/Thames/thamescc-backend/vendor/laravel/framework/src/Illuminate/Pipeline/Pipeline.php(209): Webkul\\Shop\\Http\\Middleware\\Locale->handle()
#30 /var/www/html/Thames/thamescc-backend/packages/Webkul/Shop/src/Http/Middleware/Theme.php(32): Illuminate\\Pipeline\\Pipeline->Illuminate\\Pipeline\\{closure}()
#31 /var/www/html/Thames/thamescc-backend/vendor/laravel/framework/src/Illuminate/Pipeline/Pipeline.php(209): Webkul\\Shop\\Http\\Middleware\\Theme->handle()
#32 /var/www/html/Thames/thamescc-backend/vendor/barryvdh/laravel-debugbar/src/Middleware/InjectDebugbar.php(66): Illuminate\\Pipeline\\Pipeline->Illuminate\\Pipeline\\{closure}()
#33 /var/www/html/Thames/thamescc-backend/vendor/laravel/framework/src/Illuminate/Pipeline/Pipeline.php(209): Barryvdh\\Debugbar\\Middleware\\InjectDebugbar->handle()
#34 /var/www/html/Thames/thamescc-backend/vendor/laravel/framework/src/Illuminate/Routing/Middleware/SubstituteBindings.php(51): Illuminate\\Pipeline\\Pipeline->Illuminate\\Pipeline\\{closure}()
#35 /var/www/html/Thames/thamescc-backend/vendor/laravel/framework/src/Illuminate/Pipeline/Pipeline.php(209): Illuminate\\Routing\\Middleware\\SubstituteBindings->handle()
#36 /var/www/html/Thames/thamescc-backend/vendor/laravel/framework/src/Illuminate/Foundation/Http/Middleware/VerifyCsrfToken.php(88): Illuminate\\Pipeline\\Pipeline->Illuminate\\Pipeline\\{closure}()
#37 /var/www/html/Thames/thamescc-backend/vendor/laravel/framework/src/Illuminate/Pipeline/Pipeline.php(209): Illuminate\\Foundation\\Http\\Middleware\\VerifyCsrfToken->handle()
#38 /var/www/html/Thames/thamescc-backend/vendor/laravel/framework/src/Illuminate/View/Middleware/ShareErrorsFromSession.php(49): Illuminate\\Pipeline\\Pipeline->Illuminate\\Pipeline\\{closure}()
#39 /var/www/html/Thames/thamescc-backend/vendor/laravel/framework/src/Illuminate/Pipeline/Pipeline.php(209): Illuminate\\View\\Middleware\\ShareErrorsFromSession->handle()
#40 /var/www/html/Thames/thamescc-backend/vendor/laravel/framework/src/Illuminate/Session/Middleware/StartSession.php(121): Illuminate\\Pipeline\\Pipeline->Illuminate\\Pipeline\\{closure}()
#41 /var/www/html/Thames/thamescc-backend/vendor/laravel/framework/src/Illuminate/Session/Middleware/StartSession.php(64): Illuminate\\Session\\Middleware\\StartSession->handleStatefulRequest()
#42 /var/www/html/Thames/thamescc-backend/vendor/laravel/framework/src/Illuminate/Pipeline/Pipeline.php(209): Illuminate\\Session\\Middleware\\StartSession->handle()
#43 /var/www/html/Thames/thamescc-backend/vendor/laravel/framework/src/Illuminate/Cookie/Middleware/AddQueuedCookiesToResponse.php(37): Illuminate\\Pipeline\\Pipeline->Illuminate\\Pipeline\\{closure}()
#44 /var/www/html/Thames/thamescc-backend/vendor/laravel/framework/src/Illuminate/Pipeline/Pipeline.php(209): Illuminate\\Cookie\\Middleware\\AddQueuedCookiesToResponse->handle()
#45 /var/www/html/Thames/thamescc-backend/vendor/laravel/framework/src/Illuminate/Cookie/Middleware/EncryptCookies.php(75): Illuminate\\Pipeline\\Pipeline->Illuminate\\Pipeline\\{closure}()
#46 /var/www/html/Thames/thamescc-backend/vendor/laravel/framework/src/Illuminate/Pipeline/Pipeline.php(209): Illuminate\\Cookie\\Middleware\\EncryptCookies->handle()
#47 /var/www/html/Thames/thamescc-backend/vendor/laravel/framework/src/Illuminate/Pipeline/Pipeline.php(127): Illuminate\\Pipeline\\Pipeline->Illuminate\\Pipeline\\{closure}()
#48 /var/www/html/Thames/thamescc-backend/vendor/laravel/framework/src/Illuminate/Routing/Router.php(807): Illuminate\\Pipeline\\Pipeline->then()
#49 /var/www/html/Thames/thamescc-backend/vendor/laravel/framework/src/Illuminate/Routing/Router.php(786): Illuminate\\Routing\\Router->runRouteWithinStack()
#50 /var/www/html/Thames/thamescc-backend/vendor/laravel/framework/src/Illuminate/Routing/Router.php(750): Illuminate\\Routing\\Router->runRoute()
#51 /var/www/html/Thames/thamescc-backend/vendor/laravel/framework/src/Illuminate/Routing/Router.php(739): Illuminate\\Routing\\Router->dispatchToRoute()
#52 /var/www/html/Thames/thamescc-backend/vendor/laravel/framework/src/Illuminate/Foundation/Http/Kernel.php(201): Illuminate\\Routing\\Router->dispatch()
#53 /var/www/html/Thames/thamescc-backend/vendor/laravel/framework/src/Illuminate/Pipeline/Pipeline.php(170): Illuminate\\Foundation\\Http\\Kernel->Illuminate\\Foundation\\Http\\{closure}()
#54 /var/www/html/Thames/thamescc-backend/vendor/barryvdh/laravel-debugbar/src/Middleware/InjectDebugbar.php(66): Illuminate\\Pipeline\\Pipeline->Illuminate\\Pipeline\\{closure}()
#55 /var/www/html/Thames/thamescc-backend/vendor/laravel/framework/src/Illuminate/Pipeline/Pipeline.php(209): Barryvdh\\Debugbar\\Middleware\\InjectDebugbar->handle()
#56 /var/www/html/Thames/thamescc-backend/packages/Webkul/Installer/src/Http/Middleware/CanInstall.php(30): Illuminate\\Pipeline\\Pipeline->Illuminate\\Pipeline\\{closure}()
#57 /var/www/html/Thames/thamescc-backend/vendor/laravel/framework/src/Illuminate/Pipeline/Pipeline.php(209): Webkul\\Installer\\Http\\Middleware\\CanInstall->handle()
#58 /var/www/html/Thames/thamescc-backend/packages/Webkul/Core/src/Http/Middleware/SecureHeaders.php(29): Illuminate\\Pipeline\\Pipeline->Illuminate\\Pipeline\\{closure}()
#59 /var/www/html/Thames/thamescc-backend/vendor/laravel/framework/src/Illuminate/Pipeline/Pipeline.php(209): Webkul\\Core\\Http\\Middleware\\SecureHeaders->handle()
#60 /var/www/html/Thames/thamescc-backend/vendor/laravel/framework/src/Illuminate/Foundation/Http/Middleware/TransformsRequest.php(21): Illuminate\\Pipeline\\Pipeline->Illuminate\\Pipeline\\{closure}()
#61 /var/www/html/Thames/thamescc-backend/vendor/laravel/framework/src/Illuminate/Foundation/Http/Middleware/TrimStrings.php(51): Illuminate\\Foundation\\Http\\Middleware\\TransformsRequest->handle()
#62 /var/www/html/Thames/thamescc-backend/vendor/laravel/framework/src/Illuminate/Pipeline/Pipeline.php(209): Illuminate\\Foundation\\Http\\Middleware\\TrimStrings->handle()
#63 /var/www/html/Thames/thamescc-backend/vendor/laravel/framework/src/Illuminate/Http/Middleware/ValidatePostSize.php(27): Illuminate\\Pipeline\\Pipeline->Illuminate\\Pipeline\\{closure}()
#64 /var/www/html/Thames/thamescc-backend/vendor/laravel/framework/src/Illuminate/Pipeline/Pipeline.php(209): Illuminate\\Http\\Middleware\\ValidatePostSize->handle()
#65 /var/www/html/Thames/thamescc-backend/vendor/laravel/framework/src/Illuminate/Http/Middleware/HandleCors.php(49): Illuminate\\Pipeline\\Pipeline->Illuminate\\Pipeline\\{closure}()
#66 /var/www/html/Thames/thamescc-backend/vendor/laravel/framework/src/Illuminate/Pipeline/Pipeline.php(209): Illuminate\\Http\\Middleware\\HandleCors->handle()
#67 /var/www/html/Thames/thamescc-backend/vendor/laravel/framework/src/Illuminate/Http/Middleware/TrustProxies.php(58): Illuminate\\Pipeline\\Pipeline->Illuminate\\Pipeline\\{closure}()
#68 /var/www/html/Thames/thamescc-backend/vendor/laravel/framework/src/Illuminate/Pipeline/Pipeline.php(209): Illuminate\\Http\\Middleware\\TrustProxies->handle()
#69 /var/www/html/Thames/thamescc-backend/vendor/laravel/framework/src/Illuminate/Foundation/Http/Middleware/InvokeDeferredCallbacks.php(22): Illuminate\\Pipeline\\Pipeline->Illuminate\\Pipeline\\{closure}()
#70 /var/www/html/Thames/thamescc-backend/vendor/laravel/framework/src/Illuminate/Pipeline/Pipeline.php(209): Illuminate\\Foundation\\Http\\Middleware\\InvokeDeferredCallbacks->handle()
#71 /var/www/html/Thames/thamescc-backend/vendor/laravel/framework/src/Illuminate/Pipeline/Pipeline.php(127): Illuminate\\Pipeline\\Pipeline->Illuminate\\Pipeline\\{closure}()
#72 /var/www/html/Thames/thamescc-backend/vendor/laravel/framework/src/Illuminate/Foundation/Http/Kernel.php(176): Illuminate\\Pipeline\\Pipeline->then()
#73 /var/www/html/Thames/thamescc-backend/vendor/laravel/framework/src/Illuminate/Foundation/Http/Kernel.php(145): Illuminate\\Foundation\\Http\\Kernel->sendRequestThroughRouter()
#74 /var/www/html/Thames/thamescc-backend/public/index.php(51): Illuminate\\Foundation\\Http\\Kernel->handle()
#75 /var/www/html/Thames/thamescc-backend/vendor/laravel/framework/src/Illuminate/Foundation/resources/server.php(23): require_once('...')
#76 {main}
"} 
[2025-06-27 10:11:06] local.ERROR: File does not exist at path /var/www/html/Thames/thamescc-backend/storage/debugbar/01JY6KXS5FDS02HC2R3D9H5DSH.json. {"exception":"[object] (Illuminate\\Contracts\\Filesystem\\FileNotFoundException(code: 0): File does not exist at path /var/www/html/Thames/thamescc-backend/storage/debugbar/01JY6KXS5FDS02HC2R3D9H5DSH.json. at /var/www/html/Thames/thamescc-backend/vendor/laravel/framework/src/Illuminate/Filesystem/Filesystem.php:58)
[stacktrace]
#0 /var/www/html/Thames/thamescc-backend/vendor/barryvdh/laravel-debugbar/src/Storage/FilesystemStorage.php(84): Illuminate\\Filesystem\\Filesystem->get()
#1 /var/www/html/Thames/thamescc-backend/vendor/php-debugbar/php-debugbar/src/DebugBar/OpenHandler.php(106): Barryvdh\\Debugbar\\Storage\\FilesystemStorage->get()
#2 [internal function]: DebugBar\\OpenHandler->get()
#3 /var/www/html/Thames/thamescc-backend/vendor/php-debugbar/php-debugbar/src/DebugBar/OpenHandler.php(61): call_user_func()
#4 /var/www/html/Thames/thamescc-backend/vendor/barryvdh/laravel-debugbar/src/Controllers/OpenHandlerController.php(47): DebugBar\\OpenHandler->handle()
#5 /var/www/html/Thames/thamescc-backend/vendor/laravel/framework/src/Illuminate/Routing/Controller.php(54): Barryvdh\\Debugbar\\Controllers\\OpenHandlerController->handle()
#6 /var/www/html/Thames/thamescc-backend/vendor/laravel/framework/src/Illuminate/Routing/ControllerDispatcher.php(44): Illuminate\\Routing\\Controller->callAction()
#7 /var/www/html/Thames/thamescc-backend/vendor/laravel/framework/src/Illuminate/Routing/Route.php(266): Illuminate\\Routing\\ControllerDispatcher->dispatch()
#8 /var/www/html/Thames/thamescc-backend/vendor/laravel/framework/src/Illuminate/Routing/Route.php(212): Illuminate\\Routing\\Route->runController()
#9 /var/www/html/Thames/thamescc-backend/vendor/laravel/framework/src/Illuminate/Routing/Router.php(808): Illuminate\\Routing\\Route->run()
#10 /var/www/html/Thames/thamescc-backend/vendor/laravel/framework/src/Illuminate/Pipeline/Pipeline.php(170): Illuminate\\Routing\\Router->Illuminate\\Routing\\{closure}()
#11 /var/www/html/Thames/thamescc-backend/vendor/barryvdh/laravel-debugbar/src/Controllers/BaseController.php(29): Illuminate\\Pipeline\\Pipeline->Illuminate\\Pipeline\\{closure}()
#12 /var/www/html/Thames/thamescc-backend/vendor/laravel/framework/src/Illuminate/Pipeline/Pipeline.php(191): Barryvdh\\Debugbar\\Controllers\\BaseController->Barryvdh\\Debugbar\\Controllers\\{closure}()
#13 /var/www/html/Thames/thamescc-backend/vendor/barryvdh/laravel-debugbar/src/Middleware/DebugbarEnabled.php(41): Illuminate\\Pipeline\\Pipeline->Illuminate\\Pipeline\\{closure}()
#14 /var/www/html/Thames/thamescc-backend/vendor/laravel/framework/src/Illuminate/Pipeline/Pipeline.php(209): Barryvdh\\Debugbar\\Middleware\\DebugbarEnabled->handle()
#15 /var/www/html/Thames/thamescc-backend/vendor/laravel/framework/src/Illuminate/Pipeline/Pipeline.php(127): Illuminate\\Pipeline\\Pipeline->Illuminate\\Pipeline\\{closure}()
#16 /var/www/html/Thames/thamescc-backend/vendor/laravel/framework/src/Illuminate/Routing/Router.php(807): Illuminate\\Pipeline\\Pipeline->then()
#17 /var/www/html/Thames/thamescc-backend/vendor/laravel/framework/src/Illuminate/Routing/Router.php(786): Illuminate\\Routing\\Router->runRouteWithinStack()
#18 /var/www/html/Thames/thamescc-backend/vendor/laravel/framework/src/Illuminate/Routing/Router.php(750): Illuminate\\Routing\\Router->runRoute()
#19 /var/www/html/Thames/thamescc-backend/vendor/laravel/framework/src/Illuminate/Routing/Router.php(739): Illuminate\\Routing\\Router->dispatchToRoute()
#20 /var/www/html/Thames/thamescc-backend/vendor/laravel/framework/src/Illuminate/Foundation/Http/Kernel.php(201): Illuminate\\Routing\\Router->dispatch()
#21 /var/www/html/Thames/thamescc-backend/vendor/laravel/framework/src/Illuminate/Pipeline/Pipeline.php(170): Illuminate\\Foundation\\Http\\Kernel->Illuminate\\Foundation\\Http\\{closure}()
#22 /var/www/html/Thames/thamescc-backend/vendor/barryvdh/laravel-debugbar/src/Middleware/InjectDebugbar.php(66): Illuminate\\Pipeline\\Pipeline->Illuminate\\Pipeline\\{closure}()
#23 /var/www/html/Thames/thamescc-backend/vendor/laravel/framework/src/Illuminate/Pipeline/Pipeline.php(209): Barryvdh\\Debugbar\\Middleware\\InjectDebugbar->handle()
#24 /var/www/html/Thames/thamescc-backend/packages/Webkul/Installer/src/Http/Middleware/CanInstall.php(30): Illuminate\\Pipeline\\Pipeline->Illuminate\\Pipeline\\{closure}()
#25 /var/www/html/Thames/thamescc-backend/vendor/laravel/framework/src/Illuminate/Pipeline/Pipeline.php(209): Webkul\\Installer\\Http\\Middleware\\CanInstall->handle()
#26 /var/www/html/Thames/thamescc-backend/packages/Webkul/Core/src/Http/Middleware/SecureHeaders.php(29): Illuminate\\Pipeline\\Pipeline->Illuminate\\Pipeline\\{closure}()
#27 /var/www/html/Thames/thamescc-backend/vendor/laravel/framework/src/Illuminate/Pipeline/Pipeline.php(209): Webkul\\Core\\Http\\Middleware\\SecureHeaders->handle()
#28 /var/www/html/Thames/thamescc-backend/vendor/laravel/framework/src/Illuminate/Foundation/Http/Middleware/TransformsRequest.php(21): Illuminate\\Pipeline\\Pipeline->Illuminate\\Pipeline\\{closure}()
#29 /var/www/html/Thames/thamescc-backend/vendor/laravel/framework/src/Illuminate/Foundation/Http/Middleware/TrimStrings.php(51): Illuminate\\Foundation\\Http\\Middleware\\TransformsRequest->handle()
#30 /var/www/html/Thames/thamescc-backend/vendor/laravel/framework/src/Illuminate/Pipeline/Pipeline.php(209): Illuminate\\Foundation\\Http\\Middleware\\TrimStrings->handle()
#31 /var/www/html/Thames/thamescc-backend/vendor/laravel/framework/src/Illuminate/Http/Middleware/ValidatePostSize.php(27): Illuminate\\Pipeline\\Pipeline->Illuminate\\Pipeline\\{closure}()
#32 /var/www/html/Thames/thamescc-backend/vendor/laravel/framework/src/Illuminate/Pipeline/Pipeline.php(209): Illuminate\\Http\\Middleware\\ValidatePostSize->handle()
#33 /var/www/html/Thames/thamescc-backend/vendor/laravel/framework/src/Illuminate/Http/Middleware/HandleCors.php(49): Illuminate\\Pipeline\\Pipeline->Illuminate\\Pipeline\\{closure}()
#34 /var/www/html/Thames/thamescc-backend/vendor/laravel/framework/src/Illuminate/Pipeline/Pipeline.php(209): Illuminate\\Http\\Middleware\\HandleCors->handle()
#35 /var/www/html/Thames/thamescc-backend/vendor/laravel/framework/src/Illuminate/Http/Middleware/TrustProxies.php(58): Illuminate\\Pipeline\\Pipeline->Illuminate\\Pipeline\\{closure}()
#36 /var/www/html/Thames/thamescc-backend/vendor/laravel/framework/src/Illuminate/Pipeline/Pipeline.php(209): Illuminate\\Http\\Middleware\\TrustProxies->handle()
#37 /var/www/html/Thames/thamescc-backend/vendor/laravel/framework/src/Illuminate/Foundation/Http/Middleware/InvokeDeferredCallbacks.php(22): Illuminate\\Pipeline\\Pipeline->Illuminate\\Pipeline\\{closure}()
#38 /var/www/html/Thames/thamescc-backend/vendor/laravel/framework/src/Illuminate/Pipeline/Pipeline.php(209): Illuminate\\Foundation\\Http\\Middleware\\InvokeDeferredCallbacks->handle()
#39 /var/www/html/Thames/thamescc-backend/vendor/laravel/framework/src/Illuminate/Pipeline/Pipeline.php(127): Illuminate\\Pipeline\\Pipeline->Illuminate\\Pipeline\\{closure}()
#40 /var/www/html/Thames/thamescc-backend/vendor/laravel/framework/src/Illuminate/Foundation/Http/Kernel.php(176): Illuminate\\Pipeline\\Pipeline->then()
#41 /var/www/html/Thames/thamescc-backend/vendor/laravel/framework/src/Illuminate/Foundation/Http/Kernel.php(145): Illuminate\\Foundation\\Http\\Kernel->sendRequestThroughRouter()
#42 /var/www/html/Thames/thamescc-backend/public/index.php(51): Illuminate\\Foundation\\Http\\Kernel->handle()
#43 /var/www/html/Thames/thamescc-backend/vendor/laravel/framework/src/Illuminate/Foundation/resources/server.php(23): require_once('...')
#44 {main}
"} 
[2025-06-27 10:11:06] local.ERROR: File does not exist at path /var/www/html/Thames/thamescc-backend/storage/debugbar/01JY6KXS71HR7HPBDAG2NEG9K9.json. {"exception":"[object] (Illuminate\\Contracts\\Filesystem\\FileNotFoundException(code: 0): File does not exist at path /var/www/html/Thames/thamescc-backend/storage/debugbar/01JY6KXS71HR7HPBDAG2NEG9K9.json. at /var/www/html/Thames/thamescc-backend/vendor/laravel/framework/src/Illuminate/Filesystem/Filesystem.php:58)
[stacktrace]
#0 /var/www/html/Thames/thamescc-backend/vendor/barryvdh/laravel-debugbar/src/Storage/FilesystemStorage.php(84): Illuminate\\Filesystem\\Filesystem->get()
#1 /var/www/html/Thames/thamescc-backend/vendor/php-debugbar/php-debugbar/src/DebugBar/OpenHandler.php(106): Barryvdh\\Debugbar\\Storage\\FilesystemStorage->get()
#2 [internal function]: DebugBar\\OpenHandler->get()
#3 /var/www/html/Thames/thamescc-backend/vendor/php-debugbar/php-debugbar/src/DebugBar/OpenHandler.php(61): call_user_func()
#4 /var/www/html/Thames/thamescc-backend/vendor/barryvdh/laravel-debugbar/src/Controllers/OpenHandlerController.php(47): DebugBar\\OpenHandler->handle()
#5 /var/www/html/Thames/thamescc-backend/vendor/laravel/framework/src/Illuminate/Routing/Controller.php(54): Barryvdh\\Debugbar\\Controllers\\OpenHandlerController->handle()
#6 /var/www/html/Thames/thamescc-backend/vendor/laravel/framework/src/Illuminate/Routing/ControllerDispatcher.php(44): Illuminate\\Routing\\Controller->callAction()
#7 /var/www/html/Thames/thamescc-backend/vendor/laravel/framework/src/Illuminate/Routing/Route.php(266): Illuminate\\Routing\\ControllerDispatcher->dispatch()
#8 /var/www/html/Thames/thamescc-backend/vendor/laravel/framework/src/Illuminate/Routing/Route.php(212): Illuminate\\Routing\\Route->runController()
#9 /var/www/html/Thames/thamescc-backend/vendor/laravel/framework/src/Illuminate/Routing/Router.php(808): Illuminate\\Routing\\Route->run()
#10 /var/www/html/Thames/thamescc-backend/vendor/laravel/framework/src/Illuminate/Pipeline/Pipeline.php(170): Illuminate\\Routing\\Router->Illuminate\\Routing\\{closure}()
#11 /var/www/html/Thames/thamescc-backend/vendor/barryvdh/laravel-debugbar/src/Controllers/BaseController.php(29): Illuminate\\Pipeline\\Pipeline->Illuminate\\Pipeline\\{closure}()
#12 /var/www/html/Thames/thamescc-backend/vendor/laravel/framework/src/Illuminate/Pipeline/Pipeline.php(191): Barryvdh\\Debugbar\\Controllers\\BaseController->Barryvdh\\Debugbar\\Controllers\\{closure}()
#13 /var/www/html/Thames/thamescc-backend/vendor/barryvdh/laravel-debugbar/src/Middleware/DebugbarEnabled.php(41): Illuminate\\Pipeline\\Pipeline->Illuminate\\Pipeline\\{closure}()
#14 /var/www/html/Thames/thamescc-backend/vendor/laravel/framework/src/Illuminate/Pipeline/Pipeline.php(209): Barryvdh\\Debugbar\\Middleware\\DebugbarEnabled->handle()
#15 /var/www/html/Thames/thamescc-backend/vendor/laravel/framework/src/Illuminate/Pipeline/Pipeline.php(127): Illuminate\\Pipeline\\Pipeline->Illuminate\\Pipeline\\{closure}()
#16 /var/www/html/Thames/thamescc-backend/vendor/laravel/framework/src/Illuminate/Routing/Router.php(807): Illuminate\\Pipeline\\Pipeline->then()
#17 /var/www/html/Thames/thamescc-backend/vendor/laravel/framework/src/Illuminate/Routing/Router.php(786): Illuminate\\Routing\\Router->runRouteWithinStack()
#18 /var/www/html/Thames/thamescc-backend/vendor/laravel/framework/src/Illuminate/Routing/Router.php(750): Illuminate\\Routing\\Router->runRoute()
#19 /var/www/html/Thames/thamescc-backend/vendor/laravel/framework/src/Illuminate/Routing/Router.php(739): Illuminate\\Routing\\Router->dispatchToRoute()
#20 /var/www/html/Thames/thamescc-backend/vendor/laravel/framework/src/Illuminate/Foundation/Http/Kernel.php(201): Illuminate\\Routing\\Router->dispatch()
#21 /var/www/html/Thames/thamescc-backend/vendor/laravel/framework/src/Illuminate/Pipeline/Pipeline.php(170): Illuminate\\Foundation\\Http\\Kernel->Illuminate\\Foundation\\Http\\{closure}()
#22 /var/www/html/Thames/thamescc-backend/vendor/barryvdh/laravel-debugbar/src/Middleware/InjectDebugbar.php(66): Illuminate\\Pipeline\\Pipeline->Illuminate\\Pipeline\\{closure}()
#23 /var/www/html/Thames/thamescc-backend/vendor/laravel/framework/src/Illuminate/Pipeline/Pipeline.php(209): Barryvdh\\Debugbar\\Middleware\\InjectDebugbar->handle()
#24 /var/www/html/Thames/thamescc-backend/packages/Webkul/Installer/src/Http/Middleware/CanInstall.php(30): Illuminate\\Pipeline\\Pipeline->Illuminate\\Pipeline\\{closure}()
#25 /var/www/html/Thames/thamescc-backend/vendor/laravel/framework/src/Illuminate/Pipeline/Pipeline.php(209): Webkul\\Installer\\Http\\Middleware\\CanInstall->handle()
#26 /var/www/html/Thames/thamescc-backend/packages/Webkul/Core/src/Http/Middleware/SecureHeaders.php(29): Illuminate\\Pipeline\\Pipeline->Illuminate\\Pipeline\\{closure}()
#27 /var/www/html/Thames/thamescc-backend/vendor/laravel/framework/src/Illuminate/Pipeline/Pipeline.php(209): Webkul\\Core\\Http\\Middleware\\SecureHeaders->handle()
#28 /var/www/html/Thames/thamescc-backend/vendor/laravel/framework/src/Illuminate/Foundation/Http/Middleware/TransformsRequest.php(21): Illuminate\\Pipeline\\Pipeline->Illuminate\\Pipeline\\{closure}()
#29 /var/www/html/Thames/thamescc-backend/vendor/laravel/framework/src/Illuminate/Foundation/Http/Middleware/TrimStrings.php(51): Illuminate\\Foundation\\Http\\Middleware\\TransformsRequest->handle()
#30 /var/www/html/Thames/thamescc-backend/vendor/laravel/framework/src/Illuminate/Pipeline/Pipeline.php(209): Illuminate\\Foundation\\Http\\Middleware\\TrimStrings->handle()
#31 /var/www/html/Thames/thamescc-backend/vendor/laravel/framework/src/Illuminate/Http/Middleware/ValidatePostSize.php(27): Illuminate\\Pipeline\\Pipeline->Illuminate\\Pipeline\\{closure}()
#32 /var/www/html/Thames/thamescc-backend/vendor/laravel/framework/src/Illuminate/Pipeline/Pipeline.php(209): Illuminate\\Http\\Middleware\\ValidatePostSize->handle()
#33 /var/www/html/Thames/thamescc-backend/vendor/laravel/framework/src/Illuminate/Http/Middleware/HandleCors.php(49): Illuminate\\Pipeline\\Pipeline->Illuminate\\Pipeline\\{closure}()
#34 /var/www/html/Thames/thamescc-backend/vendor/laravel/framework/src/Illuminate/Pipeline/Pipeline.php(209): Illuminate\\Http\\Middleware\\HandleCors->handle()
#35 /var/www/html/Thames/thamescc-backend/vendor/laravel/framework/src/Illuminate/Http/Middleware/TrustProxies.php(58): Illuminate\\Pipeline\\Pipeline->Illuminate\\Pipeline\\{closure}()
#36 /var/www/html/Thames/thamescc-backend/vendor/laravel/framework/src/Illuminate/Pipeline/Pipeline.php(209): Illuminate\\Http\\Middleware\\TrustProxies->handle()
#37 /var/www/html/Thames/thamescc-backend/vendor/laravel/framework/src/Illuminate/Foundation/Http/Middleware/InvokeDeferredCallbacks.php(22): Illuminate\\Pipeline\\Pipeline->Illuminate\\Pipeline\\{closure}()
#38 /var/www/html/Thames/thamescc-backend/vendor/laravel/framework/src/Illuminate/Pipeline/Pipeline.php(209): Illuminate\\Foundation\\Http\\Middleware\\InvokeDeferredCallbacks->handle()
#39 /var/www/html/Thames/thamescc-backend/vendor/laravel/framework/src/Illuminate/Pipeline/Pipeline.php(127): Illuminate\\Pipeline\\Pipeline->Illuminate\\Pipeline\\{closure}()
#40 /var/www/html/Thames/thamescc-backend/vendor/laravel/framework/src/Illuminate/Foundation/Http/Kernel.php(176): Illuminate\\Pipeline\\Pipeline->then()
#41 /var/www/html/Thames/thamescc-backend/vendor/laravel/framework/src/Illuminate/Foundation/Http/Kernel.php(145): Illuminate\\Foundation\\Http\\Kernel->sendRequestThroughRouter()
#42 /var/www/html/Thames/thamescc-backend/public/index.php(51): Illuminate\\Foundation\\Http\\Kernel->handle()
#43 /var/www/html/Thames/thamescc-backend/vendor/laravel/framework/src/Illuminate/Foundation/resources/server.php(23): require_once('...')
#44 {main}
"} 
[2025-06-27 10:11:07] local.ERROR: File does not exist at path /var/www/html/Thames/thamescc-backend/storage/debugbar/01JY6KXRWG0SVVV11VN3EM5V8F.json. {"exception":"[object] (Illuminate\\Contracts\\Filesystem\\FileNotFoundException(code: 0): File does not exist at path /var/www/html/Thames/thamescc-backend/storage/debugbar/01JY6KXRWG0SVVV11VN3EM5V8F.json. at /var/www/html/Thames/thamescc-backend/vendor/laravel/framework/src/Illuminate/Filesystem/Filesystem.php:58)
[stacktrace]
#0 /var/www/html/Thames/thamescc-backend/vendor/barryvdh/laravel-debugbar/src/Storage/FilesystemStorage.php(84): Illuminate\\Filesystem\\Filesystem->get()
#1 /var/www/html/Thames/thamescc-backend/vendor/php-debugbar/php-debugbar/src/DebugBar/OpenHandler.php(106): Barryvdh\\Debugbar\\Storage\\FilesystemStorage->get()
#2 [internal function]: DebugBar\\OpenHandler->get()
#3 /var/www/html/Thames/thamescc-backend/vendor/php-debugbar/php-debugbar/src/DebugBar/OpenHandler.php(61): call_user_func()
#4 /var/www/html/Thames/thamescc-backend/vendor/barryvdh/laravel-debugbar/src/Controllers/OpenHandlerController.php(47): DebugBar\\OpenHandler->handle()
#5 /var/www/html/Thames/thamescc-backend/vendor/laravel/framework/src/Illuminate/Routing/Controller.php(54): Barryvdh\\Debugbar\\Controllers\\OpenHandlerController->handle()
#6 /var/www/html/Thames/thamescc-backend/vendor/laravel/framework/src/Illuminate/Routing/ControllerDispatcher.php(44): Illuminate\\Routing\\Controller->callAction()
#7 /var/www/html/Thames/thamescc-backend/vendor/laravel/framework/src/Illuminate/Routing/Route.php(266): Illuminate\\Routing\\ControllerDispatcher->dispatch()
#8 /var/www/html/Thames/thamescc-backend/vendor/laravel/framework/src/Illuminate/Routing/Route.php(212): Illuminate\\Routing\\Route->runController()
#9 /var/www/html/Thames/thamescc-backend/vendor/laravel/framework/src/Illuminate/Routing/Router.php(808): Illuminate\\Routing\\Route->run()
#10 /var/www/html/Thames/thamescc-backend/vendor/laravel/framework/src/Illuminate/Pipeline/Pipeline.php(170): Illuminate\\Routing\\Router->Illuminate\\Routing\\{closure}()
#11 /var/www/html/Thames/thamescc-backend/vendor/barryvdh/laravel-debugbar/src/Controllers/BaseController.php(29): Illuminate\\Pipeline\\Pipeline->Illuminate\\Pipeline\\{closure}()
#12 /var/www/html/Thames/thamescc-backend/vendor/laravel/framework/src/Illuminate/Pipeline/Pipeline.php(191): Barryvdh\\Debugbar\\Controllers\\BaseController->Barryvdh\\Debugbar\\Controllers\\{closure}()
#13 /var/www/html/Thames/thamescc-backend/vendor/barryvdh/laravel-debugbar/src/Middleware/DebugbarEnabled.php(41): Illuminate\\Pipeline\\Pipeline->Illuminate\\Pipeline\\{closure}()
#14 /var/www/html/Thames/thamescc-backend/vendor/laravel/framework/src/Illuminate/Pipeline/Pipeline.php(209): Barryvdh\\Debugbar\\Middleware\\DebugbarEnabled->handle()
#15 /var/www/html/Thames/thamescc-backend/vendor/laravel/framework/src/Illuminate/Pipeline/Pipeline.php(127): Illuminate\\Pipeline\\Pipeline->Illuminate\\Pipeline\\{closure}()
#16 /var/www/html/Thames/thamescc-backend/vendor/laravel/framework/src/Illuminate/Routing/Router.php(807): Illuminate\\Pipeline\\Pipeline->then()
#17 /var/www/html/Thames/thamescc-backend/vendor/laravel/framework/src/Illuminate/Routing/Router.php(786): Illuminate\\Routing\\Router->runRouteWithinStack()
#18 /var/www/html/Thames/thamescc-backend/vendor/laravel/framework/src/Illuminate/Routing/Router.php(750): Illuminate\\Routing\\Router->runRoute()
#19 /var/www/html/Thames/thamescc-backend/vendor/laravel/framework/src/Illuminate/Routing/Router.php(739): Illuminate\\Routing\\Router->dispatchToRoute()
#20 /var/www/html/Thames/thamescc-backend/vendor/laravel/framework/src/Illuminate/Foundation/Http/Kernel.php(201): Illuminate\\Routing\\Router->dispatch()
#21 /var/www/html/Thames/thamescc-backend/vendor/laravel/framework/src/Illuminate/Pipeline/Pipeline.php(170): Illuminate\\Foundation\\Http\\Kernel->Illuminate\\Foundation\\Http\\{closure}()
#22 /var/www/html/Thames/thamescc-backend/vendor/barryvdh/laravel-debugbar/src/Middleware/InjectDebugbar.php(66): Illuminate\\Pipeline\\Pipeline->Illuminate\\Pipeline\\{closure}()
#23 /var/www/html/Thames/thamescc-backend/vendor/laravel/framework/src/Illuminate/Pipeline/Pipeline.php(209): Barryvdh\\Debugbar\\Middleware\\InjectDebugbar->handle()
#24 /var/www/html/Thames/thamescc-backend/packages/Webkul/Installer/src/Http/Middleware/CanInstall.php(30): Illuminate\\Pipeline\\Pipeline->Illuminate\\Pipeline\\{closure}()
#25 /var/www/html/Thames/thamescc-backend/vendor/laravel/framework/src/Illuminate/Pipeline/Pipeline.php(209): Webkul\\Installer\\Http\\Middleware\\CanInstall->handle()
#26 /var/www/html/Thames/thamescc-backend/packages/Webkul/Core/src/Http/Middleware/SecureHeaders.php(29): Illuminate\\Pipeline\\Pipeline->Illuminate\\Pipeline\\{closure}()
#27 /var/www/html/Thames/thamescc-backend/vendor/laravel/framework/src/Illuminate/Pipeline/Pipeline.php(209): Webkul\\Core\\Http\\Middleware\\SecureHeaders->handle()
#28 /var/www/html/Thames/thamescc-backend/vendor/laravel/framework/src/Illuminate/Foundation/Http/Middleware/TransformsRequest.php(21): Illuminate\\Pipeline\\Pipeline->Illuminate\\Pipeline\\{closure}()
#29 /var/www/html/Thames/thamescc-backend/vendor/laravel/framework/src/Illuminate/Foundation/Http/Middleware/TrimStrings.php(51): Illuminate\\Foundation\\Http\\Middleware\\TransformsRequest->handle()
#30 /var/www/html/Thames/thamescc-backend/vendor/laravel/framework/src/Illuminate/Pipeline/Pipeline.php(209): Illuminate\\Foundation\\Http\\Middleware\\TrimStrings->handle()
#31 /var/www/html/Thames/thamescc-backend/vendor/laravel/framework/src/Illuminate/Http/Middleware/ValidatePostSize.php(27): Illuminate\\Pipeline\\Pipeline->Illuminate\\Pipeline\\{closure}()
#32 /var/www/html/Thames/thamescc-backend/vendor/laravel/framework/src/Illuminate/Pipeline/Pipeline.php(209): Illuminate\\Http\\Middleware\\ValidatePostSize->handle()
#33 /var/www/html/Thames/thamescc-backend/vendor/laravel/framework/src/Illuminate/Http/Middleware/HandleCors.php(49): Illuminate\\Pipeline\\Pipeline->Illuminate\\Pipeline\\{closure}()
#34 /var/www/html/Thames/thamescc-backend/vendor/laravel/framework/src/Illuminate/Pipeline/Pipeline.php(209): Illuminate\\Http\\Middleware\\HandleCors->handle()
#35 /var/www/html/Thames/thamescc-backend/vendor/laravel/framework/src/Illuminate/Http/Middleware/TrustProxies.php(58): Illuminate\\Pipeline\\Pipeline->Illuminate\\Pipeline\\{closure}()
#36 /var/www/html/Thames/thamescc-backend/vendor/laravel/framework/src/Illuminate/Pipeline/Pipeline.php(209): Illuminate\\Http\\Middleware\\TrustProxies->handle()
#37 /var/www/html/Thames/thamescc-backend/vendor/laravel/framework/src/Illuminate/Foundation/Http/Middleware/InvokeDeferredCallbacks.php(22): Illuminate\\Pipeline\\Pipeline->Illuminate\\Pipeline\\{closure}()
#38 /var/www/html/Thames/thamescc-backend/vendor/laravel/framework/src/Illuminate/Pipeline/Pipeline.php(209): Illuminate\\Foundation\\Http\\Middleware\\InvokeDeferredCallbacks->handle()
#39 /var/www/html/Thames/thamescc-backend/vendor/laravel/framework/src/Illuminate/Pipeline/Pipeline.php(127): Illuminate\\Pipeline\\Pipeline->Illuminate\\Pipeline\\{closure}()
#40 /var/www/html/Thames/thamescc-backend/vendor/laravel/framework/src/Illuminate/Foundation/Http/Kernel.php(176): Illuminate\\Pipeline\\Pipeline->then()
#41 /var/www/html/Thames/thamescc-backend/vendor/laravel/framework/src/Illuminate/Foundation/Http/Kernel.php(145): Illuminate\\Foundation\\Http\\Kernel->sendRequestThroughRouter()
#42 /var/www/html/Thames/thamescc-backend/public/index.php(51): Illuminate\\Foundation\\Http\\Kernel->handle()
#43 /var/www/html/Thames/thamescc-backend/vendor/laravel/framework/src/Illuminate/Foundation/resources/server.php(23): require_once('...')
#44 {main}
"} 
[2025-06-27 10:11:07] local.ERROR: File does not exist at path /var/www/html/Thames/thamescc-backend/storage/debugbar/01JY6KXS2ZXWDX2ZBK3HNSS4C9.json. {"exception":"[object] (Illuminate\\Contracts\\Filesystem\\FileNotFoundException(code: 0): File does not exist at path /var/www/html/Thames/thamescc-backend/storage/debugbar/01JY6KXS2ZXWDX2ZBK3HNSS4C9.json. at /var/www/html/Thames/thamescc-backend/vendor/laravel/framework/src/Illuminate/Filesystem/Filesystem.php:58)
[stacktrace]
#0 /var/www/html/Thames/thamescc-backend/vendor/barryvdh/laravel-debugbar/src/Storage/FilesystemStorage.php(84): Illuminate\\Filesystem\\Filesystem->get()
#1 /var/www/html/Thames/thamescc-backend/vendor/php-debugbar/php-debugbar/src/DebugBar/OpenHandler.php(106): Barryvdh\\Debugbar\\Storage\\FilesystemStorage->get()
#2 [internal function]: DebugBar\\OpenHandler->get()
#3 /var/www/html/Thames/thamescc-backend/vendor/php-debugbar/php-debugbar/src/DebugBar/OpenHandler.php(61): call_user_func()
#4 /var/www/html/Thames/thamescc-backend/vendor/barryvdh/laravel-debugbar/src/Controllers/OpenHandlerController.php(47): DebugBar\\OpenHandler->handle()
#5 /var/www/html/Thames/thamescc-backend/vendor/laravel/framework/src/Illuminate/Routing/Controller.php(54): Barryvdh\\Debugbar\\Controllers\\OpenHandlerController->handle()
#6 /var/www/html/Thames/thamescc-backend/vendor/laravel/framework/src/Illuminate/Routing/ControllerDispatcher.php(44): Illuminate\\Routing\\Controller->callAction()
#7 /var/www/html/Thames/thamescc-backend/vendor/laravel/framework/src/Illuminate/Routing/Route.php(266): Illuminate\\Routing\\ControllerDispatcher->dispatch()
#8 /var/www/html/Thames/thamescc-backend/vendor/laravel/framework/src/Illuminate/Routing/Route.php(212): Illuminate\\Routing\\Route->runController()
#9 /var/www/html/Thames/thamescc-backend/vendor/laravel/framework/src/Illuminate/Routing/Router.php(808): Illuminate\\Routing\\Route->run()
#10 /var/www/html/Thames/thamescc-backend/vendor/laravel/framework/src/Illuminate/Pipeline/Pipeline.php(170): Illuminate\\Routing\\Router->Illuminate\\Routing\\{closure}()
#11 /var/www/html/Thames/thamescc-backend/vendor/barryvdh/laravel-debugbar/src/Controllers/BaseController.php(29): Illuminate\\Pipeline\\Pipeline->Illuminate\\Pipeline\\{closure}()
#12 /var/www/html/Thames/thamescc-backend/vendor/laravel/framework/src/Illuminate/Pipeline/Pipeline.php(191): Barryvdh\\Debugbar\\Controllers\\BaseController->Barryvdh\\Debugbar\\Controllers\\{closure}()
#13 /var/www/html/Thames/thamescc-backend/vendor/barryvdh/laravel-debugbar/src/Middleware/DebugbarEnabled.php(41): Illuminate\\Pipeline\\Pipeline->Illuminate\\Pipeline\\{closure}()
#14 /var/www/html/Thames/thamescc-backend/vendor/laravel/framework/src/Illuminate/Pipeline/Pipeline.php(209): Barryvdh\\Debugbar\\Middleware\\DebugbarEnabled->handle()
#15 /var/www/html/Thames/thamescc-backend/vendor/laravel/framework/src/Illuminate/Pipeline/Pipeline.php(127): Illuminate\\Pipeline\\Pipeline->Illuminate\\Pipeline\\{closure}()
#16 /var/www/html/Thames/thamescc-backend/vendor/laravel/framework/src/Illuminate/Routing/Router.php(807): Illuminate\\Pipeline\\Pipeline->then()
#17 /var/www/html/Thames/thamescc-backend/vendor/laravel/framework/src/Illuminate/Routing/Router.php(786): Illuminate\\Routing\\Router->runRouteWithinStack()
#18 /var/www/html/Thames/thamescc-backend/vendor/laravel/framework/src/Illuminate/Routing/Router.php(750): Illuminate\\Routing\\Router->runRoute()
#19 /var/www/html/Thames/thamescc-backend/vendor/laravel/framework/src/Illuminate/Routing/Router.php(739): Illuminate\\Routing\\Router->dispatchToRoute()
#20 /var/www/html/Thames/thamescc-backend/vendor/laravel/framework/src/Illuminate/Foundation/Http/Kernel.php(201): Illuminate\\Routing\\Router->dispatch()
#21 /var/www/html/Thames/thamescc-backend/vendor/laravel/framework/src/Illuminate/Pipeline/Pipeline.php(170): Illuminate\\Foundation\\Http\\Kernel->Illuminate\\Foundation\\Http\\{closure}()
#22 /var/www/html/Thames/thamescc-backend/vendor/barryvdh/laravel-debugbar/src/Middleware/InjectDebugbar.php(66): Illuminate\\Pipeline\\Pipeline->Illuminate\\Pipeline\\{closure}()
#23 /var/www/html/Thames/thamescc-backend/vendor/laravel/framework/src/Illuminate/Pipeline/Pipeline.php(209): Barryvdh\\Debugbar\\Middleware\\InjectDebugbar->handle()
#24 /var/www/html/Thames/thamescc-backend/packages/Webkul/Installer/src/Http/Middleware/CanInstall.php(30): Illuminate\\Pipeline\\Pipeline->Illuminate\\Pipeline\\{closure}()
#25 /var/www/html/Thames/thamescc-backend/vendor/laravel/framework/src/Illuminate/Pipeline/Pipeline.php(209): Webkul\\Installer\\Http\\Middleware\\CanInstall->handle()
#26 /var/www/html/Thames/thamescc-backend/packages/Webkul/Core/src/Http/Middleware/SecureHeaders.php(29): Illuminate\\Pipeline\\Pipeline->Illuminate\\Pipeline\\{closure}()
#27 /var/www/html/Thames/thamescc-backend/vendor/laravel/framework/src/Illuminate/Pipeline/Pipeline.php(209): Webkul\\Core\\Http\\Middleware\\SecureHeaders->handle()
#28 /var/www/html/Thames/thamescc-backend/vendor/laravel/framework/src/Illuminate/Foundation/Http/Middleware/TransformsRequest.php(21): Illuminate\\Pipeline\\Pipeline->Illuminate\\Pipeline\\{closure}()
#29 /var/www/html/Thames/thamescc-backend/vendor/laravel/framework/src/Illuminate/Foundation/Http/Middleware/TrimStrings.php(51): Illuminate\\Foundation\\Http\\Middleware\\TransformsRequest->handle()
#30 /var/www/html/Thames/thamescc-backend/vendor/laravel/framework/src/Illuminate/Pipeline/Pipeline.php(209): Illuminate\\Foundation\\Http\\Middleware\\TrimStrings->handle()
#31 /var/www/html/Thames/thamescc-backend/vendor/laravel/framework/src/Illuminate/Http/Middleware/ValidatePostSize.php(27): Illuminate\\Pipeline\\Pipeline->Illuminate\\Pipeline\\{closure}()
#32 /var/www/html/Thames/thamescc-backend/vendor/laravel/framework/src/Illuminate/Pipeline/Pipeline.php(209): Illuminate\\Http\\Middleware\\ValidatePostSize->handle()
#33 /var/www/html/Thames/thamescc-backend/vendor/laravel/framework/src/Illuminate/Http/Middleware/HandleCors.php(49): Illuminate\\Pipeline\\Pipeline->Illuminate\\Pipeline\\{closure}()
#34 /var/www/html/Thames/thamescc-backend/vendor/laravel/framework/src/Illuminate/Pipeline/Pipeline.php(209): Illuminate\\Http\\Middleware\\HandleCors->handle()
#35 /var/www/html/Thames/thamescc-backend/vendor/laravel/framework/src/Illuminate/Http/Middleware/TrustProxies.php(58): Illuminate\\Pipeline\\Pipeline->Illuminate\\Pipeline\\{closure}()
#36 /var/www/html/Thames/thamescc-backend/vendor/laravel/framework/src/Illuminate/Pipeline/Pipeline.php(209): Illuminate\\Http\\Middleware\\TrustProxies->handle()
#37 /var/www/html/Thames/thamescc-backend/vendor/laravel/framework/src/Illuminate/Foundation/Http/Middleware/InvokeDeferredCallbacks.php(22): Illuminate\\Pipeline\\Pipeline->Illuminate\\Pipeline\\{closure}()
#38 /var/www/html/Thames/thamescc-backend/vendor/laravel/framework/src/Illuminate/Pipeline/Pipeline.php(209): Illuminate\\Foundation\\Http\\Middleware\\InvokeDeferredCallbacks->handle()
#39 /var/www/html/Thames/thamescc-backend/vendor/laravel/framework/src/Illuminate/Pipeline/Pipeline.php(127): Illuminate\\Pipeline\\Pipeline->Illuminate\\Pipeline\\{closure}()
#40 /var/www/html/Thames/thamescc-backend/vendor/laravel/framework/src/Illuminate/Foundation/Http/Kernel.php(176): Illuminate\\Pipeline\\Pipeline->then()
#41 /var/www/html/Thames/thamescc-backend/vendor/laravel/framework/src/Illuminate/Foundation/Http/Kernel.php(145): Illuminate\\Foundation\\Http\\Kernel->sendRequestThroughRouter()
#42 /var/www/html/Thames/thamescc-backend/public/index.php(51): Illuminate\\Foundation\\Http\\Kernel->handle()
#43 /var/www/html/Thames/thamescc-backend/vendor/laravel/framework/src/Illuminate/Foundation/resources/server.php(23): require_once('...')
#44 {main}
"} 
[2025-06-27 10:11:07] local.ERROR: File does not exist at path /var/www/html/Thames/thamescc-backend/storage/debugbar/01JY6KXS5FDS02HC2R3D9H5DSH.json. {"exception":"[object] (Illuminate\\Contracts\\Filesystem\\FileNotFoundException(code: 0): File does not exist at path /var/www/html/Thames/thamescc-backend/storage/debugbar/01JY6KXS5FDS02HC2R3D9H5DSH.json. at /var/www/html/Thames/thamescc-backend/vendor/laravel/framework/src/Illuminate/Filesystem/Filesystem.php:58)
[stacktrace]
#0 /var/www/html/Thames/thamescc-backend/vendor/barryvdh/laravel-debugbar/src/Storage/FilesystemStorage.php(84): Illuminate\\Filesystem\\Filesystem->get()
#1 /var/www/html/Thames/thamescc-backend/vendor/php-debugbar/php-debugbar/src/DebugBar/OpenHandler.php(106): Barryvdh\\Debugbar\\Storage\\FilesystemStorage->get()
#2 [internal function]: DebugBar\\OpenHandler->get()
#3 /var/www/html/Thames/thamescc-backend/vendor/php-debugbar/php-debugbar/src/DebugBar/OpenHandler.php(61): call_user_func()
#4 /var/www/html/Thames/thamescc-backend/vendor/barryvdh/laravel-debugbar/src/Controllers/OpenHandlerController.php(47): DebugBar\\OpenHandler->handle()
#5 /var/www/html/Thames/thamescc-backend/vendor/laravel/framework/src/Illuminate/Routing/Controller.php(54): Barryvdh\\Debugbar\\Controllers\\OpenHandlerController->handle()
#6 /var/www/html/Thames/thamescc-backend/vendor/laravel/framework/src/Illuminate/Routing/ControllerDispatcher.php(44): Illuminate\\Routing\\Controller->callAction()
#7 /var/www/html/Thames/thamescc-backend/vendor/laravel/framework/src/Illuminate/Routing/Route.php(266): Illuminate\\Routing\\ControllerDispatcher->dispatch()
#8 /var/www/html/Thames/thamescc-backend/vendor/laravel/framework/src/Illuminate/Routing/Route.php(212): Illuminate\\Routing\\Route->runController()
#9 /var/www/html/Thames/thamescc-backend/vendor/laravel/framework/src/Illuminate/Routing/Router.php(808): Illuminate\\Routing\\Route->run()
#10 /var/www/html/Thames/thamescc-backend/vendor/laravel/framework/src/Illuminate/Pipeline/Pipeline.php(170): Illuminate\\Routing\\Router->Illuminate\\Routing\\{closure}()
#11 /var/www/html/Thames/thamescc-backend/vendor/barryvdh/laravel-debugbar/src/Controllers/BaseController.php(29): Illuminate\\Pipeline\\Pipeline->Illuminate\\Pipeline\\{closure}()
#12 /var/www/html/Thames/thamescc-backend/vendor/laravel/framework/src/Illuminate/Pipeline/Pipeline.php(191): Barryvdh\\Debugbar\\Controllers\\BaseController->Barryvdh\\Debugbar\\Controllers\\{closure}()
#13 /var/www/html/Thames/thamescc-backend/vendor/barryvdh/laravel-debugbar/src/Middleware/DebugbarEnabled.php(41): Illuminate\\Pipeline\\Pipeline->Illuminate\\Pipeline\\{closure}()
#14 /var/www/html/Thames/thamescc-backend/vendor/laravel/framework/src/Illuminate/Pipeline/Pipeline.php(209): Barryvdh\\Debugbar\\Middleware\\DebugbarEnabled->handle()
#15 /var/www/html/Thames/thamescc-backend/vendor/laravel/framework/src/Illuminate/Pipeline/Pipeline.php(127): Illuminate\\Pipeline\\Pipeline->Illuminate\\Pipeline\\{closure}()
#16 /var/www/html/Thames/thamescc-backend/vendor/laravel/framework/src/Illuminate/Routing/Router.php(807): Illuminate\\Pipeline\\Pipeline->then()
#17 /var/www/html/Thames/thamescc-backend/vendor/laravel/framework/src/Illuminate/Routing/Router.php(786): Illuminate\\Routing\\Router->runRouteWithinStack()
#18 /var/www/html/Thames/thamescc-backend/vendor/laravel/framework/src/Illuminate/Routing/Router.php(750): Illuminate\\Routing\\Router->runRoute()
#19 /var/www/html/Thames/thamescc-backend/vendor/laravel/framework/src/Illuminate/Routing/Router.php(739): Illuminate\\Routing\\Router->dispatchToRoute()
#20 /var/www/html/Thames/thamescc-backend/vendor/laravel/framework/src/Illuminate/Foundation/Http/Kernel.php(201): Illuminate\\Routing\\Router->dispatch()
#21 /var/www/html/Thames/thamescc-backend/vendor/laravel/framework/src/Illuminate/Pipeline/Pipeline.php(170): Illuminate\\Foundation\\Http\\Kernel->Illuminate\\Foundation\\Http\\{closure}()
#22 /var/www/html/Thames/thamescc-backend/vendor/barryvdh/laravel-debugbar/src/Middleware/InjectDebugbar.php(66): Illuminate\\Pipeline\\Pipeline->Illuminate\\Pipeline\\{closure}()
#23 /var/www/html/Thames/thamescc-backend/vendor/laravel/framework/src/Illuminate/Pipeline/Pipeline.php(209): Barryvdh\\Debugbar\\Middleware\\InjectDebugbar->handle()
#24 /var/www/html/Thames/thamescc-backend/packages/Webkul/Installer/src/Http/Middleware/CanInstall.php(30): Illuminate\\Pipeline\\Pipeline->Illuminate\\Pipeline\\{closure}()
#25 /var/www/html/Thames/thamescc-backend/vendor/laravel/framework/src/Illuminate/Pipeline/Pipeline.php(209): Webkul\\Installer\\Http\\Middleware\\CanInstall->handle()
#26 /var/www/html/Thames/thamescc-backend/packages/Webkul/Core/src/Http/Middleware/SecureHeaders.php(29): Illuminate\\Pipeline\\Pipeline->Illuminate\\Pipeline\\{closure}()
#27 /var/www/html/Thames/thamescc-backend/vendor/laravel/framework/src/Illuminate/Pipeline/Pipeline.php(209): Webkul\\Core\\Http\\Middleware\\SecureHeaders->handle()
#28 /var/www/html/Thames/thamescc-backend/vendor/laravel/framework/src/Illuminate/Foundation/Http/Middleware/TransformsRequest.php(21): Illuminate\\Pipeline\\Pipeline->Illuminate\\Pipeline\\{closure}()
#29 /var/www/html/Thames/thamescc-backend/vendor/laravel/framework/src/Illuminate/Foundation/Http/Middleware/TrimStrings.php(51): Illuminate\\Foundation\\Http\\Middleware\\TransformsRequest->handle()
#30 /var/www/html/Thames/thamescc-backend/vendor/laravel/framework/src/Illuminate/Pipeline/Pipeline.php(209): Illuminate\\Foundation\\Http\\Middleware\\TrimStrings->handle()
#31 /var/www/html/Thames/thamescc-backend/vendor/laravel/framework/src/Illuminate/Http/Middleware/ValidatePostSize.php(27): Illuminate\\Pipeline\\Pipeline->Illuminate\\Pipeline\\{closure}()
#32 /var/www/html/Thames/thamescc-backend/vendor/laravel/framework/src/Illuminate/Pipeline/Pipeline.php(209): Illuminate\\Http\\Middleware\\ValidatePostSize->handle()
#33 /var/www/html/Thames/thamescc-backend/vendor/laravel/framework/src/Illuminate/Http/Middleware/HandleCors.php(49): Illuminate\\Pipeline\\Pipeline->Illuminate\\Pipeline\\{closure}()
#34 /var/www/html/Thames/thamescc-backend/vendor/laravel/framework/src/Illuminate/Pipeline/Pipeline.php(209): Illuminate\\Http\\Middleware\\HandleCors->handle()
#35 /var/www/html/Thames/thamescc-backend/vendor/laravel/framework/src/Illuminate/Http/Middleware/TrustProxies.php(58): Illuminate\\Pipeline\\Pipeline->Illuminate\\Pipeline\\{closure}()
#36 /var/www/html/Thames/thamescc-backend/vendor/laravel/framework/src/Illuminate/Pipeline/Pipeline.php(209): Illuminate\\Http\\Middleware\\TrustProxies->handle()
#37 /var/www/html/Thames/thamescc-backend/vendor/laravel/framework/src/Illuminate/Foundation/Http/Middleware/InvokeDeferredCallbacks.php(22): Illuminate\\Pipeline\\Pipeline->Illuminate\\Pipeline\\{closure}()
#38 /var/www/html/Thames/thamescc-backend/vendor/laravel/framework/src/Illuminate/Pipeline/Pipeline.php(209): Illuminate\\Foundation\\Http\\Middleware\\InvokeDeferredCallbacks->handle()
#39 /var/www/html/Thames/thamescc-backend/vendor/laravel/framework/src/Illuminate/Pipeline/Pipeline.php(127): Illuminate\\Pipeline\\Pipeline->Illuminate\\Pipeline\\{closure}()
#40 /var/www/html/Thames/thamescc-backend/vendor/laravel/framework/src/Illuminate/Foundation/Http/Kernel.php(176): Illuminate\\Pipeline\\Pipeline->then()
#41 /var/www/html/Thames/thamescc-backend/vendor/laravel/framework/src/Illuminate/Foundation/Http/Kernel.php(145): Illuminate\\Foundation\\Http\\Kernel->sendRequestThroughRouter()
#42 /var/www/html/Thames/thamescc-backend/public/index.php(51): Illuminate\\Foundation\\Http\\Kernel->handle()
#43 /var/www/html/Thames/thamescc-backend/vendor/laravel/framework/src/Illuminate/Foundation/resources/server.php(23): require_once('...')
#44 {main}
"} 
[2025-06-27 10:11:07] local.ERROR: File does not exist at path /var/www/html/Thames/thamescc-backend/storage/debugbar/01JY6KXS71HR7HPBDAG2NEG9K9.json. {"exception":"[object] (Illuminate\\Contracts\\Filesystem\\FileNotFoundException(code: 0): File does not exist at path /var/www/html/Thames/thamescc-backend/storage/debugbar/01JY6KXS71HR7HPBDAG2NEG9K9.json. at /var/www/html/Thames/thamescc-backend/vendor/laravel/framework/src/Illuminate/Filesystem/Filesystem.php:58)
[stacktrace]
#0 /var/www/html/Thames/thamescc-backend/vendor/barryvdh/laravel-debugbar/src/Storage/FilesystemStorage.php(84): Illuminate\\Filesystem\\Filesystem->get()
#1 /var/www/html/Thames/thamescc-backend/vendor/php-debugbar/php-debugbar/src/DebugBar/OpenHandler.php(106): Barryvdh\\Debugbar\\Storage\\FilesystemStorage->get()
#2 [internal function]: DebugBar\\OpenHandler->get()
#3 /var/www/html/Thames/thamescc-backend/vendor/php-debugbar/php-debugbar/src/DebugBar/OpenHandler.php(61): call_user_func()
#4 /var/www/html/Thames/thamescc-backend/vendor/barryvdh/laravel-debugbar/src/Controllers/OpenHandlerController.php(47): DebugBar\\OpenHandler->handle()
#5 /var/www/html/Thames/thamescc-backend/vendor/laravel/framework/src/Illuminate/Routing/Controller.php(54): Barryvdh\\Debugbar\\Controllers\\OpenHandlerController->handle()
#6 /var/www/html/Thames/thamescc-backend/vendor/laravel/framework/src/Illuminate/Routing/ControllerDispatcher.php(44): Illuminate\\Routing\\Controller->callAction()
#7 /var/www/html/Thames/thamescc-backend/vendor/laravel/framework/src/Illuminate/Routing/Route.php(266): Illuminate\\Routing\\ControllerDispatcher->dispatch()
#8 /var/www/html/Thames/thamescc-backend/vendor/laravel/framework/src/Illuminate/Routing/Route.php(212): Illuminate\\Routing\\Route->runController()
#9 /var/www/html/Thames/thamescc-backend/vendor/laravel/framework/src/Illuminate/Routing/Router.php(808): Illuminate\\Routing\\Route->run()
#10 /var/www/html/Thames/thamescc-backend/vendor/laravel/framework/src/Illuminate/Pipeline/Pipeline.php(170): Illuminate\\Routing\\Router->Illuminate\\Routing\\{closure}()
#11 /var/www/html/Thames/thamescc-backend/vendor/barryvdh/laravel-debugbar/src/Controllers/BaseController.php(29): Illuminate\\Pipeline\\Pipeline->Illuminate\\Pipeline\\{closure}()
#12 /var/www/html/Thames/thamescc-backend/vendor/laravel/framework/src/Illuminate/Pipeline/Pipeline.php(191): Barryvdh\\Debugbar\\Controllers\\BaseController->Barryvdh\\Debugbar\\Controllers\\{closure}()
#13 /var/www/html/Thames/thamescc-backend/vendor/barryvdh/laravel-debugbar/src/Middleware/DebugbarEnabled.php(41): Illuminate\\Pipeline\\Pipeline->Illuminate\\Pipeline\\{closure}()
#14 /var/www/html/Thames/thamescc-backend/vendor/laravel/framework/src/Illuminate/Pipeline/Pipeline.php(209): Barryvdh\\Debugbar\\Middleware\\DebugbarEnabled->handle()
#15 /var/www/html/Thames/thamescc-backend/vendor/laravel/framework/src/Illuminate/Pipeline/Pipeline.php(127): Illuminate\\Pipeline\\Pipeline->Illuminate\\Pipeline\\{closure}()
#16 /var/www/html/Thames/thamescc-backend/vendor/laravel/framework/src/Illuminate/Routing/Router.php(807): Illuminate\\Pipeline\\Pipeline->then()
#17 /var/www/html/Thames/thamescc-backend/vendor/laravel/framework/src/Illuminate/Routing/Router.php(786): Illuminate\\Routing\\Router->runRouteWithinStack()
#18 /var/www/html/Thames/thamescc-backend/vendor/laravel/framework/src/Illuminate/Routing/Router.php(750): Illuminate\\Routing\\Router->runRoute()
#19 /var/www/html/Thames/thamescc-backend/vendor/laravel/framework/src/Illuminate/Routing/Router.php(739): Illuminate\\Routing\\Router->dispatchToRoute()
#20 /var/www/html/Thames/thamescc-backend/vendor/laravel/framework/src/Illuminate/Foundation/Http/Kernel.php(201): Illuminate\\Routing\\Router->dispatch()
#21 /var/www/html/Thames/thamescc-backend/vendor/laravel/framework/src/Illuminate/Pipeline/Pipeline.php(170): Illuminate\\Foundation\\Http\\Kernel->Illuminate\\Foundation\\Http\\{closure}()
#22 /var/www/html/Thames/thamescc-backend/vendor/barryvdh/laravel-debugbar/src/Middleware/InjectDebugbar.php(66): Illuminate\\Pipeline\\Pipeline->Illuminate\\Pipeline\\{closure}()
#23 /var/www/html/Thames/thamescc-backend/vendor/laravel/framework/src/Illuminate/Pipeline/Pipeline.php(209): Barryvdh\\Debugbar\\Middleware\\InjectDebugbar->handle()
#24 /var/www/html/Thames/thamescc-backend/packages/Webkul/Installer/src/Http/Middleware/CanInstall.php(30): Illuminate\\Pipeline\\Pipeline->Illuminate\\Pipeline\\{closure}()
#25 /var/www/html/Thames/thamescc-backend/vendor/laravel/framework/src/Illuminate/Pipeline/Pipeline.php(209): Webkul\\Installer\\Http\\Middleware\\CanInstall->handle()
#26 /var/www/html/Thames/thamescc-backend/packages/Webkul/Core/src/Http/Middleware/SecureHeaders.php(29): Illuminate\\Pipeline\\Pipeline->Illuminate\\Pipeline\\{closure}()
#27 /var/www/html/Thames/thamescc-backend/vendor/laravel/framework/src/Illuminate/Pipeline/Pipeline.php(209): Webkul\\Core\\Http\\Middleware\\SecureHeaders->handle()
#28 /var/www/html/Thames/thamescc-backend/vendor/laravel/framework/src/Illuminate/Foundation/Http/Middleware/TransformsRequest.php(21): Illuminate\\Pipeline\\Pipeline->Illuminate\\Pipeline\\{closure}()
#29 /var/www/html/Thames/thamescc-backend/vendor/laravel/framework/src/Illuminate/Foundation/Http/Middleware/TrimStrings.php(51): Illuminate\\Foundation\\Http\\Middleware\\TransformsRequest->handle()
#30 /var/www/html/Thames/thamescc-backend/vendor/laravel/framework/src/Illuminate/Pipeline/Pipeline.php(209): Illuminate\\Foundation\\Http\\Middleware\\TrimStrings->handle()
#31 /var/www/html/Thames/thamescc-backend/vendor/laravel/framework/src/Illuminate/Http/Middleware/ValidatePostSize.php(27): Illuminate\\Pipeline\\Pipeline->Illuminate\\Pipeline\\{closure}()
#32 /var/www/html/Thames/thamescc-backend/vendor/laravel/framework/src/Illuminate/Pipeline/Pipeline.php(209): Illuminate\\Http\\Middleware\\ValidatePostSize->handle()
#33 /var/www/html/Thames/thamescc-backend/vendor/laravel/framework/src/Illuminate/Http/Middleware/HandleCors.php(49): Illuminate\\Pipeline\\Pipeline->Illuminate\\Pipeline\\{closure}()
#34 /var/www/html/Thames/thamescc-backend/vendor/laravel/framework/src/Illuminate/Pipeline/Pipeline.php(209): Illuminate\\Http\\Middleware\\HandleCors->handle()
#35 /var/www/html/Thames/thamescc-backend/vendor/laravel/framework/src/Illuminate/Http/Middleware/TrustProxies.php(58): Illuminate\\Pipeline\\Pipeline->Illuminate\\Pipeline\\{closure}()
#36 /var/www/html/Thames/thamescc-backend/vendor/laravel/framework/src/Illuminate/Pipeline/Pipeline.php(209): Illuminate\\Http\\Middleware\\TrustProxies->handle()
#37 /var/www/html/Thames/thamescc-backend/vendor/laravel/framework/src/Illuminate/Foundation/Http/Middleware/InvokeDeferredCallbacks.php(22): Illuminate\\Pipeline\\Pipeline->Illuminate\\Pipeline\\{closure}()
#38 /var/www/html/Thames/thamescc-backend/vendor/laravel/framework/src/Illuminate/Pipeline/Pipeline.php(209): Illuminate\\Foundation\\Http\\Middleware\\InvokeDeferredCallbacks->handle()
#39 /var/www/html/Thames/thamescc-backend/vendor/laravel/framework/src/Illuminate/Pipeline/Pipeline.php(127): Illuminate\\Pipeline\\Pipeline->Illuminate\\Pipeline\\{closure}()
#40 /var/www/html/Thames/thamescc-backend/vendor/laravel/framework/src/Illuminate/Foundation/Http/Kernel.php(176): Illuminate\\Pipeline\\Pipeline->then()
#41 /var/www/html/Thames/thamescc-backend/vendor/laravel/framework/src/Illuminate/Foundation/Http/Kernel.php(145): Illuminate\\Foundation\\Http\\Kernel->sendRequestThroughRouter()
#42 /var/www/html/Thames/thamescc-backend/public/index.php(51): Illuminate\\Foundation\\Http\\Kernel->handle()
#43 /var/www/html/Thames/thamescc-backend/vendor/laravel/framework/src/Illuminate/Foundation/resources/server.php(23): require_once('...')
#44 {main}
"} 
[2025-06-27 17:01:29] local.ERROR: File does not exist at path /var/www/html/Thames/thamescc-backend/storage/debugbar/01JY3T464400BHW58C4PGZ94V0.json. {"exception":"[object] (Illuminate\\Contracts\\Filesystem\\FileNotFoundException(code: 0): File does not exist at path /var/www/html/Thames/thamescc-backend/storage/debugbar/01JY3T464400BHW58C4PGZ94V0.json. at /var/www/html/Thames/thamescc-backend/vendor/laravel/framework/src/Illuminate/Filesystem/Filesystem.php:58)
[stacktrace]
#0 /var/www/html/Thames/thamescc-backend/vendor/barryvdh/laravel-debugbar/src/Storage/FilesystemStorage.php(84): Illuminate\\Filesystem\\Filesystem->get()
#1 /var/www/html/Thames/thamescc-backend/vendor/php-debugbar/php-debugbar/src/DebugBar/OpenHandler.php(106): Barryvdh\\Debugbar\\Storage\\FilesystemStorage->get()
#2 [internal function]: DebugBar\\OpenHandler->get()
#3 /var/www/html/Thames/thamescc-backend/vendor/php-debugbar/php-debugbar/src/DebugBar/OpenHandler.php(61): call_user_func()
#4 /var/www/html/Thames/thamescc-backend/vendor/barryvdh/laravel-debugbar/src/Controllers/OpenHandlerController.php(47): DebugBar\\OpenHandler->handle()
#5 /var/www/html/Thames/thamescc-backend/vendor/laravel/framework/src/Illuminate/Routing/Controller.php(54): Barryvdh\\Debugbar\\Controllers\\OpenHandlerController->handle()
#6 /var/www/html/Thames/thamescc-backend/vendor/laravel/framework/src/Illuminate/Routing/ControllerDispatcher.php(44): Illuminate\\Routing\\Controller->callAction()
#7 /var/www/html/Thames/thamescc-backend/vendor/laravel/framework/src/Illuminate/Routing/Route.php(266): Illuminate\\Routing\\ControllerDispatcher->dispatch()
#8 /var/www/html/Thames/thamescc-backend/vendor/laravel/framework/src/Illuminate/Routing/Route.php(212): Illuminate\\Routing\\Route->runController()
#9 /var/www/html/Thames/thamescc-backend/vendor/laravel/framework/src/Illuminate/Routing/Router.php(808): Illuminate\\Routing\\Route->run()
#10 /var/www/html/Thames/thamescc-backend/vendor/laravel/framework/src/Illuminate/Pipeline/Pipeline.php(170): Illuminate\\Routing\\Router->Illuminate\\Routing\\{closure}()
#11 /var/www/html/Thames/thamescc-backend/vendor/barryvdh/laravel-debugbar/src/Controllers/BaseController.php(29): Illuminate\\Pipeline\\Pipeline->Illuminate\\Pipeline\\{closure}()
#12 /var/www/html/Thames/thamescc-backend/vendor/laravel/framework/src/Illuminate/Pipeline/Pipeline.php(191): Barryvdh\\Debugbar\\Controllers\\BaseController->Barryvdh\\Debugbar\\Controllers\\{closure}()
#13 /var/www/html/Thames/thamescc-backend/vendor/barryvdh/laravel-debugbar/src/Middleware/DebugbarEnabled.php(41): Illuminate\\Pipeline\\Pipeline->Illuminate\\Pipeline\\{closure}()
#14 /var/www/html/Thames/thamescc-backend/vendor/laravel/framework/src/Illuminate/Pipeline/Pipeline.php(209): Barryvdh\\Debugbar\\Middleware\\DebugbarEnabled->handle()
#15 /var/www/html/Thames/thamescc-backend/vendor/laravel/framework/src/Illuminate/Pipeline/Pipeline.php(127): Illuminate\\Pipeline\\Pipeline->Illuminate\\Pipeline\\{closure}()
#16 /var/www/html/Thames/thamescc-backend/vendor/laravel/framework/src/Illuminate/Routing/Router.php(807): Illuminate\\Pipeline\\Pipeline->then()
#17 /var/www/html/Thames/thamescc-backend/vendor/laravel/framework/src/Illuminate/Routing/Router.php(786): Illuminate\\Routing\\Router->runRouteWithinStack()
#18 /var/www/html/Thames/thamescc-backend/vendor/laravel/framework/src/Illuminate/Routing/Router.php(750): Illuminate\\Routing\\Router->runRoute()
#19 /var/www/html/Thames/thamescc-backend/vendor/laravel/framework/src/Illuminate/Routing/Router.php(739): Illuminate\\Routing\\Router->dispatchToRoute()
#20 /var/www/html/Thames/thamescc-backend/vendor/laravel/framework/src/Illuminate/Foundation/Http/Kernel.php(201): Illuminate\\Routing\\Router->dispatch()
#21 /var/www/html/Thames/thamescc-backend/vendor/laravel/framework/src/Illuminate/Pipeline/Pipeline.php(170): Illuminate\\Foundation\\Http\\Kernel->Illuminate\\Foundation\\Http\\{closure}()
#22 /var/www/html/Thames/thamescc-backend/vendor/barryvdh/laravel-debugbar/src/Middleware/InjectDebugbar.php(66): Illuminate\\Pipeline\\Pipeline->Illuminate\\Pipeline\\{closure}()
#23 /var/www/html/Thames/thamescc-backend/vendor/laravel/framework/src/Illuminate/Pipeline/Pipeline.php(209): Barryvdh\\Debugbar\\Middleware\\InjectDebugbar->handle()
#24 /var/www/html/Thames/thamescc-backend/packages/Webkul/Installer/src/Http/Middleware/CanInstall.php(30): Illuminate\\Pipeline\\Pipeline->Illuminate\\Pipeline\\{closure}()
#25 /var/www/html/Thames/thamescc-backend/vendor/laravel/framework/src/Illuminate/Pipeline/Pipeline.php(209): Webkul\\Installer\\Http\\Middleware\\CanInstall->handle()
#26 /var/www/html/Thames/thamescc-backend/packages/Webkul/Core/src/Http/Middleware/SecureHeaders.php(29): Illuminate\\Pipeline\\Pipeline->Illuminate\\Pipeline\\{closure}()
#27 /var/www/html/Thames/thamescc-backend/vendor/laravel/framework/src/Illuminate/Pipeline/Pipeline.php(209): Webkul\\Core\\Http\\Middleware\\SecureHeaders->handle()
#28 /var/www/html/Thames/thamescc-backend/vendor/laravel/framework/src/Illuminate/Foundation/Http/Middleware/TransformsRequest.php(21): Illuminate\\Pipeline\\Pipeline->Illuminate\\Pipeline\\{closure}()
#29 /var/www/html/Thames/thamescc-backend/vendor/laravel/framework/src/Illuminate/Foundation/Http/Middleware/TrimStrings.php(51): Illuminate\\Foundation\\Http\\Middleware\\TransformsRequest->handle()
#30 /var/www/html/Thames/thamescc-backend/vendor/laravel/framework/src/Illuminate/Pipeline/Pipeline.php(209): Illuminate\\Foundation\\Http\\Middleware\\TrimStrings->handle()
#31 /var/www/html/Thames/thamescc-backend/vendor/laravel/framework/src/Illuminate/Http/Middleware/ValidatePostSize.php(27): Illuminate\\Pipeline\\Pipeline->Illuminate\\Pipeline\\{closure}()
#32 /var/www/html/Thames/thamescc-backend/vendor/laravel/framework/src/Illuminate/Pipeline/Pipeline.php(209): Illuminate\\Http\\Middleware\\ValidatePostSize->handle()
#33 /var/www/html/Thames/thamescc-backend/vendor/laravel/framework/src/Illuminate/Http/Middleware/HandleCors.php(49): Illuminate\\Pipeline\\Pipeline->Illuminate\\Pipeline\\{closure}()
#34 /var/www/html/Thames/thamescc-backend/vendor/laravel/framework/src/Illuminate/Pipeline/Pipeline.php(209): Illuminate\\Http\\Middleware\\HandleCors->handle()
#35 /var/www/html/Thames/thamescc-backend/vendor/laravel/framework/src/Illuminate/Http/Middleware/TrustProxies.php(58): Illuminate\\Pipeline\\Pipeline->Illuminate\\Pipeline\\{closure}()
#36 /var/www/html/Thames/thamescc-backend/vendor/laravel/framework/src/Illuminate/Pipeline/Pipeline.php(209): Illuminate\\Http\\Middleware\\TrustProxies->handle()
#37 /var/www/html/Thames/thamescc-backend/vendor/laravel/framework/src/Illuminate/Foundation/Http/Middleware/InvokeDeferredCallbacks.php(22): Illuminate\\Pipeline\\Pipeline->Illuminate\\Pipeline\\{closure}()
#38 /var/www/html/Thames/thamescc-backend/vendor/laravel/framework/src/Illuminate/Pipeline/Pipeline.php(209): Illuminate\\Foundation\\Http\\Middleware\\InvokeDeferredCallbacks->handle()
#39 /var/www/html/Thames/thamescc-backend/vendor/laravel/framework/src/Illuminate/Pipeline/Pipeline.php(127): Illuminate\\Pipeline\\Pipeline->Illuminate\\Pipeline\\{closure}()
#40 /var/www/html/Thames/thamescc-backend/vendor/laravel/framework/src/Illuminate/Foundation/Http/Kernel.php(176): Illuminate\\Pipeline\\Pipeline->then()
#41 /var/www/html/Thames/thamescc-backend/vendor/laravel/framework/src/Illuminate/Foundation/Http/Kernel.php(145): Illuminate\\Foundation\\Http\\Kernel->sendRequestThroughRouter()
#42 /var/www/html/Thames/thamescc-backend/public/index.php(51): Illuminate\\Foundation\\Http\\Kernel->handle()
#43 /var/www/html/Thames/thamescc-backend/vendor/laravel/framework/src/Illuminate/Foundation/resources/server.php(23): require_once('...')
#44 {main}
"} 
[2025-06-27 17:01:29] local.ERROR: File does not exist at path /var/www/html/Thames/thamescc-backend/storage/debugbar/01JY3STTY48JZBT3VMXVPQ2VQ8.json. {"exception":"[object] (Illuminate\\Contracts\\Filesystem\\FileNotFoundException(code: 0): File does not exist at path /var/www/html/Thames/thamescc-backend/storage/debugbar/01JY3STTY48JZBT3VMXVPQ2VQ8.json. at /var/www/html/Thames/thamescc-backend/vendor/laravel/framework/src/Illuminate/Filesystem/Filesystem.php:58)
[stacktrace]
#0 /var/www/html/Thames/thamescc-backend/vendor/barryvdh/laravel-debugbar/src/Storage/FilesystemStorage.php(84): Illuminate\\Filesystem\\Filesystem->get()
#1 /var/www/html/Thames/thamescc-backend/vendor/php-debugbar/php-debugbar/src/DebugBar/OpenHandler.php(106): Barryvdh\\Debugbar\\Storage\\FilesystemStorage->get()
#2 [internal function]: DebugBar\\OpenHandler->get()
#3 /var/www/html/Thames/thamescc-backend/vendor/php-debugbar/php-debugbar/src/DebugBar/OpenHandler.php(61): call_user_func()
#4 /var/www/html/Thames/thamescc-backend/vendor/barryvdh/laravel-debugbar/src/Controllers/OpenHandlerController.php(47): DebugBar\\OpenHandler->handle()
#5 /var/www/html/Thames/thamescc-backend/vendor/laravel/framework/src/Illuminate/Routing/Controller.php(54): Barryvdh\\Debugbar\\Controllers\\OpenHandlerController->handle()
#6 /var/www/html/Thames/thamescc-backend/vendor/laravel/framework/src/Illuminate/Routing/ControllerDispatcher.php(44): Illuminate\\Routing\\Controller->callAction()
#7 /var/www/html/Thames/thamescc-backend/vendor/laravel/framework/src/Illuminate/Routing/Route.php(266): Illuminate\\Routing\\ControllerDispatcher->dispatch()
#8 /var/www/html/Thames/thamescc-backend/vendor/laravel/framework/src/Illuminate/Routing/Route.php(212): Illuminate\\Routing\\Route->runController()
#9 /var/www/html/Thames/thamescc-backend/vendor/laravel/framework/src/Illuminate/Routing/Router.php(808): Illuminate\\Routing\\Route->run()
#10 /var/www/html/Thames/thamescc-backend/vendor/laravel/framework/src/Illuminate/Pipeline/Pipeline.php(170): Illuminate\\Routing\\Router->Illuminate\\Routing\\{closure}()
#11 /var/www/html/Thames/thamescc-backend/vendor/barryvdh/laravel-debugbar/src/Controllers/BaseController.php(29): Illuminate\\Pipeline\\Pipeline->Illuminate\\Pipeline\\{closure}()
#12 /var/www/html/Thames/thamescc-backend/vendor/laravel/framework/src/Illuminate/Pipeline/Pipeline.php(191): Barryvdh\\Debugbar\\Controllers\\BaseController->Barryvdh\\Debugbar\\Controllers\\{closure}()
#13 /var/www/html/Thames/thamescc-backend/vendor/barryvdh/laravel-debugbar/src/Middleware/DebugbarEnabled.php(41): Illuminate\\Pipeline\\Pipeline->Illuminate\\Pipeline\\{closure}()
#14 /var/www/html/Thames/thamescc-backend/vendor/laravel/framework/src/Illuminate/Pipeline/Pipeline.php(209): Barryvdh\\Debugbar\\Middleware\\DebugbarEnabled->handle()
#15 /var/www/html/Thames/thamescc-backend/vendor/laravel/framework/src/Illuminate/Pipeline/Pipeline.php(127): Illuminate\\Pipeline\\Pipeline->Illuminate\\Pipeline\\{closure}()
#16 /var/www/html/Thames/thamescc-backend/vendor/laravel/framework/src/Illuminate/Routing/Router.php(807): Illuminate\\Pipeline\\Pipeline->then()
#17 /var/www/html/Thames/thamescc-backend/vendor/laravel/framework/src/Illuminate/Routing/Router.php(786): Illuminate\\Routing\\Router->runRouteWithinStack()
#18 /var/www/html/Thames/thamescc-backend/vendor/laravel/framework/src/Illuminate/Routing/Router.php(750): Illuminate\\Routing\\Router->runRoute()
#19 /var/www/html/Thames/thamescc-backend/vendor/laravel/framework/src/Illuminate/Routing/Router.php(739): Illuminate\\Routing\\Router->dispatchToRoute()
#20 /var/www/html/Thames/thamescc-backend/vendor/laravel/framework/src/Illuminate/Foundation/Http/Kernel.php(201): Illuminate\\Routing\\Router->dispatch()
#21 /var/www/html/Thames/thamescc-backend/vendor/laravel/framework/src/Illuminate/Pipeline/Pipeline.php(170): Illuminate\\Foundation\\Http\\Kernel->Illuminate\\Foundation\\Http\\{closure}()
#22 /var/www/html/Thames/thamescc-backend/vendor/barryvdh/laravel-debugbar/src/Middleware/InjectDebugbar.php(66): Illuminate\\Pipeline\\Pipeline->Illuminate\\Pipeline\\{closure}()
#23 /var/www/html/Thames/thamescc-backend/vendor/laravel/framework/src/Illuminate/Pipeline/Pipeline.php(209): Barryvdh\\Debugbar\\Middleware\\InjectDebugbar->handle()
#24 /var/www/html/Thames/thamescc-backend/packages/Webkul/Installer/src/Http/Middleware/CanInstall.php(30): Illuminate\\Pipeline\\Pipeline->Illuminate\\Pipeline\\{closure}()
#25 /var/www/html/Thames/thamescc-backend/vendor/laravel/framework/src/Illuminate/Pipeline/Pipeline.php(209): Webkul\\Installer\\Http\\Middleware\\CanInstall->handle()
#26 /var/www/html/Thames/thamescc-backend/packages/Webkul/Core/src/Http/Middleware/SecureHeaders.php(29): Illuminate\\Pipeline\\Pipeline->Illuminate\\Pipeline\\{closure}()
#27 /var/www/html/Thames/thamescc-backend/vendor/laravel/framework/src/Illuminate/Pipeline/Pipeline.php(209): Webkul\\Core\\Http\\Middleware\\SecureHeaders->handle()
#28 /var/www/html/Thames/thamescc-backend/vendor/laravel/framework/src/Illuminate/Foundation/Http/Middleware/TransformsRequest.php(21): Illuminate\\Pipeline\\Pipeline->Illuminate\\Pipeline\\{closure}()
#29 /var/www/html/Thames/thamescc-backend/vendor/laravel/framework/src/Illuminate/Foundation/Http/Middleware/TrimStrings.php(51): Illuminate\\Foundation\\Http\\Middleware\\TransformsRequest->handle()
#30 /var/www/html/Thames/thamescc-backend/vendor/laravel/framework/src/Illuminate/Pipeline/Pipeline.php(209): Illuminate\\Foundation\\Http\\Middleware\\TrimStrings->handle()
#31 /var/www/html/Thames/thamescc-backend/vendor/laravel/framework/src/Illuminate/Http/Middleware/ValidatePostSize.php(27): Illuminate\\Pipeline\\Pipeline->Illuminate\\Pipeline\\{closure}()
#32 /var/www/html/Thames/thamescc-backend/vendor/laravel/framework/src/Illuminate/Pipeline/Pipeline.php(209): Illuminate\\Http\\Middleware\\ValidatePostSize->handle()
#33 /var/www/html/Thames/thamescc-backend/vendor/laravel/framework/src/Illuminate/Http/Middleware/HandleCors.php(49): Illuminate\\Pipeline\\Pipeline->Illuminate\\Pipeline\\{closure}()
#34 /var/www/html/Thames/thamescc-backend/vendor/laravel/framework/src/Illuminate/Pipeline/Pipeline.php(209): Illuminate\\Http\\Middleware\\HandleCors->handle()
#35 /var/www/html/Thames/thamescc-backend/vendor/laravel/framework/src/Illuminate/Http/Middleware/TrustProxies.php(58): Illuminate\\Pipeline\\Pipeline->Illuminate\\Pipeline\\{closure}()
#36 /var/www/html/Thames/thamescc-backend/vendor/laravel/framework/src/Illuminate/Pipeline/Pipeline.php(209): Illuminate\\Http\\Middleware\\TrustProxies->handle()
#37 /var/www/html/Thames/thamescc-backend/vendor/laravel/framework/src/Illuminate/Foundation/Http/Middleware/InvokeDeferredCallbacks.php(22): Illuminate\\Pipeline\\Pipeline->Illuminate\\Pipeline\\{closure}()
#38 /var/www/html/Thames/thamescc-backend/vendor/laravel/framework/src/Illuminate/Pipeline/Pipeline.php(209): Illuminate\\Foundation\\Http\\Middleware\\InvokeDeferredCallbacks->handle()
#39 /var/www/html/Thames/thamescc-backend/vendor/laravel/framework/src/Illuminate/Pipeline/Pipeline.php(127): Illuminate\\Pipeline\\Pipeline->Illuminate\\Pipeline\\{closure}()
#40 /var/www/html/Thames/thamescc-backend/vendor/laravel/framework/src/Illuminate/Foundation/Http/Kernel.php(176): Illuminate\\Pipeline\\Pipeline->then()
#41 /var/www/html/Thames/thamescc-backend/vendor/laravel/framework/src/Illuminate/Foundation/Http/Kernel.php(145): Illuminate\\Foundation\\Http\\Kernel->sendRequestThroughRouter()
#42 /var/www/html/Thames/thamescc-backend/public/index.php(51): Illuminate\\Foundation\\Http\\Kernel->handle()
#43 /var/www/html/Thames/thamescc-backend/vendor/laravel/framework/src/Illuminate/Foundation/resources/server.php(23): require_once('...')
#44 {main}
"} 
[2025-06-27 17:01:29] local.ERROR: File does not exist at path /var/www/html/Thames/thamescc-backend/storage/debugbar/01JY5WYRXNHKVZTW0HGNXFEKPZ.json. {"exception":"[object] (Illuminate\\Contracts\\Filesystem\\FileNotFoundException(code: 0): File does not exist at path /var/www/html/Thames/thamescc-backend/storage/debugbar/01JY5WYRXNHKVZTW0HGNXFEKPZ.json. at /var/www/html/Thames/thamescc-backend/vendor/laravel/framework/src/Illuminate/Filesystem/Filesystem.php:58)
[stacktrace]
#0 /var/www/html/Thames/thamescc-backend/vendor/barryvdh/laravel-debugbar/src/Storage/FilesystemStorage.php(84): Illuminate\\Filesystem\\Filesystem->get()
#1 /var/www/html/Thames/thamescc-backend/vendor/php-debugbar/php-debugbar/src/DebugBar/OpenHandler.php(106): Barryvdh\\Debugbar\\Storage\\FilesystemStorage->get()
#2 [internal function]: DebugBar\\OpenHandler->get()
#3 /var/www/html/Thames/thamescc-backend/vendor/php-debugbar/php-debugbar/src/DebugBar/OpenHandler.php(61): call_user_func()
#4 /var/www/html/Thames/thamescc-backend/vendor/barryvdh/laravel-debugbar/src/Controllers/OpenHandlerController.php(47): DebugBar\\OpenHandler->handle()
#5 /var/www/html/Thames/thamescc-backend/vendor/laravel/framework/src/Illuminate/Routing/Controller.php(54): Barryvdh\\Debugbar\\Controllers\\OpenHandlerController->handle()
#6 /var/www/html/Thames/thamescc-backend/vendor/laravel/framework/src/Illuminate/Routing/ControllerDispatcher.php(44): Illuminate\\Routing\\Controller->callAction()
#7 /var/www/html/Thames/thamescc-backend/vendor/laravel/framework/src/Illuminate/Routing/Route.php(266): Illuminate\\Routing\\ControllerDispatcher->dispatch()
#8 /var/www/html/Thames/thamescc-backend/vendor/laravel/framework/src/Illuminate/Routing/Route.php(212): Illuminate\\Routing\\Route->runController()
#9 /var/www/html/Thames/thamescc-backend/vendor/laravel/framework/src/Illuminate/Routing/Router.php(808): Illuminate\\Routing\\Route->run()
#10 /var/www/html/Thames/thamescc-backend/vendor/laravel/framework/src/Illuminate/Pipeline/Pipeline.php(170): Illuminate\\Routing\\Router->Illuminate\\Routing\\{closure}()
#11 /var/www/html/Thames/thamescc-backend/vendor/barryvdh/laravel-debugbar/src/Controllers/BaseController.php(29): Illuminate\\Pipeline\\Pipeline->Illuminate\\Pipeline\\{closure}()
#12 /var/www/html/Thames/thamescc-backend/vendor/laravel/framework/src/Illuminate/Pipeline/Pipeline.php(191): Barryvdh\\Debugbar\\Controllers\\BaseController->Barryvdh\\Debugbar\\Controllers\\{closure}()
#13 /var/www/html/Thames/thamescc-backend/vendor/barryvdh/laravel-debugbar/src/Middleware/DebugbarEnabled.php(41): Illuminate\\Pipeline\\Pipeline->Illuminate\\Pipeline\\{closure}()
#14 /var/www/html/Thames/thamescc-backend/vendor/laravel/framework/src/Illuminate/Pipeline/Pipeline.php(209): Barryvdh\\Debugbar\\Middleware\\DebugbarEnabled->handle()
#15 /var/www/html/Thames/thamescc-backend/vendor/laravel/framework/src/Illuminate/Pipeline/Pipeline.php(127): Illuminate\\Pipeline\\Pipeline->Illuminate\\Pipeline\\{closure}()
#16 /var/www/html/Thames/thamescc-backend/vendor/laravel/framework/src/Illuminate/Routing/Router.php(807): Illuminate\\Pipeline\\Pipeline->then()
#17 /var/www/html/Thames/thamescc-backend/vendor/laravel/framework/src/Illuminate/Routing/Router.php(786): Illuminate\\Routing\\Router->runRouteWithinStack()
#18 /var/www/html/Thames/thamescc-backend/vendor/laravel/framework/src/Illuminate/Routing/Router.php(750): Illuminate\\Routing\\Router->runRoute()
#19 /var/www/html/Thames/thamescc-backend/vendor/laravel/framework/src/Illuminate/Routing/Router.php(739): Illuminate\\Routing\\Router->dispatchToRoute()
#20 /var/www/html/Thames/thamescc-backend/vendor/laravel/framework/src/Illuminate/Foundation/Http/Kernel.php(201): Illuminate\\Routing\\Router->dispatch()
#21 /var/www/html/Thames/thamescc-backend/vendor/laravel/framework/src/Illuminate/Pipeline/Pipeline.php(170): Illuminate\\Foundation\\Http\\Kernel->Illuminate\\Foundation\\Http\\{closure}()
#22 /var/www/html/Thames/thamescc-backend/vendor/barryvdh/laravel-debugbar/src/Middleware/InjectDebugbar.php(66): Illuminate\\Pipeline\\Pipeline->Illuminate\\Pipeline\\{closure}()
#23 /var/www/html/Thames/thamescc-backend/vendor/laravel/framework/src/Illuminate/Pipeline/Pipeline.php(209): Barryvdh\\Debugbar\\Middleware\\InjectDebugbar->handle()
#24 /var/www/html/Thames/thamescc-backend/packages/Webkul/Installer/src/Http/Middleware/CanInstall.php(30): Illuminate\\Pipeline\\Pipeline->Illuminate\\Pipeline\\{closure}()
#25 /var/www/html/Thames/thamescc-backend/vendor/laravel/framework/src/Illuminate/Pipeline/Pipeline.php(209): Webkul\\Installer\\Http\\Middleware\\CanInstall->handle()
#26 /var/www/html/Thames/thamescc-backend/packages/Webkul/Core/src/Http/Middleware/SecureHeaders.php(29): Illuminate\\Pipeline\\Pipeline->Illuminate\\Pipeline\\{closure}()
#27 /var/www/html/Thames/thamescc-backend/vendor/laravel/framework/src/Illuminate/Pipeline/Pipeline.php(209): Webkul\\Core\\Http\\Middleware\\SecureHeaders->handle()
#28 /var/www/html/Thames/thamescc-backend/vendor/laravel/framework/src/Illuminate/Foundation/Http/Middleware/TransformsRequest.php(21): Illuminate\\Pipeline\\Pipeline->Illuminate\\Pipeline\\{closure}()
#29 /var/www/html/Thames/thamescc-backend/vendor/laravel/framework/src/Illuminate/Foundation/Http/Middleware/TrimStrings.php(51): Illuminate\\Foundation\\Http\\Middleware\\TransformsRequest->handle()
#30 /var/www/html/Thames/thamescc-backend/vendor/laravel/framework/src/Illuminate/Pipeline/Pipeline.php(209): Illuminate\\Foundation\\Http\\Middleware\\TrimStrings->handle()
#31 /var/www/html/Thames/thamescc-backend/vendor/laravel/framework/src/Illuminate/Http/Middleware/ValidatePostSize.php(27): Illuminate\\Pipeline\\Pipeline->Illuminate\\Pipeline\\{closure}()
#32 /var/www/html/Thames/thamescc-backend/vendor/laravel/framework/src/Illuminate/Pipeline/Pipeline.php(209): Illuminate\\Http\\Middleware\\ValidatePostSize->handle()
#33 /var/www/html/Thames/thamescc-backend/vendor/laravel/framework/src/Illuminate/Http/Middleware/HandleCors.php(49): Illuminate\\Pipeline\\Pipeline->Illuminate\\Pipeline\\{closure}()
#34 /var/www/html/Thames/thamescc-backend/vendor/laravel/framework/src/Illuminate/Pipeline/Pipeline.php(209): Illuminate\\Http\\Middleware\\HandleCors->handle()
#35 /var/www/html/Thames/thamescc-backend/vendor/laravel/framework/src/Illuminate/Http/Middleware/TrustProxies.php(58): Illuminate\\Pipeline\\Pipeline->Illuminate\\Pipeline\\{closure}()
#36 /var/www/html/Thames/thamescc-backend/vendor/laravel/framework/src/Illuminate/Pipeline/Pipeline.php(209): Illuminate\\Http\\Middleware\\TrustProxies->handle()
#37 /var/www/html/Thames/thamescc-backend/vendor/laravel/framework/src/Illuminate/Foundation/Http/Middleware/InvokeDeferredCallbacks.php(22): Illuminate\\Pipeline\\Pipeline->Illuminate\\Pipeline\\{closure}()
#38 /var/www/html/Thames/thamescc-backend/vendor/laravel/framework/src/Illuminate/Pipeline/Pipeline.php(209): Illuminate\\Foundation\\Http\\Middleware\\InvokeDeferredCallbacks->handle()
#39 /var/www/html/Thames/thamescc-backend/vendor/laravel/framework/src/Illuminate/Pipeline/Pipeline.php(127): Illuminate\\Pipeline\\Pipeline->Illuminate\\Pipeline\\{closure}()
#40 /var/www/html/Thames/thamescc-backend/vendor/laravel/framework/src/Illuminate/Foundation/Http/Kernel.php(176): Illuminate\\Pipeline\\Pipeline->then()
#41 /var/www/html/Thames/thamescc-backend/vendor/laravel/framework/src/Illuminate/Foundation/Http/Kernel.php(145): Illuminate\\Foundation\\Http\\Kernel->sendRequestThroughRouter()
#42 /var/www/html/Thames/thamescc-backend/public/index.php(51): Illuminate\\Foundation\\Http\\Kernel->handle()
#43 /var/www/html/Thames/thamescc-backend/vendor/laravel/framework/src/Illuminate/Foundation/resources/server.php(23): require_once('...')
#44 {main}
"} 
[2025-06-27 17:01:29] local.ERROR: File does not exist at path /var/www/html/Thames/thamescc-backend/storage/debugbar/01JY3T464400BHW58C4PGZ94V0.json. {"exception":"[object] (Illuminate\\Contracts\\Filesystem\\FileNotFoundException(code: 0): File does not exist at path /var/www/html/Thames/thamescc-backend/storage/debugbar/01JY3T464400BHW58C4PGZ94V0.json. at /var/www/html/Thames/thamescc-backend/vendor/laravel/framework/src/Illuminate/Filesystem/Filesystem.php:58)
[stacktrace]
#0 /var/www/html/Thames/thamescc-backend/vendor/barryvdh/laravel-debugbar/src/Storage/FilesystemStorage.php(84): Illuminate\\Filesystem\\Filesystem->get()
#1 /var/www/html/Thames/thamescc-backend/vendor/php-debugbar/php-debugbar/src/DebugBar/OpenHandler.php(106): Barryvdh\\Debugbar\\Storage\\FilesystemStorage->get()
#2 [internal function]: DebugBar\\OpenHandler->get()
#3 /var/www/html/Thames/thamescc-backend/vendor/php-debugbar/php-debugbar/src/DebugBar/OpenHandler.php(61): call_user_func()
#4 /var/www/html/Thames/thamescc-backend/vendor/barryvdh/laravel-debugbar/src/Controllers/OpenHandlerController.php(47): DebugBar\\OpenHandler->handle()
#5 /var/www/html/Thames/thamescc-backend/vendor/laravel/framework/src/Illuminate/Routing/Controller.php(54): Barryvdh\\Debugbar\\Controllers\\OpenHandlerController->handle()
#6 /var/www/html/Thames/thamescc-backend/vendor/laravel/framework/src/Illuminate/Routing/ControllerDispatcher.php(44): Illuminate\\Routing\\Controller->callAction()
#7 /var/www/html/Thames/thamescc-backend/vendor/laravel/framework/src/Illuminate/Routing/Route.php(266): Illuminate\\Routing\\ControllerDispatcher->dispatch()
#8 /var/www/html/Thames/thamescc-backend/vendor/laravel/framework/src/Illuminate/Routing/Route.php(212): Illuminate\\Routing\\Route->runController()
#9 /var/www/html/Thames/thamescc-backend/vendor/laravel/framework/src/Illuminate/Routing/Router.php(808): Illuminate\\Routing\\Route->run()
#10 /var/www/html/Thames/thamescc-backend/vendor/laravel/framework/src/Illuminate/Pipeline/Pipeline.php(170): Illuminate\\Routing\\Router->Illuminate\\Routing\\{closure}()
#11 /var/www/html/Thames/thamescc-backend/vendor/barryvdh/laravel-debugbar/src/Controllers/BaseController.php(29): Illuminate\\Pipeline\\Pipeline->Illuminate\\Pipeline\\{closure}()
#12 /var/www/html/Thames/thamescc-backend/vendor/laravel/framework/src/Illuminate/Pipeline/Pipeline.php(191): Barryvdh\\Debugbar\\Controllers\\BaseController->Barryvdh\\Debugbar\\Controllers\\{closure}()
#13 /var/www/html/Thames/thamescc-backend/vendor/barryvdh/laravel-debugbar/src/Middleware/DebugbarEnabled.php(41): Illuminate\\Pipeline\\Pipeline->Illuminate\\Pipeline\\{closure}()
#14 /var/www/html/Thames/thamescc-backend/vendor/laravel/framework/src/Illuminate/Pipeline/Pipeline.php(209): Barryvdh\\Debugbar\\Middleware\\DebugbarEnabled->handle()
#15 /var/www/html/Thames/thamescc-backend/vendor/laravel/framework/src/Illuminate/Pipeline/Pipeline.php(127): Illuminate\\Pipeline\\Pipeline->Illuminate\\Pipeline\\{closure}()
#16 /var/www/html/Thames/thamescc-backend/vendor/laravel/framework/src/Illuminate/Routing/Router.php(807): Illuminate\\Pipeline\\Pipeline->then()
#17 /var/www/html/Thames/thamescc-backend/vendor/laravel/framework/src/Illuminate/Routing/Router.php(786): Illuminate\\Routing\\Router->runRouteWithinStack()
#18 /var/www/html/Thames/thamescc-backend/vendor/laravel/framework/src/Illuminate/Routing/Router.php(750): Illuminate\\Routing\\Router->runRoute()
#19 /var/www/html/Thames/thamescc-backend/vendor/laravel/framework/src/Illuminate/Routing/Router.php(739): Illuminate\\Routing\\Router->dispatchToRoute()
#20 /var/www/html/Thames/thamescc-backend/vendor/laravel/framework/src/Illuminate/Foundation/Http/Kernel.php(201): Illuminate\\Routing\\Router->dispatch()
#21 /var/www/html/Thames/thamescc-backend/vendor/laravel/framework/src/Illuminate/Pipeline/Pipeline.php(170): Illuminate\\Foundation\\Http\\Kernel->Illuminate\\Foundation\\Http\\{closure}()
#22 /var/www/html/Thames/thamescc-backend/vendor/barryvdh/laravel-debugbar/src/Middleware/InjectDebugbar.php(66): Illuminate\\Pipeline\\Pipeline->Illuminate\\Pipeline\\{closure}()
#23 /var/www/html/Thames/thamescc-backend/vendor/laravel/framework/src/Illuminate/Pipeline/Pipeline.php(209): Barryvdh\\Debugbar\\Middleware\\InjectDebugbar->handle()
#24 /var/www/html/Thames/thamescc-backend/packages/Webkul/Installer/src/Http/Middleware/CanInstall.php(30): Illuminate\\Pipeline\\Pipeline->Illuminate\\Pipeline\\{closure}()
#25 /var/www/html/Thames/thamescc-backend/vendor/laravel/framework/src/Illuminate/Pipeline/Pipeline.php(209): Webkul\\Installer\\Http\\Middleware\\CanInstall->handle()
#26 /var/www/html/Thames/thamescc-backend/packages/Webkul/Core/src/Http/Middleware/SecureHeaders.php(29): Illuminate\\Pipeline\\Pipeline->Illuminate\\Pipeline\\{closure}()
#27 /var/www/html/Thames/thamescc-backend/vendor/laravel/framework/src/Illuminate/Pipeline/Pipeline.php(209): Webkul\\Core\\Http\\Middleware\\SecureHeaders->handle()
#28 /var/www/html/Thames/thamescc-backend/vendor/laravel/framework/src/Illuminate/Foundation/Http/Middleware/TransformsRequest.php(21): Illuminate\\Pipeline\\Pipeline->Illuminate\\Pipeline\\{closure}()
#29 /var/www/html/Thames/thamescc-backend/vendor/laravel/framework/src/Illuminate/Foundation/Http/Middleware/TrimStrings.php(51): Illuminate\\Foundation\\Http\\Middleware\\TransformsRequest->handle()
#30 /var/www/html/Thames/thamescc-backend/vendor/laravel/framework/src/Illuminate/Pipeline/Pipeline.php(209): Illuminate\\Foundation\\Http\\Middleware\\TrimStrings->handle()
#31 /var/www/html/Thames/thamescc-backend/vendor/laravel/framework/src/Illuminate/Http/Middleware/ValidatePostSize.php(27): Illuminate\\Pipeline\\Pipeline->Illuminate\\Pipeline\\{closure}()
#32 /var/www/html/Thames/thamescc-backend/vendor/laravel/framework/src/Illuminate/Pipeline/Pipeline.php(209): Illuminate\\Http\\Middleware\\ValidatePostSize->handle()
#33 /var/www/html/Thames/thamescc-backend/vendor/laravel/framework/src/Illuminate/Http/Middleware/HandleCors.php(49): Illuminate\\Pipeline\\Pipeline->Illuminate\\Pipeline\\{closure}()
#34 /var/www/html/Thames/thamescc-backend/vendor/laravel/framework/src/Illuminate/Pipeline/Pipeline.php(209): Illuminate\\Http\\Middleware\\HandleCors->handle()
#35 /var/www/html/Thames/thamescc-backend/vendor/laravel/framework/src/Illuminate/Http/Middleware/TrustProxies.php(58): Illuminate\\Pipeline\\Pipeline->Illuminate\\Pipeline\\{closure}()
#36 /var/www/html/Thames/thamescc-backend/vendor/laravel/framework/src/Illuminate/Pipeline/Pipeline.php(209): Illuminate\\Http\\Middleware\\TrustProxies->handle()
#37 /var/www/html/Thames/thamescc-backend/vendor/laravel/framework/src/Illuminate/Foundation/Http/Middleware/InvokeDeferredCallbacks.php(22): Illuminate\\Pipeline\\Pipeline->Illuminate\\Pipeline\\{closure}()
#38 /var/www/html/Thames/thamescc-backend/vendor/laravel/framework/src/Illuminate/Pipeline/Pipeline.php(209): Illuminate\\Foundation\\Http\\Middleware\\InvokeDeferredCallbacks->handle()
#39 /var/www/html/Thames/thamescc-backend/vendor/laravel/framework/src/Illuminate/Pipeline/Pipeline.php(127): Illuminate\\Pipeline\\Pipeline->Illuminate\\Pipeline\\{closure}()
#40 /var/www/html/Thames/thamescc-backend/vendor/laravel/framework/src/Illuminate/Foundation/Http/Kernel.php(176): Illuminate\\Pipeline\\Pipeline->then()
#41 /var/www/html/Thames/thamescc-backend/vendor/laravel/framework/src/Illuminate/Foundation/Http/Kernel.php(145): Illuminate\\Foundation\\Http\\Kernel->sendRequestThroughRouter()
#42 /var/www/html/Thames/thamescc-backend/public/index.php(51): Illuminate\\Foundation\\Http\\Kernel->handle()
#43 /var/www/html/Thames/thamescc-backend/vendor/laravel/framework/src/Illuminate/Foundation/resources/server.php(23): require_once('...')
#44 {main}
"} 
[2025-06-27 17:01:29] local.ERROR: File does not exist at path /var/www/html/Thames/thamescc-backend/storage/debugbar/01JY3T467CZ7A5PG6CHKB7BYXX.json. {"exception":"[object] (Illuminate\\Contracts\\Filesystem\\FileNotFoundException(code: 0): File does not exist at path /var/www/html/Thames/thamescc-backend/storage/debugbar/01JY3T467CZ7A5PG6CHKB7BYXX.json. at /var/www/html/Thames/thamescc-backend/vendor/laravel/framework/src/Illuminate/Filesystem/Filesystem.php:58)
[stacktrace]
#0 /var/www/html/Thames/thamescc-backend/vendor/barryvdh/laravel-debugbar/src/Storage/FilesystemStorage.php(84): Illuminate\\Filesystem\\Filesystem->get()
#1 /var/www/html/Thames/thamescc-backend/vendor/php-debugbar/php-debugbar/src/DebugBar/OpenHandler.php(106): Barryvdh\\Debugbar\\Storage\\FilesystemStorage->get()
#2 [internal function]: DebugBar\\OpenHandler->get()
#3 /var/www/html/Thames/thamescc-backend/vendor/php-debugbar/php-debugbar/src/DebugBar/OpenHandler.php(61): call_user_func()
#4 /var/www/html/Thames/thamescc-backend/vendor/barryvdh/laravel-debugbar/src/Controllers/OpenHandlerController.php(47): DebugBar\\OpenHandler->handle()
#5 /var/www/html/Thames/thamescc-backend/vendor/laravel/framework/src/Illuminate/Routing/Controller.php(54): Barryvdh\\Debugbar\\Controllers\\OpenHandlerController->handle()
#6 /var/www/html/Thames/thamescc-backend/vendor/laravel/framework/src/Illuminate/Routing/ControllerDispatcher.php(44): Illuminate\\Routing\\Controller->callAction()
#7 /var/www/html/Thames/thamescc-backend/vendor/laravel/framework/src/Illuminate/Routing/Route.php(266): Illuminate\\Routing\\ControllerDispatcher->dispatch()
#8 /var/www/html/Thames/thamescc-backend/vendor/laravel/framework/src/Illuminate/Routing/Route.php(212): Illuminate\\Routing\\Route->runController()
#9 /var/www/html/Thames/thamescc-backend/vendor/laravel/framework/src/Illuminate/Routing/Router.php(808): Illuminate\\Routing\\Route->run()
#10 /var/www/html/Thames/thamescc-backend/vendor/laravel/framework/src/Illuminate/Pipeline/Pipeline.php(170): Illuminate\\Routing\\Router->Illuminate\\Routing\\{closure}()
#11 /var/www/html/Thames/thamescc-backend/vendor/barryvdh/laravel-debugbar/src/Controllers/BaseController.php(29): Illuminate\\Pipeline\\Pipeline->Illuminate\\Pipeline\\{closure}()
#12 /var/www/html/Thames/thamescc-backend/vendor/laravel/framework/src/Illuminate/Pipeline/Pipeline.php(191): Barryvdh\\Debugbar\\Controllers\\BaseController->Barryvdh\\Debugbar\\Controllers\\{closure}()
#13 /var/www/html/Thames/thamescc-backend/vendor/barryvdh/laravel-debugbar/src/Middleware/DebugbarEnabled.php(41): Illuminate\\Pipeline\\Pipeline->Illuminate\\Pipeline\\{closure}()
#14 /var/www/html/Thames/thamescc-backend/vendor/laravel/framework/src/Illuminate/Pipeline/Pipeline.php(209): Barryvdh\\Debugbar\\Middleware\\DebugbarEnabled->handle()
#15 /var/www/html/Thames/thamescc-backend/vendor/laravel/framework/src/Illuminate/Pipeline/Pipeline.php(127): Illuminate\\Pipeline\\Pipeline->Illuminate\\Pipeline\\{closure}()
#16 /var/www/html/Thames/thamescc-backend/vendor/laravel/framework/src/Illuminate/Routing/Router.php(807): Illuminate\\Pipeline\\Pipeline->then()
#17 /var/www/html/Thames/thamescc-backend/vendor/laravel/framework/src/Illuminate/Routing/Router.php(786): Illuminate\\Routing\\Router->runRouteWithinStack()
#18 /var/www/html/Thames/thamescc-backend/vendor/laravel/framework/src/Illuminate/Routing/Router.php(750): Illuminate\\Routing\\Router->runRoute()
#19 /var/www/html/Thames/thamescc-backend/vendor/laravel/framework/src/Illuminate/Routing/Router.php(739): Illuminate\\Routing\\Router->dispatchToRoute()
#20 /var/www/html/Thames/thamescc-backend/vendor/laravel/framework/src/Illuminate/Foundation/Http/Kernel.php(201): Illuminate\\Routing\\Router->dispatch()
#21 /var/www/html/Thames/thamescc-backend/vendor/laravel/framework/src/Illuminate/Pipeline/Pipeline.php(170): Illuminate\\Foundation\\Http\\Kernel->Illuminate\\Foundation\\Http\\{closure}()
#22 /var/www/html/Thames/thamescc-backend/vendor/barryvdh/laravel-debugbar/src/Middleware/InjectDebugbar.php(66): Illuminate\\Pipeline\\Pipeline->Illuminate\\Pipeline\\{closure}()
#23 /var/www/html/Thames/thamescc-backend/vendor/laravel/framework/src/Illuminate/Pipeline/Pipeline.php(209): Barryvdh\\Debugbar\\Middleware\\InjectDebugbar->handle()
#24 /var/www/html/Thames/thamescc-backend/packages/Webkul/Installer/src/Http/Middleware/CanInstall.php(30): Illuminate\\Pipeline\\Pipeline->Illuminate\\Pipeline\\{closure}()
#25 /var/www/html/Thames/thamescc-backend/vendor/laravel/framework/src/Illuminate/Pipeline/Pipeline.php(209): Webkul\\Installer\\Http\\Middleware\\CanInstall->handle()
#26 /var/www/html/Thames/thamescc-backend/packages/Webkul/Core/src/Http/Middleware/SecureHeaders.php(29): Illuminate\\Pipeline\\Pipeline->Illuminate\\Pipeline\\{closure}()
#27 /var/www/html/Thames/thamescc-backend/vendor/laravel/framework/src/Illuminate/Pipeline/Pipeline.php(209): Webkul\\Core\\Http\\Middleware\\SecureHeaders->handle()
#28 /var/www/html/Thames/thamescc-backend/vendor/laravel/framework/src/Illuminate/Foundation/Http/Middleware/TransformsRequest.php(21): Illuminate\\Pipeline\\Pipeline->Illuminate\\Pipeline\\{closure}()
#29 /var/www/html/Thames/thamescc-backend/vendor/laravel/framework/src/Illuminate/Foundation/Http/Middleware/TrimStrings.php(51): Illuminate\\Foundation\\Http\\Middleware\\TransformsRequest->handle()
#30 /var/www/html/Thames/thamescc-backend/vendor/laravel/framework/src/Illuminate/Pipeline/Pipeline.php(209): Illuminate\\Foundation\\Http\\Middleware\\TrimStrings->handle()
#31 /var/www/html/Thames/thamescc-backend/vendor/laravel/framework/src/Illuminate/Http/Middleware/ValidatePostSize.php(27): Illuminate\\Pipeline\\Pipeline->Illuminate\\Pipeline\\{closure}()
#32 /var/www/html/Thames/thamescc-backend/vendor/laravel/framework/src/Illuminate/Pipeline/Pipeline.php(209): Illuminate\\Http\\Middleware\\ValidatePostSize->handle()
#33 /var/www/html/Thames/thamescc-backend/vendor/laravel/framework/src/Illuminate/Http/Middleware/HandleCors.php(49): Illuminate\\Pipeline\\Pipeline->Illuminate\\Pipeline\\{closure}()
#34 /var/www/html/Thames/thamescc-backend/vendor/laravel/framework/src/Illuminate/Pipeline/Pipeline.php(209): Illuminate\\Http\\Middleware\\HandleCors->handle()
#35 /var/www/html/Thames/thamescc-backend/vendor/laravel/framework/src/Illuminate/Http/Middleware/TrustProxies.php(58): Illuminate\\Pipeline\\Pipeline->Illuminate\\Pipeline\\{closure}()
#36 /var/www/html/Thames/thamescc-backend/vendor/laravel/framework/src/Illuminate/Pipeline/Pipeline.php(209): Illuminate\\Http\\Middleware\\TrustProxies->handle()
#37 /var/www/html/Thames/thamescc-backend/vendor/laravel/framework/src/Illuminate/Foundation/Http/Middleware/InvokeDeferredCallbacks.php(22): Illuminate\\Pipeline\\Pipeline->Illuminate\\Pipeline\\{closure}()
#38 /var/www/html/Thames/thamescc-backend/vendor/laravel/framework/src/Illuminate/Pipeline/Pipeline.php(209): Illuminate\\Foundation\\Http\\Middleware\\InvokeDeferredCallbacks->handle()
#39 /var/www/html/Thames/thamescc-backend/vendor/laravel/framework/src/Illuminate/Pipeline/Pipeline.php(127): Illuminate\\Pipeline\\Pipeline->Illuminate\\Pipeline\\{closure}()
#40 /var/www/html/Thames/thamescc-backend/vendor/laravel/framework/src/Illuminate/Foundation/Http/Kernel.php(176): Illuminate\\Pipeline\\Pipeline->then()
#41 /var/www/html/Thames/thamescc-backend/vendor/laravel/framework/src/Illuminate/Foundation/Http/Kernel.php(145): Illuminate\\Foundation\\Http\\Kernel->sendRequestThroughRouter()
#42 /var/www/html/Thames/thamescc-backend/public/index.php(51): Illuminate\\Foundation\\Http\\Kernel->handle()
#43 /var/www/html/Thames/thamescc-backend/vendor/laravel/framework/src/Illuminate/Foundation/resources/server.php(23): require_once('...')
#44 {main}
"} 
[2025-06-30 10:33:19] local.ERROR: Command "sertv" is not defined. {"exception":"[object] (Symfony\\Component\\Console\\Exception\\CommandNotFoundException(code: 0): Command \"sertv\" is not defined. at /var/www/html/Thames/thamescc-backend/vendor/symfony/console/Application.php:726)
[stacktrace]
#0 /var/www/html/Thames/thamescc-backend/vendor/symfony/console/Application.php(284): Symfony\\Component\\Console\\Application->find()
#1 /var/www/html/Thames/thamescc-backend/vendor/symfony/console/Application.php(193): Symfony\\Component\\Console\\Application->doRun()
#2 /var/www/html/Thames/thamescc-backend/vendor/laravel/framework/src/Illuminate/Foundation/Console/Kernel.php(198): Symfony\\Component\\Console\\Application->run()
#3 /var/www/html/Thames/thamescc-backend/artisan(35): Illuminate\\Foundation\\Console\\Kernel->handle()
#4 {main}
"} 
[2025-06-30 12:32:26] local.ERROR: Class "NumberFormatter" not found {"exception":"[object] (Error(code: 0): Class \"NumberFormatter\" not found at C:\\xampp\\htdocs\\thamescc-backend\\bagisto\\packages\\Webkul\\Core\\src\\Concerns\\CurrencyFormatter.php:27)
[stacktrace]
#0 C:\\xampp\\htdocs\\thamescc-backend\\bagisto\\packages\\Webkul\\Core\\src\\Concerns\\CurrencyFormatter.php(19): Webkul\\Core\\Core->useDefaultCurrencyFormatter(0.0, Object(Webkul\\Core\\Models\\Currency))
#1 C:\\xampp\\htdocs\\thamescc-backend\\bagisto\\packages\\Webkul\\Core\\src\\Core.php(561): Webkul\\Core\\Core->formatCurrency(0.0, Object(Webkul\\Core\\Models\\Currency))
#2 C:\\xampp\\htdocs\\thamescc-backend\\bagisto\\packages\\Webkul\\Admin\\src\\Helpers\\Reporting\\Sale.php(132): Webkul\\Core\\Core->formatBasePrice(0.0)
#3 C:\\xampp\\htdocs\\thamescc-backend\\bagisto\\packages\\Webkul\\Admin\\src\\Helpers\\Dashboard.php(35): Webkul\\Admin\\Helpers\\Reporting\\Sale->getTotalSalesProgress()
#4 C:\\xampp\\htdocs\\thamescc-backend\\bagisto\\packages\\Webkul\\Admin\\src\\Http\\Controllers\\DashboardController.php(51): Webkul\\Admin\\Helpers\\Dashboard->getOverAllStats()
#5 C:\\xampp\\htdocs\\thamescc-backend\\bagisto\\vendor\\laravel\\framework\\src\\Illuminate\\Routing\\Controller.php(54): Webkul\\Admin\\Http\\Controllers\\DashboardController->stats()
#6 C:\\xampp\\htdocs\\thamescc-backend\\bagisto\\vendor\\laravel\\framework\\src\\Illuminate\\Routing\\ControllerDispatcher.php(44): Illuminate\\Routing\\Controller->callAction('stats', Array)
#7 C:\\xampp\\htdocs\\thamescc-backend\\bagisto\\vendor\\laravel\\framework\\src\\Illuminate\\Routing\\Route.php(266): Illuminate\\Routing\\ControllerDispatcher->dispatch(Object(Illuminate\\Routing\\Route), Object(Webkul\\Admin\\Http\\Controllers\\DashboardController), 'stats')
#8 C:\\xampp\\htdocs\\thamescc-backend\\bagisto\\vendor\\laravel\\framework\\src\\Illuminate\\Routing\\Route.php(212): Illuminate\\Routing\\Route->runController()
#9 C:\\xampp\\htdocs\\thamescc-backend\\bagisto\\vendor\\laravel\\framework\\src\\Illuminate\\Routing\\Router.php(808): Illuminate\\Routing\\Route->run()
#10 C:\\xampp\\htdocs\\thamescc-backend\\bagisto\\vendor\\laravel\\framework\\src\\Illuminate\\Pipeline\\Pipeline.php(170): Illuminate\\Routing\\Router->Illuminate\\Routing\\{closure}(Object(Illuminate\\Http\\Request))
#11 C:\\xampp\\htdocs\\thamescc-backend\\bagisto\\packages\\Webkul\\User\\src\\Http\\Middleware\\Bouncer.php(44): Illuminate\\Pipeline\\Pipeline->Illuminate\\Pipeline\\{closure}(Object(Illuminate\\Http\\Request))
#12 C:\\xampp\\htdocs\\thamescc-backend\\bagisto\\vendor\\laravel\\framework\\src\\Illuminate\\Pipeline\\Pipeline.php(209): Webkul\\User\\Http\\Middleware\\Bouncer->handle(Object(Illuminate\\Http\\Request), Object(Closure))
#13 C:\\xampp\\htdocs\\thamescc-backend\\bagisto\\packages\\Webkul\\Core\\src\\Http\\Middleware\\PreventRequestsDuringMaintenance.php(119): Illuminate\\Pipeline\\Pipeline->Illuminate\\Pipeline\\{closure}(Object(Illuminate\\Http\\Request))
#14 C:\\xampp\\htdocs\\thamescc-backend\\bagisto\\vendor\\laravel\\framework\\src\\Illuminate\\Pipeline\\Pipeline.php(209): Webkul\\Core\\Http\\Middleware\\PreventRequestsDuringMaintenance->handle(Object(Illuminate\\Http\\Request), Object(Closure))
#15 C:\\xampp\\htdocs\\thamescc-backend\\bagisto\\vendor\\barryvdh\\laravel-debugbar\\src\\Middleware\\InjectDebugbar.php(66): Illuminate\\Pipeline\\Pipeline->Illuminate\\Pipeline\\{closure}(Object(Illuminate\\Http\\Request))
#16 C:\\xampp\\htdocs\\thamescc-backend\\bagisto\\vendor\\laravel\\framework\\src\\Illuminate\\Pipeline\\Pipeline.php(209): Barryvdh\\Debugbar\\Middleware\\InjectDebugbar->handle(Object(Illuminate\\Http\\Request), Object(Closure))
#17 C:\\xampp\\htdocs\\thamescc-backend\\bagisto\\vendor\\laravel\\framework\\src\\Illuminate\\Routing\\Middleware\\SubstituteBindings.php(51): Illuminate\\Pipeline\\Pipeline->Illuminate\\Pipeline\\{closure}(Object(Illuminate\\Http\\Request))
#18 C:\\xampp\\htdocs\\thamescc-backend\\bagisto\\vendor\\laravel\\framework\\src\\Illuminate\\Pipeline\\Pipeline.php(209): Illuminate\\Routing\\Middleware\\SubstituteBindings->handle(Object(Illuminate\\Http\\Request), Object(Closure))
#19 C:\\xampp\\htdocs\\thamescc-backend\\bagisto\\vendor\\laravel\\framework\\src\\Illuminate\\Foundation\\Http\\Middleware\\VerifyCsrfToken.php(88): Illuminate\\Pipeline\\Pipeline->Illuminate\\Pipeline\\{closure}(Object(Illuminate\\Http\\Request))
#20 C:\\xampp\\htdocs\\thamescc-backend\\bagisto\\vendor\\laravel\\framework\\src\\Illuminate\\Pipeline\\Pipeline.php(209): Illuminate\\Foundation\\Http\\Middleware\\VerifyCsrfToken->handle(Object(Illuminate\\Http\\Request), Object(Closure))
#21 C:\\xampp\\htdocs\\thamescc-backend\\bagisto\\vendor\\laravel\\framework\\src\\Illuminate\\View\\Middleware\\ShareErrorsFromSession.php(49): Illuminate\\Pipeline\\Pipeline->Illuminate\\Pipeline\\{closure}(Object(Illuminate\\Http\\Request))
#22 C:\\xampp\\htdocs\\thamescc-backend\\bagisto\\vendor\\laravel\\framework\\src\\Illuminate\\Pipeline\\Pipeline.php(209): Illuminate\\View\\Middleware\\ShareErrorsFromSession->handle(Object(Illuminate\\Http\\Request), Object(Closure))
#23 C:\\xampp\\htdocs\\thamescc-backend\\bagisto\\vendor\\laravel\\framework\\src\\Illuminate\\Session\\Middleware\\StartSession.php(121): Illuminate\\Pipeline\\Pipeline->Illuminate\\Pipeline\\{closure}(Object(Illuminate\\Http\\Request))
#24 C:\\xampp\\htdocs\\thamescc-backend\\bagisto\\vendor\\laravel\\framework\\src\\Illuminate\\Session\\Middleware\\StartSession.php(64): Illuminate\\Session\\Middleware\\StartSession->handleStatefulRequest(Object(Illuminate\\Http\\Request), Object(Illuminate\\Session\\Store), Object(Closure))
#25 C:\\xampp\\htdocs\\thamescc-backend\\bagisto\\vendor\\laravel\\framework\\src\\Illuminate\\Pipeline\\Pipeline.php(209): Illuminate\\Session\\Middleware\\StartSession->handle(Object(Illuminate\\Http\\Request), Object(Closure))
#26 C:\\xampp\\htdocs\\thamescc-backend\\bagisto\\vendor\\laravel\\framework\\src\\Illuminate\\Cookie\\Middleware\\AddQueuedCookiesToResponse.php(37): Illuminate\\Pipeline\\Pipeline->Illuminate\\Pipeline\\{closure}(Object(Illuminate\\Http\\Request))
#27 C:\\xampp\\htdocs\\thamescc-backend\\bagisto\\vendor\\laravel\\framework\\src\\Illuminate\\Pipeline\\Pipeline.php(209): Illuminate\\Cookie\\Middleware\\AddQueuedCookiesToResponse->handle(Object(Illuminate\\Http\\Request), Object(Closure))
#28 C:\\xampp\\htdocs\\thamescc-backend\\bagisto\\vendor\\laravel\\framework\\src\\Illuminate\\Cookie\\Middleware\\EncryptCookies.php(75): Illuminate\\Pipeline\\Pipeline->Illuminate\\Pipeline\\{closure}(Object(Illuminate\\Http\\Request))
#29 C:\\xampp\\htdocs\\thamescc-backend\\bagisto\\vendor\\laravel\\framework\\src\\Illuminate\\Pipeline\\Pipeline.php(209): Illuminate\\Cookie\\Middleware\\EncryptCookies->handle(Object(Illuminate\\Http\\Request), Object(Closure))
#30 C:\\xampp\\htdocs\\thamescc-backend\\bagisto\\vendor\\laravel\\framework\\src\\Illuminate\\Pipeline\\Pipeline.php(127): Illuminate\\Pipeline\\Pipeline->Illuminate\\Pipeline\\{closure}(Object(Illuminate\\Http\\Request))
#31 C:\\xampp\\htdocs\\thamescc-backend\\bagisto\\vendor\\laravel\\framework\\src\\Illuminate\\Routing\\Router.php(807): Illuminate\\Pipeline\\Pipeline->then(Object(Closure))
#32 C:\\xampp\\htdocs\\thamescc-backend\\bagisto\\vendor\\laravel\\framework\\src\\Illuminate\\Routing\\Router.php(786): Illuminate\\Routing\\Router->runRouteWithinStack(Object(Illuminate\\Routing\\Route), Object(Illuminate\\Http\\Request))
#33 C:\\xampp\\htdocs\\thamescc-backend\\bagisto\\vendor\\laravel\\framework\\src\\Illuminate\\Routing\\Router.php(750): Illuminate\\Routing\\Router->runRoute(Object(Illuminate\\Http\\Request), Object(Illuminate\\Routing\\Route))
#34 C:\\xampp\\htdocs\\thamescc-backend\\bagisto\\vendor\\laravel\\framework\\src\\Illuminate\\Routing\\Router.php(739): Illuminate\\Routing\\Router->dispatchToRoute(Object(Illuminate\\Http\\Request))
#35 C:\\xampp\\htdocs\\thamescc-backend\\bagisto\\vendor\\laravel\\framework\\src\\Illuminate\\Foundation\\Http\\Kernel.php(201): Illuminate\\Routing\\Router->dispatch(Object(Illuminate\\Http\\Request))
#36 C:\\xampp\\htdocs\\thamescc-backend\\bagisto\\vendor\\laravel\\framework\\src\\Illuminate\\Pipeline\\Pipeline.php(170): Illuminate\\Foundation\\Http\\Kernel->Illuminate\\Foundation\\Http\\{closure}(Object(Illuminate\\Http\\Request))
#37 C:\\xampp\\htdocs\\thamescc-backend\\bagisto\\vendor\\barryvdh\\laravel-debugbar\\src\\Middleware\\InjectDebugbar.php(66): Illuminate\\Pipeline\\Pipeline->Illuminate\\Pipeline\\{closure}(Object(Illuminate\\Http\\Request))
#38 C:\\xampp\\htdocs\\thamescc-backend\\bagisto\\vendor\\laravel\\framework\\src\\Illuminate\\Pipeline\\Pipeline.php(209): Barryvdh\\Debugbar\\Middleware\\InjectDebugbar->handle(Object(Illuminate\\Http\\Request), Object(Closure))
#39 C:\\xampp\\htdocs\\thamescc-backend\\bagisto\\packages\\Webkul\\Installer\\src\\Http\\Middleware\\CanInstall.php(30): Illuminate\\Pipeline\\Pipeline->Illuminate\\Pipeline\\{closure}(Object(Illuminate\\Http\\Request))
#40 C:\\xampp\\htdocs\\thamescc-backend\\bagisto\\vendor\\laravel\\framework\\src\\Illuminate\\Pipeline\\Pipeline.php(209): Webkul\\Installer\\Http\\Middleware\\CanInstall->handle(Object(Illuminate\\Http\\Request), Object(Closure))
#41 C:\\xampp\\htdocs\\thamescc-backend\\bagisto\\packages\\Webkul\\Core\\src\\Http\\Middleware\\SecureHeaders.php(29): Illuminate\\Pipeline\\Pipeline->Illuminate\\Pipeline\\{closure}(Object(Illuminate\\Http\\Request))
#42 C:\\xampp\\htdocs\\thamescc-backend\\bagisto\\vendor\\laravel\\framework\\src\\Illuminate\\Pipeline\\Pipeline.php(209): Webkul\\Core\\Http\\Middleware\\SecureHeaders->handle(Object(Illuminate\\Http\\Request), Object(Closure))
#43 C:\\xampp\\htdocs\\thamescc-backend\\bagisto\\vendor\\laravel\\framework\\src\\Illuminate\\Foundation\\Http\\Middleware\\TransformsRequest.php(21): Illuminate\\Pipeline\\Pipeline->Illuminate\\Pipeline\\{closure}(Object(Illuminate\\Http\\Request))
#44 C:\\xampp\\htdocs\\thamescc-backend\\bagisto\\vendor\\laravel\\framework\\src\\Illuminate\\Foundation\\Http\\Middleware\\TrimStrings.php(51): Illuminate\\Foundation\\Http\\Middleware\\TransformsRequest->handle(Object(Illuminate\\Http\\Request), Object(Closure))
#45 C:\\xampp\\htdocs\\thamescc-backend\\bagisto\\vendor\\laravel\\framework\\src\\Illuminate\\Pipeline\\Pipeline.php(209): Illuminate\\Foundation\\Http\\Middleware\\TrimStrings->handle(Object(Illuminate\\Http\\Request), Object(Closure))
#46 C:\\xampp\\htdocs\\thamescc-backend\\bagisto\\vendor\\laravel\\framework\\src\\Illuminate\\Http\\Middleware\\ValidatePostSize.php(27): Illuminate\\Pipeline\\Pipeline->Illuminate\\Pipeline\\{closure}(Object(Illuminate\\Http\\Request))
#47 C:\\xampp\\htdocs\\thamescc-backend\\bagisto\\vendor\\laravel\\framework\\src\\Illuminate\\Pipeline\\Pipeline.php(209): Illuminate\\Http\\Middleware\\ValidatePostSize->handle(Object(Illuminate\\Http\\Request), Object(Closure))
#48 C:\\xampp\\htdocs\\thamescc-backend\\bagisto\\vendor\\laravel\\framework\\src\\Illuminate\\Http\\Middleware\\HandleCors.php(49): Illuminate\\Pipeline\\Pipeline->Illuminate\\Pipeline\\{closure}(Object(Illuminate\\Http\\Request))
#49 C:\\xampp\\htdocs\\thamescc-backend\\bagisto\\vendor\\laravel\\framework\\src\\Illuminate\\Pipeline\\Pipeline.php(209): Illuminate\\Http\\Middleware\\HandleCors->handle(Object(Illuminate\\Http\\Request), Object(Closure))
#50 C:\\xampp\\htdocs\\thamescc-backend\\bagisto\\vendor\\laravel\\framework\\src\\Illuminate\\Http\\Middleware\\TrustProxies.php(58): Illuminate\\Pipeline\\Pipeline->Illuminate\\Pipeline\\{closure}(Object(Illuminate\\Http\\Request))
#51 C:\\xampp\\htdocs\\thamescc-backend\\bagisto\\vendor\\laravel\\framework\\src\\Illuminate\\Pipeline\\Pipeline.php(209): Illuminate\\Http\\Middleware\\TrustProxies->handle(Object(Illuminate\\Http\\Request), Object(Closure))
#52 C:\\xampp\\htdocs\\thamescc-backend\\bagisto\\vendor\\laravel\\framework\\src\\Illuminate\\Foundation\\Http\\Middleware\\InvokeDeferredCallbacks.php(22): Illuminate\\Pipeline\\Pipeline->Illuminate\\Pipeline\\{closure}(Object(Illuminate\\Http\\Request))
#53 C:\\xampp\\htdocs\\thamescc-backend\\bagisto\\vendor\\laravel\\framework\\src\\Illuminate\\Pipeline\\Pipeline.php(209): Illuminate\\Foundation\\Http\\Middleware\\InvokeDeferredCallbacks->handle(Object(Illuminate\\Http\\Request), Object(Closure))
#54 C:\\xampp\\htdocs\\thamescc-backend\\bagisto\\vendor\\laravel\\framework\\src\\Illuminate\\Pipeline\\Pipeline.php(127): Illuminate\\Pipeline\\Pipeline->Illuminate\\Pipeline\\{closure}(Object(Illuminate\\Http\\Request))
#55 C:\\xampp\\htdocs\\thamescc-backend\\bagisto\\vendor\\laravel\\framework\\src\\Illuminate\\Foundation\\Http\\Kernel.php(176): Illuminate\\Pipeline\\Pipeline->then(Object(Closure))
#56 C:\\xampp\\htdocs\\thamescc-backend\\bagisto\\vendor\\laravel\\framework\\src\\Illuminate\\Foundation\\Http\\Kernel.php(145): Illuminate\\Foundation\\Http\\Kernel->sendRequestThroughRouter(Object(Illuminate\\Http\\Request))
#57 C:\\xampp\\htdocs\\thamescc-backend\\bagisto\\public\\index.php(51): Illuminate\\Foundation\\Http\\Kernel->handle(Object(Illuminate\\Http\\Request))
#58 C:\\xampp\\htdocs\\thamescc-backend\\bagisto\\vendor\\laravel\\framework\\src\\Illuminate\\Foundation\\resources\\server.php(23): require_once('C:\\\\xampp\\\\htdocs...')
#59 {main}
"} 
[2025-06-30 12:32:27] local.ERROR: Class "NumberFormatter" not found {"exception":"[object] (Error(code: 0): Class \"NumberFormatter\" not found at C:\\xampp\\htdocs\\thamescc-backend\\bagisto\\packages\\Webkul\\Core\\src\\Concerns\\CurrencyFormatter.php:27)
[stacktrace]
#0 C:\\xampp\\htdocs\\thamescc-backend\\bagisto\\packages\\Webkul\\Core\\src\\Concerns\\CurrencyFormatter.php(19): Webkul\\Core\\Core->useDefaultCurrencyFormatter(0.0, Object(Webkul\\Core\\Models\\Currency))
#1 C:\\xampp\\htdocs\\thamescc-backend\\bagisto\\packages\\Webkul\\Core\\src\\Core.php(561): Webkul\\Core\\Core->formatCurrency(0.0, Object(Webkul\\Core\\Models\\Currency))
#2 C:\\xampp\\htdocs\\thamescc-backend\\bagisto\\packages\\Webkul\\Admin\\src\\Helpers\\Reporting\\Sale.php(158): Webkul\\Core\\Core->formatBasePrice(0.0)
#3 C:\\xampp\\htdocs\\thamescc-backend\\bagisto\\packages\\Webkul\\Admin\\src\\Helpers\\Dashboard.php(70): Webkul\\Admin\\Helpers\\Reporting\\Sale->getTodaySalesProgress()
#4 C:\\xampp\\htdocs\\thamescc-backend\\bagisto\\packages\\Webkul\\Admin\\src\\Http\\Controllers\\DashboardController.php(51): Webkul\\Admin\\Helpers\\Dashboard->getTodayStats()
#5 C:\\xampp\\htdocs\\thamescc-backend\\bagisto\\vendor\\laravel\\framework\\src\\Illuminate\\Routing\\Controller.php(54): Webkul\\Admin\\Http\\Controllers\\DashboardController->stats()
#6 C:\\xampp\\htdocs\\thamescc-backend\\bagisto\\vendor\\laravel\\framework\\src\\Illuminate\\Routing\\ControllerDispatcher.php(44): Illuminate\\Routing\\Controller->callAction('stats', Array)
#7 C:\\xampp\\htdocs\\thamescc-backend\\bagisto\\vendor\\laravel\\framework\\src\\Illuminate\\Routing\\Route.php(266): Illuminate\\Routing\\ControllerDispatcher->dispatch(Object(Illuminate\\Routing\\Route), Object(Webkul\\Admin\\Http\\Controllers\\DashboardController), 'stats')
#8 C:\\xampp\\htdocs\\thamescc-backend\\bagisto\\vendor\\laravel\\framework\\src\\Illuminate\\Routing\\Route.php(212): Illuminate\\Routing\\Route->runController()
#9 C:\\xampp\\htdocs\\thamescc-backend\\bagisto\\vendor\\laravel\\framework\\src\\Illuminate\\Routing\\Router.php(808): Illuminate\\Routing\\Route->run()
#10 C:\\xampp\\htdocs\\thamescc-backend\\bagisto\\vendor\\laravel\\framework\\src\\Illuminate\\Pipeline\\Pipeline.php(170): Illuminate\\Routing\\Router->Illuminate\\Routing\\{closure}(Object(Illuminate\\Http\\Request))
#11 C:\\xampp\\htdocs\\thamescc-backend\\bagisto\\packages\\Webkul\\User\\src\\Http\\Middleware\\Bouncer.php(44): Illuminate\\Pipeline\\Pipeline->Illuminate\\Pipeline\\{closure}(Object(Illuminate\\Http\\Request))
#12 C:\\xampp\\htdocs\\thamescc-backend\\bagisto\\vendor\\laravel\\framework\\src\\Illuminate\\Pipeline\\Pipeline.php(209): Webkul\\User\\Http\\Middleware\\Bouncer->handle(Object(Illuminate\\Http\\Request), Object(Closure))
#13 C:\\xampp\\htdocs\\thamescc-backend\\bagisto\\packages\\Webkul\\Core\\src\\Http\\Middleware\\PreventRequestsDuringMaintenance.php(119): Illuminate\\Pipeline\\Pipeline->Illuminate\\Pipeline\\{closure}(Object(Illuminate\\Http\\Request))
#14 C:\\xampp\\htdocs\\thamescc-backend\\bagisto\\vendor\\laravel\\framework\\src\\Illuminate\\Pipeline\\Pipeline.php(209): Webkul\\Core\\Http\\Middleware\\PreventRequestsDuringMaintenance->handle(Object(Illuminate\\Http\\Request), Object(Closure))
#15 C:\\xampp\\htdocs\\thamescc-backend\\bagisto\\vendor\\barryvdh\\laravel-debugbar\\src\\Middleware\\InjectDebugbar.php(66): Illuminate\\Pipeline\\Pipeline->Illuminate\\Pipeline\\{closure}(Object(Illuminate\\Http\\Request))
#16 C:\\xampp\\htdocs\\thamescc-backend\\bagisto\\vendor\\laravel\\framework\\src\\Illuminate\\Pipeline\\Pipeline.php(209): Barryvdh\\Debugbar\\Middleware\\InjectDebugbar->handle(Object(Illuminate\\Http\\Request), Object(Closure))
#17 C:\\xampp\\htdocs\\thamescc-backend\\bagisto\\vendor\\laravel\\framework\\src\\Illuminate\\Routing\\Middleware\\SubstituteBindings.php(51): Illuminate\\Pipeline\\Pipeline->Illuminate\\Pipeline\\{closure}(Object(Illuminate\\Http\\Request))
#18 C:\\xampp\\htdocs\\thamescc-backend\\bagisto\\vendor\\laravel\\framework\\src\\Illuminate\\Pipeline\\Pipeline.php(209): Illuminate\\Routing\\Middleware\\SubstituteBindings->handle(Object(Illuminate\\Http\\Request), Object(Closure))
#19 C:\\xampp\\htdocs\\thamescc-backend\\bagisto\\vendor\\laravel\\framework\\src\\Illuminate\\Foundation\\Http\\Middleware\\VerifyCsrfToken.php(88): Illuminate\\Pipeline\\Pipeline->Illuminate\\Pipeline\\{closure}(Object(Illuminate\\Http\\Request))
#20 C:\\xampp\\htdocs\\thamescc-backend\\bagisto\\vendor\\laravel\\framework\\src\\Illuminate\\Pipeline\\Pipeline.php(209): Illuminate\\Foundation\\Http\\Middleware\\VerifyCsrfToken->handle(Object(Illuminate\\Http\\Request), Object(Closure))
#21 C:\\xampp\\htdocs\\thamescc-backend\\bagisto\\vendor\\laravel\\framework\\src\\Illuminate\\View\\Middleware\\ShareErrorsFromSession.php(49): Illuminate\\Pipeline\\Pipeline->Illuminate\\Pipeline\\{closure}(Object(Illuminate\\Http\\Request))
#22 C:\\xampp\\htdocs\\thamescc-backend\\bagisto\\vendor\\laravel\\framework\\src\\Illuminate\\Pipeline\\Pipeline.php(209): Illuminate\\View\\Middleware\\ShareErrorsFromSession->handle(Object(Illuminate\\Http\\Request), Object(Closure))
#23 C:\\xampp\\htdocs\\thamescc-backend\\bagisto\\vendor\\laravel\\framework\\src\\Illuminate\\Session\\Middleware\\StartSession.php(121): Illuminate\\Pipeline\\Pipeline->Illuminate\\Pipeline\\{closure}(Object(Illuminate\\Http\\Request))
#24 C:\\xampp\\htdocs\\thamescc-backend\\bagisto\\vendor\\laravel\\framework\\src\\Illuminate\\Session\\Middleware\\StartSession.php(64): Illuminate\\Session\\Middleware\\StartSession->handleStatefulRequest(Object(Illuminate\\Http\\Request), Object(Illuminate\\Session\\Store), Object(Closure))
#25 C:\\xampp\\htdocs\\thamescc-backend\\bagisto\\vendor\\laravel\\framework\\src\\Illuminate\\Pipeline\\Pipeline.php(209): Illuminate\\Session\\Middleware\\StartSession->handle(Object(Illuminate\\Http\\Request), Object(Closure))
#26 C:\\xampp\\htdocs\\thamescc-backend\\bagisto\\vendor\\laravel\\framework\\src\\Illuminate\\Cookie\\Middleware\\AddQueuedCookiesToResponse.php(37): Illuminate\\Pipeline\\Pipeline->Illuminate\\Pipeline\\{closure}(Object(Illuminate\\Http\\Request))
#27 C:\\xampp\\htdocs\\thamescc-backend\\bagisto\\vendor\\laravel\\framework\\src\\Illuminate\\Pipeline\\Pipeline.php(209): Illuminate\\Cookie\\Middleware\\AddQueuedCookiesToResponse->handle(Object(Illuminate\\Http\\Request), Object(Closure))
#28 C:\\xampp\\htdocs\\thamescc-backend\\bagisto\\vendor\\laravel\\framework\\src\\Illuminate\\Cookie\\Middleware\\EncryptCookies.php(75): Illuminate\\Pipeline\\Pipeline->Illuminate\\Pipeline\\{closure}(Object(Illuminate\\Http\\Request))
#29 C:\\xampp\\htdocs\\thamescc-backend\\bagisto\\vendor\\laravel\\framework\\src\\Illuminate\\Pipeline\\Pipeline.php(209): Illuminate\\Cookie\\Middleware\\EncryptCookies->handle(Object(Illuminate\\Http\\Request), Object(Closure))
#30 C:\\xampp\\htdocs\\thamescc-backend\\bagisto\\vendor\\laravel\\framework\\src\\Illuminate\\Pipeline\\Pipeline.php(127): Illuminate\\Pipeline\\Pipeline->Illuminate\\Pipeline\\{closure}(Object(Illuminate\\Http\\Request))
#31 C:\\xampp\\htdocs\\thamescc-backend\\bagisto\\vendor\\laravel\\framework\\src\\Illuminate\\Routing\\Router.php(807): Illuminate\\Pipeline\\Pipeline->then(Object(Closure))
#32 C:\\xampp\\htdocs\\thamescc-backend\\bagisto\\vendor\\laravel\\framework\\src\\Illuminate\\Routing\\Router.php(786): Illuminate\\Routing\\Router->runRouteWithinStack(Object(Illuminate\\Routing\\Route), Object(Illuminate\\Http\\Request))
#33 C:\\xampp\\htdocs\\thamescc-backend\\bagisto\\vendor\\laravel\\framework\\src\\Illuminate\\Routing\\Router.php(750): Illuminate\\Routing\\Router->runRoute(Object(Illuminate\\Http\\Request), Object(Illuminate\\Routing\\Route))
#34 C:\\xampp\\htdocs\\thamescc-backend\\bagisto\\vendor\\laravel\\framework\\src\\Illuminate\\Routing\\Router.php(739): Illuminate\\Routing\\Router->dispatchToRoute(Object(Illuminate\\Http\\Request))
#35 C:\\xampp\\htdocs\\thamescc-backend\\bagisto\\vendor\\laravel\\framework\\src\\Illuminate\\Foundation\\Http\\Kernel.php(201): Illuminate\\Routing\\Router->dispatch(Object(Illuminate\\Http\\Request))
#36 C:\\xampp\\htdocs\\thamescc-backend\\bagisto\\vendor\\laravel\\framework\\src\\Illuminate\\Pipeline\\Pipeline.php(170): Illuminate\\Foundation\\Http\\Kernel->Illuminate\\Foundation\\Http\\{closure}(Object(Illuminate\\Http\\Request))
#37 C:\\xampp\\htdocs\\thamescc-backend\\bagisto\\vendor\\barryvdh\\laravel-debugbar\\src\\Middleware\\InjectDebugbar.php(66): Illuminate\\Pipeline\\Pipeline->Illuminate\\Pipeline\\{closure}(Object(Illuminate\\Http\\Request))
#38 C:\\xampp\\htdocs\\thamescc-backend\\bagisto\\vendor\\laravel\\framework\\src\\Illuminate\\Pipeline\\Pipeline.php(209): Barryvdh\\Debugbar\\Middleware\\InjectDebugbar->handle(Object(Illuminate\\Http\\Request), Object(Closure))
#39 C:\\xampp\\htdocs\\thamescc-backend\\bagisto\\packages\\Webkul\\Installer\\src\\Http\\Middleware\\CanInstall.php(30): Illuminate\\Pipeline\\Pipeline->Illuminate\\Pipeline\\{closure}(Object(Illuminate\\Http\\Request))
#40 C:\\xampp\\htdocs\\thamescc-backend\\bagisto\\vendor\\laravel\\framework\\src\\Illuminate\\Pipeline\\Pipeline.php(209): Webkul\\Installer\\Http\\Middleware\\CanInstall->handle(Object(Illuminate\\Http\\Request), Object(Closure))
#41 C:\\xampp\\htdocs\\thamescc-backend\\bagisto\\packages\\Webkul\\Core\\src\\Http\\Middleware\\SecureHeaders.php(29): Illuminate\\Pipeline\\Pipeline->Illuminate\\Pipeline\\{closure}(Object(Illuminate\\Http\\Request))
#42 C:\\xampp\\htdocs\\thamescc-backend\\bagisto\\vendor\\laravel\\framework\\src\\Illuminate\\Pipeline\\Pipeline.php(209): Webkul\\Core\\Http\\Middleware\\SecureHeaders->handle(Object(Illuminate\\Http\\Request), Object(Closure))
#43 C:\\xampp\\htdocs\\thamescc-backend\\bagisto\\vendor\\laravel\\framework\\src\\Illuminate\\Foundation\\Http\\Middleware\\TransformsRequest.php(21): Illuminate\\Pipeline\\Pipeline->Illuminate\\Pipeline\\{closure}(Object(Illuminate\\Http\\Request))
#44 C:\\xampp\\htdocs\\thamescc-backend\\bagisto\\vendor\\laravel\\framework\\src\\Illuminate\\Foundation\\Http\\Middleware\\TrimStrings.php(51): Illuminate\\Foundation\\Http\\Middleware\\TransformsRequest->handle(Object(Illuminate\\Http\\Request), Object(Closure))
#45 C:\\xampp\\htdocs\\thamescc-backend\\bagisto\\vendor\\laravel\\framework\\src\\Illuminate\\Pipeline\\Pipeline.php(209): Illuminate\\Foundation\\Http\\Middleware\\TrimStrings->handle(Object(Illuminate\\Http\\Request), Object(Closure))
#46 C:\\xampp\\htdocs\\thamescc-backend\\bagisto\\vendor\\laravel\\framework\\src\\Illuminate\\Http\\Middleware\\ValidatePostSize.php(27): Illuminate\\Pipeline\\Pipeline->Illuminate\\Pipeline\\{closure}(Object(Illuminate\\Http\\Request))
#47 C:\\xampp\\htdocs\\thamescc-backend\\bagisto\\vendor\\laravel\\framework\\src\\Illuminate\\Pipeline\\Pipeline.php(209): Illuminate\\Http\\Middleware\\ValidatePostSize->handle(Object(Illuminate\\Http\\Request), Object(Closure))
#48 C:\\xampp\\htdocs\\thamescc-backend\\bagisto\\vendor\\laravel\\framework\\src\\Illuminate\\Http\\Middleware\\HandleCors.php(49): Illuminate\\Pipeline\\Pipeline->Illuminate\\Pipeline\\{closure}(Object(Illuminate\\Http\\Request))
#49 C:\\xampp\\htdocs\\thamescc-backend\\bagisto\\vendor\\laravel\\framework\\src\\Illuminate\\Pipeline\\Pipeline.php(209): Illuminate\\Http\\Middleware\\HandleCors->handle(Object(Illuminate\\Http\\Request), Object(Closure))
#50 C:\\xampp\\htdocs\\thamescc-backend\\bagisto\\vendor\\laravel\\framework\\src\\Illuminate\\Http\\Middleware\\TrustProxies.php(58): Illuminate\\Pipeline\\Pipeline->Illuminate\\Pipeline\\{closure}(Object(Illuminate\\Http\\Request))
#51 C:\\xampp\\htdocs\\thamescc-backend\\bagisto\\vendor\\laravel\\framework\\src\\Illuminate\\Pipeline\\Pipeline.php(209): Illuminate\\Http\\Middleware\\TrustProxies->handle(Object(Illuminate\\Http\\Request), Object(Closure))
#52 C:\\xampp\\htdocs\\thamescc-backend\\bagisto\\vendor\\laravel\\framework\\src\\Illuminate\\Foundation\\Http\\Middleware\\InvokeDeferredCallbacks.php(22): Illuminate\\Pipeline\\Pipeline->Illuminate\\Pipeline\\{closure}(Object(Illuminate\\Http\\Request))
#53 C:\\xampp\\htdocs\\thamescc-backend\\bagisto\\vendor\\laravel\\framework\\src\\Illuminate\\Pipeline\\Pipeline.php(209): Illuminate\\Foundation\\Http\\Middleware\\InvokeDeferredCallbacks->handle(Object(Illuminate\\Http\\Request), Object(Closure))
#54 C:\\xampp\\htdocs\\thamescc-backend\\bagisto\\vendor\\laravel\\framework\\src\\Illuminate\\Pipeline\\Pipeline.php(127): Illuminate\\Pipeline\\Pipeline->Illuminate\\Pipeline\\{closure}(Object(Illuminate\\Http\\Request))
#55 C:\\xampp\\htdocs\\thamescc-backend\\bagisto\\vendor\\laravel\\framework\\src\\Illuminate\\Foundation\\Http\\Kernel.php(176): Illuminate\\Pipeline\\Pipeline->then(Object(Closure))
#56 C:\\xampp\\htdocs\\thamescc-backend\\bagisto\\vendor\\laravel\\framework\\src\\Illuminate\\Foundation\\Http\\Kernel.php(145): Illuminate\\Foundation\\Http\\Kernel->sendRequestThroughRouter(Object(Illuminate\\Http\\Request))
#57 C:\\xampp\\htdocs\\thamescc-backend\\bagisto\\public\\index.php(51): Illuminate\\Foundation\\Http\\Kernel->handle(Object(Illuminate\\Http\\Request))
#58 C:\\xampp\\htdocs\\thamescc-backend\\bagisto\\vendor\\laravel\\framework\\src\\Illuminate\\Foundation\\resources\\server.php(23): require_once('C:\\\\xampp\\\\htdocs...')
#59 {main}
"} 
[2025-06-30 12:32:28] local.ERROR: Class "NumberFormatter" not found {"exception":"[object] (Error(code: 0): Class \"NumberFormatter\" not found at C:\\xampp\\htdocs\\thamescc-backend\\bagisto\\packages\\Webkul\\Core\\src\\Concerns\\CurrencyFormatter.php:27)
[stacktrace]
#0 C:\\xampp\\htdocs\\thamescc-backend\\bagisto\\packages\\Webkul\\Core\\src\\Concerns\\CurrencyFormatter.php(19): Webkul\\Core\\Core->useDefaultCurrencyFormatter(1.0, Object(Webkul\\Core\\Models\\Currency))
#1 C:\\xampp\\htdocs\\thamescc-backend\\bagisto\\packages\\Webkul\\Core\\src\\Core.php(547): Webkul\\Core\\Core->formatCurrency(1.0, Object(Webkul\\Core\\Models\\Currency))
#2 C:\\xampp\\htdocs\\thamescc-backend\\bagisto\\packages\\Webkul\\Admin\\src\\Helpers\\Dashboard.php(92): Webkul\\Core\\Core->formatPrice(1.0)
#3 [internal function]: Webkul\\Admin\\Helpers\\Dashboard->Webkul\\Admin\\Helpers\\{closure}(Object(Webkul\\Product\\Models\\ProductInventory), 0)
#4 C:\\xampp\\htdocs\\thamescc-backend\\bagisto\\vendor\\laravel\\framework\\src\\Illuminate\\Collections\\Arr.php(609): array_map(Object(Closure), Array, Array)
#5 C:\\xampp\\htdocs\\thamescc-backend\\bagisto\\vendor\\laravel\\framework\\src\\Illuminate\\Collections\\Collection.php(799): Illuminate\\Support\\Arr::map(Array, Object(Closure))
#6 C:\\xampp\\htdocs\\thamescc-backend\\bagisto\\vendor\\laravel\\framework\\src\\Illuminate\\Database\\Eloquent\\Collection.php(388): Illuminate\\Support\\Collection->map(Object(Closure))
#7 C:\\xampp\\htdocs\\thamescc-backend\\bagisto\\packages\\Webkul\\Admin\\src\\Helpers\\Dashboard.php(86): Illuminate\\Database\\Eloquent\\Collection->map(Object(Closure))
#8 C:\\xampp\\htdocs\\thamescc-backend\\bagisto\\packages\\Webkul\\Admin\\src\\Http\\Controllers\\DashboardController.php(51): Webkul\\Admin\\Helpers\\Dashboard->getStockThresholdProducts()
#9 C:\\xampp\\htdocs\\thamescc-backend\\bagisto\\vendor\\laravel\\framework\\src\\Illuminate\\Routing\\Controller.php(54): Webkul\\Admin\\Http\\Controllers\\DashboardController->stats()
#10 C:\\xampp\\htdocs\\thamescc-backend\\bagisto\\vendor\\laravel\\framework\\src\\Illuminate\\Routing\\ControllerDispatcher.php(44): Illuminate\\Routing\\Controller->callAction('stats', Array)
#11 C:\\xampp\\htdocs\\thamescc-backend\\bagisto\\vendor\\laravel\\framework\\src\\Illuminate\\Routing\\Route.php(266): Illuminate\\Routing\\ControllerDispatcher->dispatch(Object(Illuminate\\Routing\\Route), Object(Webkul\\Admin\\Http\\Controllers\\DashboardController), 'stats')
#12 C:\\xampp\\htdocs\\thamescc-backend\\bagisto\\vendor\\laravel\\framework\\src\\Illuminate\\Routing\\Route.php(212): Illuminate\\Routing\\Route->runController()
#13 C:\\xampp\\htdocs\\thamescc-backend\\bagisto\\vendor\\laravel\\framework\\src\\Illuminate\\Routing\\Router.php(808): Illuminate\\Routing\\Route->run()
#14 C:\\xampp\\htdocs\\thamescc-backend\\bagisto\\vendor\\laravel\\framework\\src\\Illuminate\\Pipeline\\Pipeline.php(170): Illuminate\\Routing\\Router->Illuminate\\Routing\\{closure}(Object(Illuminate\\Http\\Request))
#15 C:\\xampp\\htdocs\\thamescc-backend\\bagisto\\packages\\Webkul\\User\\src\\Http\\Middleware\\Bouncer.php(44): Illuminate\\Pipeline\\Pipeline->Illuminate\\Pipeline\\{closure}(Object(Illuminate\\Http\\Request))
#16 C:\\xampp\\htdocs\\thamescc-backend\\bagisto\\vendor\\laravel\\framework\\src\\Illuminate\\Pipeline\\Pipeline.php(209): Webkul\\User\\Http\\Middleware\\Bouncer->handle(Object(Illuminate\\Http\\Request), Object(Closure))
#17 C:\\xampp\\htdocs\\thamescc-backend\\bagisto\\packages\\Webkul\\Core\\src\\Http\\Middleware\\PreventRequestsDuringMaintenance.php(119): Illuminate\\Pipeline\\Pipeline->Illuminate\\Pipeline\\{closure}(Object(Illuminate\\Http\\Request))
#18 C:\\xampp\\htdocs\\thamescc-backend\\bagisto\\vendor\\laravel\\framework\\src\\Illuminate\\Pipeline\\Pipeline.php(209): Webkul\\Core\\Http\\Middleware\\PreventRequestsDuringMaintenance->handle(Object(Illuminate\\Http\\Request), Object(Closure))
#19 C:\\xampp\\htdocs\\thamescc-backend\\bagisto\\vendor\\barryvdh\\laravel-debugbar\\src\\Middleware\\InjectDebugbar.php(66): Illuminate\\Pipeline\\Pipeline->Illuminate\\Pipeline\\{closure}(Object(Illuminate\\Http\\Request))
#20 C:\\xampp\\htdocs\\thamescc-backend\\bagisto\\vendor\\laravel\\framework\\src\\Illuminate\\Pipeline\\Pipeline.php(209): Barryvdh\\Debugbar\\Middleware\\InjectDebugbar->handle(Object(Illuminate\\Http\\Request), Object(Closure))
#21 C:\\xampp\\htdocs\\thamescc-backend\\bagisto\\vendor\\laravel\\framework\\src\\Illuminate\\Routing\\Middleware\\SubstituteBindings.php(51): Illuminate\\Pipeline\\Pipeline->Illuminate\\Pipeline\\{closure}(Object(Illuminate\\Http\\Request))
#22 C:\\xampp\\htdocs\\thamescc-backend\\bagisto\\vendor\\laravel\\framework\\src\\Illuminate\\Pipeline\\Pipeline.php(209): Illuminate\\Routing\\Middleware\\SubstituteBindings->handle(Object(Illuminate\\Http\\Request), Object(Closure))
#23 C:\\xampp\\htdocs\\thamescc-backend\\bagisto\\vendor\\laravel\\framework\\src\\Illuminate\\Foundation\\Http\\Middleware\\VerifyCsrfToken.php(88): Illuminate\\Pipeline\\Pipeline->Illuminate\\Pipeline\\{closure}(Object(Illuminate\\Http\\Request))
#24 C:\\xampp\\htdocs\\thamescc-backend\\bagisto\\vendor\\laravel\\framework\\src\\Illuminate\\Pipeline\\Pipeline.php(209): Illuminate\\Foundation\\Http\\Middleware\\VerifyCsrfToken->handle(Object(Illuminate\\Http\\Request), Object(Closure))
#25 C:\\xampp\\htdocs\\thamescc-backend\\bagisto\\vendor\\laravel\\framework\\src\\Illuminate\\View\\Middleware\\ShareErrorsFromSession.php(49): Illuminate\\Pipeline\\Pipeline->Illuminate\\Pipeline\\{closure}(Object(Illuminate\\Http\\Request))
#26 C:\\xampp\\htdocs\\thamescc-backend\\bagisto\\vendor\\laravel\\framework\\src\\Illuminate\\Pipeline\\Pipeline.php(209): Illuminate\\View\\Middleware\\ShareErrorsFromSession->handle(Object(Illuminate\\Http\\Request), Object(Closure))
#27 C:\\xampp\\htdocs\\thamescc-backend\\bagisto\\vendor\\laravel\\framework\\src\\Illuminate\\Session\\Middleware\\StartSession.php(121): Illuminate\\Pipeline\\Pipeline->Illuminate\\Pipeline\\{closure}(Object(Illuminate\\Http\\Request))
#28 C:\\xampp\\htdocs\\thamescc-backend\\bagisto\\vendor\\laravel\\framework\\src\\Illuminate\\Session\\Middleware\\StartSession.php(64): Illuminate\\Session\\Middleware\\StartSession->handleStatefulRequest(Object(Illuminate\\Http\\Request), Object(Illuminate\\Session\\Store), Object(Closure))
#29 C:\\xampp\\htdocs\\thamescc-backend\\bagisto\\vendor\\laravel\\framework\\src\\Illuminate\\Pipeline\\Pipeline.php(209): Illuminate\\Session\\Middleware\\StartSession->handle(Object(Illuminate\\Http\\Request), Object(Closure))
#30 C:\\xampp\\htdocs\\thamescc-backend\\bagisto\\vendor\\laravel\\framework\\src\\Illuminate\\Cookie\\Middleware\\AddQueuedCookiesToResponse.php(37): Illuminate\\Pipeline\\Pipeline->Illuminate\\Pipeline\\{closure}(Object(Illuminate\\Http\\Request))
#31 C:\\xampp\\htdocs\\thamescc-backend\\bagisto\\vendor\\laravel\\framework\\src\\Illuminate\\Pipeline\\Pipeline.php(209): Illuminate\\Cookie\\Middleware\\AddQueuedCookiesToResponse->handle(Object(Illuminate\\Http\\Request), Object(Closure))
#32 C:\\xampp\\htdocs\\thamescc-backend\\bagisto\\vendor\\laravel\\framework\\src\\Illuminate\\Cookie\\Middleware\\EncryptCookies.php(75): Illuminate\\Pipeline\\Pipeline->Illuminate\\Pipeline\\{closure}(Object(Illuminate\\Http\\Request))
#33 C:\\xampp\\htdocs\\thamescc-backend\\bagisto\\vendor\\laravel\\framework\\src\\Illuminate\\Pipeline\\Pipeline.php(209): Illuminate\\Cookie\\Middleware\\EncryptCookies->handle(Object(Illuminate\\Http\\Request), Object(Closure))
#34 C:\\xampp\\htdocs\\thamescc-backend\\bagisto\\vendor\\laravel\\framework\\src\\Illuminate\\Pipeline\\Pipeline.php(127): Illuminate\\Pipeline\\Pipeline->Illuminate\\Pipeline\\{closure}(Object(Illuminate\\Http\\Request))
#35 C:\\xampp\\htdocs\\thamescc-backend\\bagisto\\vendor\\laravel\\framework\\src\\Illuminate\\Routing\\Router.php(807): Illuminate\\Pipeline\\Pipeline->then(Object(Closure))
#36 C:\\xampp\\htdocs\\thamescc-backend\\bagisto\\vendor\\laravel\\framework\\src\\Illuminate\\Routing\\Router.php(786): Illuminate\\Routing\\Router->runRouteWithinStack(Object(Illuminate\\Routing\\Route), Object(Illuminate\\Http\\Request))
#37 C:\\xampp\\htdocs\\thamescc-backend\\bagisto\\vendor\\laravel\\framework\\src\\Illuminate\\Routing\\Router.php(750): Illuminate\\Routing\\Router->runRoute(Object(Illuminate\\Http\\Request), Object(Illuminate\\Routing\\Route))
#38 C:\\xampp\\htdocs\\thamescc-backend\\bagisto\\vendor\\laravel\\framework\\src\\Illuminate\\Routing\\Router.php(739): Illuminate\\Routing\\Router->dispatchToRoute(Object(Illuminate\\Http\\Request))
#39 C:\\xampp\\htdocs\\thamescc-backend\\bagisto\\vendor\\laravel\\framework\\src\\Illuminate\\Foundation\\Http\\Kernel.php(201): Illuminate\\Routing\\Router->dispatch(Object(Illuminate\\Http\\Request))
#40 C:\\xampp\\htdocs\\thamescc-backend\\bagisto\\vendor\\laravel\\framework\\src\\Illuminate\\Pipeline\\Pipeline.php(170): Illuminate\\Foundation\\Http\\Kernel->Illuminate\\Foundation\\Http\\{closure}(Object(Illuminate\\Http\\Request))
#41 C:\\xampp\\htdocs\\thamescc-backend\\bagisto\\vendor\\barryvdh\\laravel-debugbar\\src\\Middleware\\InjectDebugbar.php(66): Illuminate\\Pipeline\\Pipeline->Illuminate\\Pipeline\\{closure}(Object(Illuminate\\Http\\Request))
#42 C:\\xampp\\htdocs\\thamescc-backend\\bagisto\\vendor\\laravel\\framework\\src\\Illuminate\\Pipeline\\Pipeline.php(209): Barryvdh\\Debugbar\\Middleware\\InjectDebugbar->handle(Object(Illuminate\\Http\\Request), Object(Closure))
#43 C:\\xampp\\htdocs\\thamescc-backend\\bagisto\\packages\\Webkul\\Installer\\src\\Http\\Middleware\\CanInstall.php(30): Illuminate\\Pipeline\\Pipeline->Illuminate\\Pipeline\\{closure}(Object(Illuminate\\Http\\Request))
#44 C:\\xampp\\htdocs\\thamescc-backend\\bagisto\\vendor\\laravel\\framework\\src\\Illuminate\\Pipeline\\Pipeline.php(209): Webkul\\Installer\\Http\\Middleware\\CanInstall->handle(Object(Illuminate\\Http\\Request), Object(Closure))
#45 C:\\xampp\\htdocs\\thamescc-backend\\bagisto\\packages\\Webkul\\Core\\src\\Http\\Middleware\\SecureHeaders.php(29): Illuminate\\Pipeline\\Pipeline->Illuminate\\Pipeline\\{closure}(Object(Illuminate\\Http\\Request))
#46 C:\\xampp\\htdocs\\thamescc-backend\\bagisto\\vendor\\laravel\\framework\\src\\Illuminate\\Pipeline\\Pipeline.php(209): Webkul\\Core\\Http\\Middleware\\SecureHeaders->handle(Object(Illuminate\\Http\\Request), Object(Closure))
#47 C:\\xampp\\htdocs\\thamescc-backend\\bagisto\\vendor\\laravel\\framework\\src\\Illuminate\\Foundation\\Http\\Middleware\\TransformsRequest.php(21): Illuminate\\Pipeline\\Pipeline->Illuminate\\Pipeline\\{closure}(Object(Illuminate\\Http\\Request))
#48 C:\\xampp\\htdocs\\thamescc-backend\\bagisto\\vendor\\laravel\\framework\\src\\Illuminate\\Foundation\\Http\\Middleware\\TrimStrings.php(51): Illuminate\\Foundation\\Http\\Middleware\\TransformsRequest->handle(Object(Illuminate\\Http\\Request), Object(Closure))
#49 C:\\xampp\\htdocs\\thamescc-backend\\bagisto\\vendor\\laravel\\framework\\src\\Illuminate\\Pipeline\\Pipeline.php(209): Illuminate\\Foundation\\Http\\Middleware\\TrimStrings->handle(Object(Illuminate\\Http\\Request), Object(Closure))
#50 C:\\xampp\\htdocs\\thamescc-backend\\bagisto\\vendor\\laravel\\framework\\src\\Illuminate\\Http\\Middleware\\ValidatePostSize.php(27): Illuminate\\Pipeline\\Pipeline->Illuminate\\Pipeline\\{closure}(Object(Illuminate\\Http\\Request))
#51 C:\\xampp\\htdocs\\thamescc-backend\\bagisto\\vendor\\laravel\\framework\\src\\Illuminate\\Pipeline\\Pipeline.php(209): Illuminate\\Http\\Middleware\\ValidatePostSize->handle(Object(Illuminate\\Http\\Request), Object(Closure))
#52 C:\\xampp\\htdocs\\thamescc-backend\\bagisto\\vendor\\laravel\\framework\\src\\Illuminate\\Http\\Middleware\\HandleCors.php(49): Illuminate\\Pipeline\\Pipeline->Illuminate\\Pipeline\\{closure}(Object(Illuminate\\Http\\Request))
#53 C:\\xampp\\htdocs\\thamescc-backend\\bagisto\\vendor\\laravel\\framework\\src\\Illuminate\\Pipeline\\Pipeline.php(209): Illuminate\\Http\\Middleware\\HandleCors->handle(Object(Illuminate\\Http\\Request), Object(Closure))
#54 C:\\xampp\\htdocs\\thamescc-backend\\bagisto\\vendor\\laravel\\framework\\src\\Illuminate\\Http\\Middleware\\TrustProxies.php(58): Illuminate\\Pipeline\\Pipeline->Illuminate\\Pipeline\\{closure}(Object(Illuminate\\Http\\Request))
#55 C:\\xampp\\htdocs\\thamescc-backend\\bagisto\\vendor\\laravel\\framework\\src\\Illuminate\\Pipeline\\Pipeline.php(209): Illuminate\\Http\\Middleware\\TrustProxies->handle(Object(Illuminate\\Http\\Request), Object(Closure))
#56 C:\\xampp\\htdocs\\thamescc-backend\\bagisto\\vendor\\laravel\\framework\\src\\Illuminate\\Foundation\\Http\\Middleware\\InvokeDeferredCallbacks.php(22): Illuminate\\Pipeline\\Pipeline->Illuminate\\Pipeline\\{closure}(Object(Illuminate\\Http\\Request))
#57 C:\\xampp\\htdocs\\thamescc-backend\\bagisto\\vendor\\laravel\\framework\\src\\Illuminate\\Pipeline\\Pipeline.php(209): Illuminate\\Foundation\\Http\\Middleware\\InvokeDeferredCallbacks->handle(Object(Illuminate\\Http\\Request), Object(Closure))
#58 C:\\xampp\\htdocs\\thamescc-backend\\bagisto\\vendor\\laravel\\framework\\src\\Illuminate\\Pipeline\\Pipeline.php(127): Illuminate\\Pipeline\\Pipeline->Illuminate\\Pipeline\\{closure}(Object(Illuminate\\Http\\Request))
#59 C:\\xampp\\htdocs\\thamescc-backend\\bagisto\\vendor\\laravel\\framework\\src\\Illuminate\\Foundation\\Http\\Kernel.php(176): Illuminate\\Pipeline\\Pipeline->then(Object(Closure))
#60 C:\\xampp\\htdocs\\thamescc-backend\\bagisto\\vendor\\laravel\\framework\\src\\Illuminate\\Foundation\\Http\\Kernel.php(145): Illuminate\\Foundation\\Http\\Kernel->sendRequestThroughRouter(Object(Illuminate\\Http\\Request))
#61 C:\\xampp\\htdocs\\thamescc-backend\\bagisto\\public\\index.php(51): Illuminate\\Foundation\\Http\\Kernel->handle(Object(Illuminate\\Http\\Request))
#62 C:\\xampp\\htdocs\\thamescc-backend\\bagisto\\vendor\\laravel\\framework\\src\\Illuminate\\Foundation\\resources\\server.php(23): require_once('C:\\\\xampp\\\\htdocs...')
#63 {main}
"} 
[2025-06-30 12:32:29] local.ERROR: Class "NumberFormatter" not found {"exception":"[object] (Error(code: 0): Class \"NumberFormatter\" not found at C:\\xampp\\htdocs\\thamescc-backend\\bagisto\\packages\\Webkul\\Core\\src\\Concerns\\CurrencyFormatter.php:27)
[stacktrace]
#0 C:\\xampp\\htdocs\\thamescc-backend\\bagisto\\packages\\Webkul\\Core\\src\\Concerns\\CurrencyFormatter.php(19): Webkul\\Core\\Core->useDefaultCurrencyFormatter(0.0, Object(Webkul\\Core\\Models\\Currency))
#1 C:\\xampp\\htdocs\\thamescc-backend\\bagisto\\packages\\Webkul\\Core\\src\\Core.php(561): Webkul\\Core\\Core->formatCurrency(0.0, Object(Webkul\\Core\\Models\\Currency))
#2 C:\\xampp\\htdocs\\thamescc-backend\\bagisto\\packages\\Webkul\\Admin\\src\\Helpers\\Reporting\\Sale.php(132): Webkul\\Core\\Core->formatBasePrice(0.0)
#3 C:\\xampp\\htdocs\\thamescc-backend\\bagisto\\packages\\Webkul\\Admin\\src\\Helpers\\Dashboard.php(108): Webkul\\Admin\\Helpers\\Reporting\\Sale->getTotalSalesProgress()
#4 C:\\xampp\\htdocs\\thamescc-backend\\bagisto\\packages\\Webkul\\Admin\\src\\Http\\Controllers\\DashboardController.php(51): Webkul\\Admin\\Helpers\\Dashboard->getSalesStats()
#5 C:\\xampp\\htdocs\\thamescc-backend\\bagisto\\vendor\\laravel\\framework\\src\\Illuminate\\Routing\\Controller.php(54): Webkul\\Admin\\Http\\Controllers\\DashboardController->stats()
#6 C:\\xampp\\htdocs\\thamescc-backend\\bagisto\\vendor\\laravel\\framework\\src\\Illuminate\\Routing\\ControllerDispatcher.php(44): Illuminate\\Routing\\Controller->callAction('stats', Array)
#7 C:\\xampp\\htdocs\\thamescc-backend\\bagisto\\vendor\\laravel\\framework\\src\\Illuminate\\Routing\\Route.php(266): Illuminate\\Routing\\ControllerDispatcher->dispatch(Object(Illuminate\\Routing\\Route), Object(Webkul\\Admin\\Http\\Controllers\\DashboardController), 'stats')
#8 C:\\xampp\\htdocs\\thamescc-backend\\bagisto\\vendor\\laravel\\framework\\src\\Illuminate\\Routing\\Route.php(212): Illuminate\\Routing\\Route->runController()
#9 C:\\xampp\\htdocs\\thamescc-backend\\bagisto\\vendor\\laravel\\framework\\src\\Illuminate\\Routing\\Router.php(808): Illuminate\\Routing\\Route->run()
#10 C:\\xampp\\htdocs\\thamescc-backend\\bagisto\\vendor\\laravel\\framework\\src\\Illuminate\\Pipeline\\Pipeline.php(170): Illuminate\\Routing\\Router->Illuminate\\Routing\\{closure}(Object(Illuminate\\Http\\Request))
#11 C:\\xampp\\htdocs\\thamescc-backend\\bagisto\\packages\\Webkul\\User\\src\\Http\\Middleware\\Bouncer.php(44): Illuminate\\Pipeline\\Pipeline->Illuminate\\Pipeline\\{closure}(Object(Illuminate\\Http\\Request))
#12 C:\\xampp\\htdocs\\thamescc-backend\\bagisto\\vendor\\laravel\\framework\\src\\Illuminate\\Pipeline\\Pipeline.php(209): Webkul\\User\\Http\\Middleware\\Bouncer->handle(Object(Illuminate\\Http\\Request), Object(Closure))
#13 C:\\xampp\\htdocs\\thamescc-backend\\bagisto\\packages\\Webkul\\Core\\src\\Http\\Middleware\\PreventRequestsDuringMaintenance.php(119): Illuminate\\Pipeline\\Pipeline->Illuminate\\Pipeline\\{closure}(Object(Illuminate\\Http\\Request))
#14 C:\\xampp\\htdocs\\thamescc-backend\\bagisto\\vendor\\laravel\\framework\\src\\Illuminate\\Pipeline\\Pipeline.php(209): Webkul\\Core\\Http\\Middleware\\PreventRequestsDuringMaintenance->handle(Object(Illuminate\\Http\\Request), Object(Closure))
#15 C:\\xampp\\htdocs\\thamescc-backend\\bagisto\\vendor\\barryvdh\\laravel-debugbar\\src\\Middleware\\InjectDebugbar.php(66): Illuminate\\Pipeline\\Pipeline->Illuminate\\Pipeline\\{closure}(Object(Illuminate\\Http\\Request))
#16 C:\\xampp\\htdocs\\thamescc-backend\\bagisto\\vendor\\laravel\\framework\\src\\Illuminate\\Pipeline\\Pipeline.php(209): Barryvdh\\Debugbar\\Middleware\\InjectDebugbar->handle(Object(Illuminate\\Http\\Request), Object(Closure))
#17 C:\\xampp\\htdocs\\thamescc-backend\\bagisto\\vendor\\laravel\\framework\\src\\Illuminate\\Routing\\Middleware\\SubstituteBindings.php(51): Illuminate\\Pipeline\\Pipeline->Illuminate\\Pipeline\\{closure}(Object(Illuminate\\Http\\Request))
#18 C:\\xampp\\htdocs\\thamescc-backend\\bagisto\\vendor\\laravel\\framework\\src\\Illuminate\\Pipeline\\Pipeline.php(209): Illuminate\\Routing\\Middleware\\SubstituteBindings->handle(Object(Illuminate\\Http\\Request), Object(Closure))
#19 C:\\xampp\\htdocs\\thamescc-backend\\bagisto\\vendor\\laravel\\framework\\src\\Illuminate\\Foundation\\Http\\Middleware\\VerifyCsrfToken.php(88): Illuminate\\Pipeline\\Pipeline->Illuminate\\Pipeline\\{closure}(Object(Illuminate\\Http\\Request))
#20 C:\\xampp\\htdocs\\thamescc-backend\\bagisto\\vendor\\laravel\\framework\\src\\Illuminate\\Pipeline\\Pipeline.php(209): Illuminate\\Foundation\\Http\\Middleware\\VerifyCsrfToken->handle(Object(Illuminate\\Http\\Request), Object(Closure))
#21 C:\\xampp\\htdocs\\thamescc-backend\\bagisto\\vendor\\laravel\\framework\\src\\Illuminate\\View\\Middleware\\ShareErrorsFromSession.php(49): Illuminate\\Pipeline\\Pipeline->Illuminate\\Pipeline\\{closure}(Object(Illuminate\\Http\\Request))
#22 C:\\xampp\\htdocs\\thamescc-backend\\bagisto\\vendor\\laravel\\framework\\src\\Illuminate\\Pipeline\\Pipeline.php(209): Illuminate\\View\\Middleware\\ShareErrorsFromSession->handle(Object(Illuminate\\Http\\Request), Object(Closure))
#23 C:\\xampp\\htdocs\\thamescc-backend\\bagisto\\vendor\\laravel\\framework\\src\\Illuminate\\Session\\Middleware\\StartSession.php(121): Illuminate\\Pipeline\\Pipeline->Illuminate\\Pipeline\\{closure}(Object(Illuminate\\Http\\Request))
#24 C:\\xampp\\htdocs\\thamescc-backend\\bagisto\\vendor\\laravel\\framework\\src\\Illuminate\\Session\\Middleware\\StartSession.php(64): Illuminate\\Session\\Middleware\\StartSession->handleStatefulRequest(Object(Illuminate\\Http\\Request), Object(Illuminate\\Session\\Store), Object(Closure))
#25 C:\\xampp\\htdocs\\thamescc-backend\\bagisto\\vendor\\laravel\\framework\\src\\Illuminate\\Pipeline\\Pipeline.php(209): Illuminate\\Session\\Middleware\\StartSession->handle(Object(Illuminate\\Http\\Request), Object(Closure))
#26 C:\\xampp\\htdocs\\thamescc-backend\\bagisto\\vendor\\laravel\\framework\\src\\Illuminate\\Cookie\\Middleware\\AddQueuedCookiesToResponse.php(37): Illuminate\\Pipeline\\Pipeline->Illuminate\\Pipeline\\{closure}(Object(Illuminate\\Http\\Request))
#27 C:\\xampp\\htdocs\\thamescc-backend\\bagisto\\vendor\\laravel\\framework\\src\\Illuminate\\Pipeline\\Pipeline.php(209): Illuminate\\Cookie\\Middleware\\AddQueuedCookiesToResponse->handle(Object(Illuminate\\Http\\Request), Object(Closure))
#28 C:\\xampp\\htdocs\\thamescc-backend\\bagisto\\vendor\\laravel\\framework\\src\\Illuminate\\Cookie\\Middleware\\EncryptCookies.php(75): Illuminate\\Pipeline\\Pipeline->Illuminate\\Pipeline\\{closure}(Object(Illuminate\\Http\\Request))
#29 C:\\xampp\\htdocs\\thamescc-backend\\bagisto\\vendor\\laravel\\framework\\src\\Illuminate\\Pipeline\\Pipeline.php(209): Illuminate\\Cookie\\Middleware\\EncryptCookies->handle(Object(Illuminate\\Http\\Request), Object(Closure))
#30 C:\\xampp\\htdocs\\thamescc-backend\\bagisto\\vendor\\laravel\\framework\\src\\Illuminate\\Pipeline\\Pipeline.php(127): Illuminate\\Pipeline\\Pipeline->Illuminate\\Pipeline\\{closure}(Object(Illuminate\\Http\\Request))
#31 C:\\xampp\\htdocs\\thamescc-backend\\bagisto\\vendor\\laravel\\framework\\src\\Illuminate\\Routing\\Router.php(807): Illuminate\\Pipeline\\Pipeline->then(Object(Closure))
#32 C:\\xampp\\htdocs\\thamescc-backend\\bagisto\\vendor\\laravel\\framework\\src\\Illuminate\\Routing\\Router.php(786): Illuminate\\Routing\\Router->runRouteWithinStack(Object(Illuminate\\Routing\\Route), Object(Illuminate\\Http\\Request))
#33 C:\\xampp\\htdocs\\thamescc-backend\\bagisto\\vendor\\laravel\\framework\\src\\Illuminate\\Routing\\Router.php(750): Illuminate\\Routing\\Router->runRoute(Object(Illuminate\\Http\\Request), Object(Illuminate\\Routing\\Route))
#34 C:\\xampp\\htdocs\\thamescc-backend\\bagisto\\vendor\\laravel\\framework\\src\\Illuminate\\Routing\\Router.php(739): Illuminate\\Routing\\Router->dispatchToRoute(Object(Illuminate\\Http\\Request))
#35 C:\\xampp\\htdocs\\thamescc-backend\\bagisto\\vendor\\laravel\\framework\\src\\Illuminate\\Foundation\\Http\\Kernel.php(201): Illuminate\\Routing\\Router->dispatch(Object(Illuminate\\Http\\Request))
#36 C:\\xampp\\htdocs\\thamescc-backend\\bagisto\\vendor\\laravel\\framework\\src\\Illuminate\\Pipeline\\Pipeline.php(170): Illuminate\\Foundation\\Http\\Kernel->Illuminate\\Foundation\\Http\\{closure}(Object(Illuminate\\Http\\Request))
#37 C:\\xampp\\htdocs\\thamescc-backend\\bagisto\\vendor\\barryvdh\\laravel-debugbar\\src\\Middleware\\InjectDebugbar.php(66): Illuminate\\Pipeline\\Pipeline->Illuminate\\Pipeline\\{closure}(Object(Illuminate\\Http\\Request))
#38 C:\\xampp\\htdocs\\thamescc-backend\\bagisto\\vendor\\laravel\\framework\\src\\Illuminate\\Pipeline\\Pipeline.php(209): Barryvdh\\Debugbar\\Middleware\\InjectDebugbar->handle(Object(Illuminate\\Http\\Request), Object(Closure))
#39 C:\\xampp\\htdocs\\thamescc-backend\\bagisto\\packages\\Webkul\\Installer\\src\\Http\\Middleware\\CanInstall.php(30): Illuminate\\Pipeline\\Pipeline->Illuminate\\Pipeline\\{closure}(Object(Illuminate\\Http\\Request))
#40 C:\\xampp\\htdocs\\thamescc-backend\\bagisto\\vendor\\laravel\\framework\\src\\Illuminate\\Pipeline\\Pipeline.php(209): Webkul\\Installer\\Http\\Middleware\\CanInstall->handle(Object(Illuminate\\Http\\Request), Object(Closure))
#41 C:\\xampp\\htdocs\\thamescc-backend\\bagisto\\packages\\Webkul\\Core\\src\\Http\\Middleware\\SecureHeaders.php(29): Illuminate\\Pipeline\\Pipeline->Illuminate\\Pipeline\\{closure}(Object(Illuminate\\Http\\Request))
#42 C:\\xampp\\htdocs\\thamescc-backend\\bagisto\\vendor\\laravel\\framework\\src\\Illuminate\\Pipeline\\Pipeline.php(209): Webkul\\Core\\Http\\Middleware\\SecureHeaders->handle(Object(Illuminate\\Http\\Request), Object(Closure))
#43 C:\\xampp\\htdocs\\thamescc-backend\\bagisto\\vendor\\laravel\\framework\\src\\Illuminate\\Foundation\\Http\\Middleware\\TransformsRequest.php(21): Illuminate\\Pipeline\\Pipeline->Illuminate\\Pipeline\\{closure}(Object(Illuminate\\Http\\Request))
#44 C:\\xampp\\htdocs\\thamescc-backend\\bagisto\\vendor\\laravel\\framework\\src\\Illuminate\\Foundation\\Http\\Middleware\\TrimStrings.php(51): Illuminate\\Foundation\\Http\\Middleware\\TransformsRequest->handle(Object(Illuminate\\Http\\Request), Object(Closure))
#45 C:\\xampp\\htdocs\\thamescc-backend\\bagisto\\vendor\\laravel\\framework\\src\\Illuminate\\Pipeline\\Pipeline.php(209): Illuminate\\Foundation\\Http\\Middleware\\TrimStrings->handle(Object(Illuminate\\Http\\Request), Object(Closure))
#46 C:\\xampp\\htdocs\\thamescc-backend\\bagisto\\vendor\\laravel\\framework\\src\\Illuminate\\Http\\Middleware\\ValidatePostSize.php(27): Illuminate\\Pipeline\\Pipeline->Illuminate\\Pipeline\\{closure}(Object(Illuminate\\Http\\Request))
#47 C:\\xampp\\htdocs\\thamescc-backend\\bagisto\\vendor\\laravel\\framework\\src\\Illuminate\\Pipeline\\Pipeline.php(209): Illuminate\\Http\\Middleware\\ValidatePostSize->handle(Object(Illuminate\\Http\\Request), Object(Closure))
#48 C:\\xampp\\htdocs\\thamescc-backend\\bagisto\\vendor\\laravel\\framework\\src\\Illuminate\\Http\\Middleware\\HandleCors.php(49): Illuminate\\Pipeline\\Pipeline->Illuminate\\Pipeline\\{closure}(Object(Illuminate\\Http\\Request))
#49 C:\\xampp\\htdocs\\thamescc-backend\\bagisto\\vendor\\laravel\\framework\\src\\Illuminate\\Pipeline\\Pipeline.php(209): Illuminate\\Http\\Middleware\\HandleCors->handle(Object(Illuminate\\Http\\Request), Object(Closure))
#50 C:\\xampp\\htdocs\\thamescc-backend\\bagisto\\vendor\\laravel\\framework\\src\\Illuminate\\Http\\Middleware\\TrustProxies.php(58): Illuminate\\Pipeline\\Pipeline->Illuminate\\Pipeline\\{closure}(Object(Illuminate\\Http\\Request))
#51 C:\\xampp\\htdocs\\thamescc-backend\\bagisto\\vendor\\laravel\\framework\\src\\Illuminate\\Pipeline\\Pipeline.php(209): Illuminate\\Http\\Middleware\\TrustProxies->handle(Object(Illuminate\\Http\\Request), Object(Closure))
#52 C:\\xampp\\htdocs\\thamescc-backend\\bagisto\\vendor\\laravel\\framework\\src\\Illuminate\\Foundation\\Http\\Middleware\\InvokeDeferredCallbacks.php(22): Illuminate\\Pipeline\\Pipeline->Illuminate\\Pipeline\\{closure}(Object(Illuminate\\Http\\Request))
#53 C:\\xampp\\htdocs\\thamescc-backend\\bagisto\\vendor\\laravel\\framework\\src\\Illuminate\\Pipeline\\Pipeline.php(209): Illuminate\\Foundation\\Http\\Middleware\\InvokeDeferredCallbacks->handle(Object(Illuminate\\Http\\Request), Object(Closure))
#54 C:\\xampp\\htdocs\\thamescc-backend\\bagisto\\vendor\\laravel\\framework\\src\\Illuminate\\Pipeline\\Pipeline.php(127): Illuminate\\Pipeline\\Pipeline->Illuminate\\Pipeline\\{closure}(Object(Illuminate\\Http\\Request))
#55 C:\\xampp\\htdocs\\thamescc-backend\\bagisto\\vendor\\laravel\\framework\\src\\Illuminate\\Foundation\\Http\\Kernel.php(176): Illuminate\\Pipeline\\Pipeline->then(Object(Closure))
#56 C:\\xampp\\htdocs\\thamescc-backend\\bagisto\\vendor\\laravel\\framework\\src\\Illuminate\\Foundation\\Http\\Kernel.php(145): Illuminate\\Foundation\\Http\\Kernel->sendRequestThroughRouter(Object(Illuminate\\Http\\Request))
#57 C:\\xampp\\htdocs\\thamescc-backend\\bagisto\\public\\index.php(51): Illuminate\\Foundation\\Http\\Kernel->handle(Object(Illuminate\\Http\\Request))
#58 C:\\xampp\\htdocs\\thamescc-backend\\bagisto\\vendor\\laravel\\framework\\src\\Illuminate\\Foundation\\resources\\server.php(23): require_once('C:\\\\xampp\\\\htdocs...')
#59 {main}
"} 
[2025-06-30 12:32:31] local.ERROR: Class "NumberFormatter" not found {"exception":"[object] (Error(code: 0): Class \"NumberFormatter\" not found at C:\\xampp\\htdocs\\thamescc-backend\\bagisto\\packages\\Webkul\\Core\\src\\Concerns\\CurrencyFormatter.php:27)
[stacktrace]
#0 C:\\xampp\\htdocs\\thamescc-backend\\bagisto\\packages\\Webkul\\Core\\src\\Concerns\\CurrencyFormatter.php(19): Webkul\\Core\\Core->useDefaultCurrencyFormatter(0.0, Object(Webkul\\Core\\Models\\Currency))
#1 C:\\xampp\\htdocs\\thamescc-backend\\bagisto\\packages\\Webkul\\Core\\src\\Core.php(561): Webkul\\Core\\Core->formatCurrency(0.0, Object(Webkul\\Core\\Models\\Currency))
#2 C:\\xampp\\htdocs\\thamescc-backend\\bagisto\\packages\\Webkul\\Admin\\src\\Helpers\\Dashboard.php(141): Webkul\\Core\\Core->formatBasePrice(0.0)
#3 [internal function]: Webkul\\Admin\\Helpers\\Dashboard->Webkul\\Admin\\Helpers\\{closure}(Object(Webkul\\Sales\\Models\\Order), 0)
#4 C:\\xampp\\htdocs\\thamescc-backend\\bagisto\\vendor\\laravel\\framework\\src\\Illuminate\\Collections\\Arr.php(609): array_map(Object(Closure), Array, Array)
#5 C:\\xampp\\htdocs\\thamescc-backend\\bagisto\\vendor\\laravel\\framework\\src\\Illuminate\\Collections\\Collection.php(799): Illuminate\\Support\\Arr::map(Array, Object(Closure))
#6 C:\\xampp\\htdocs\\thamescc-backend\\bagisto\\vendor\\laravel\\framework\\src\\Illuminate\\Database\\Eloquent\\Collection.php(388): Illuminate\\Support\\Collection->map(Object(Closure))
#7 C:\\xampp\\htdocs\\thamescc-backend\\bagisto\\packages\\Webkul\\Admin\\src\\Helpers\\Dashboard.php(140): Illuminate\\Database\\Eloquent\\Collection->map(Object(Closure))
#8 C:\\xampp\\htdocs\\thamescc-backend\\bagisto\\packages\\Webkul\\Admin\\src\\Http\\Controllers\\DashboardController.php(51): Webkul\\Admin\\Helpers\\Dashboard->getTopCustomers()
#9 C:\\xampp\\htdocs\\thamescc-backend\\bagisto\\vendor\\laravel\\framework\\src\\Illuminate\\Routing\\Controller.php(54): Webkul\\Admin\\Http\\Controllers\\DashboardController->stats()
#10 C:\\xampp\\htdocs\\thamescc-backend\\bagisto\\vendor\\laravel\\framework\\src\\Illuminate\\Routing\\ControllerDispatcher.php(44): Illuminate\\Routing\\Controller->callAction('stats', Array)
#11 C:\\xampp\\htdocs\\thamescc-backend\\bagisto\\vendor\\laravel\\framework\\src\\Illuminate\\Routing\\Route.php(266): Illuminate\\Routing\\ControllerDispatcher->dispatch(Object(Illuminate\\Routing\\Route), Object(Webkul\\Admin\\Http\\Controllers\\DashboardController), 'stats')
#12 C:\\xampp\\htdocs\\thamescc-backend\\bagisto\\vendor\\laravel\\framework\\src\\Illuminate\\Routing\\Route.php(212): Illuminate\\Routing\\Route->runController()
#13 C:\\xampp\\htdocs\\thamescc-backend\\bagisto\\vendor\\laravel\\framework\\src\\Illuminate\\Routing\\Router.php(808): Illuminate\\Routing\\Route->run()
#14 C:\\xampp\\htdocs\\thamescc-backend\\bagisto\\vendor\\laravel\\framework\\src\\Illuminate\\Pipeline\\Pipeline.php(170): Illuminate\\Routing\\Router->Illuminate\\Routing\\{closure}(Object(Illuminate\\Http\\Request))
#15 C:\\xampp\\htdocs\\thamescc-backend\\bagisto\\packages\\Webkul\\User\\src\\Http\\Middleware\\Bouncer.php(44): Illuminate\\Pipeline\\Pipeline->Illuminate\\Pipeline\\{closure}(Object(Illuminate\\Http\\Request))
#16 C:\\xampp\\htdocs\\thamescc-backend\\bagisto\\vendor\\laravel\\framework\\src\\Illuminate\\Pipeline\\Pipeline.php(209): Webkul\\User\\Http\\Middleware\\Bouncer->handle(Object(Illuminate\\Http\\Request), Object(Closure))
#17 C:\\xampp\\htdocs\\thamescc-backend\\bagisto\\packages\\Webkul\\Core\\src\\Http\\Middleware\\PreventRequestsDuringMaintenance.php(119): Illuminate\\Pipeline\\Pipeline->Illuminate\\Pipeline\\{closure}(Object(Illuminate\\Http\\Request))
#18 C:\\xampp\\htdocs\\thamescc-backend\\bagisto\\vendor\\laravel\\framework\\src\\Illuminate\\Pipeline\\Pipeline.php(209): Webkul\\Core\\Http\\Middleware\\PreventRequestsDuringMaintenance->handle(Object(Illuminate\\Http\\Request), Object(Closure))
#19 C:\\xampp\\htdocs\\thamescc-backend\\bagisto\\vendor\\barryvdh\\laravel-debugbar\\src\\Middleware\\InjectDebugbar.php(66): Illuminate\\Pipeline\\Pipeline->Illuminate\\Pipeline\\{closure}(Object(Illuminate\\Http\\Request))
#20 C:\\xampp\\htdocs\\thamescc-backend\\bagisto\\vendor\\laravel\\framework\\src\\Illuminate\\Pipeline\\Pipeline.php(209): Barryvdh\\Debugbar\\Middleware\\InjectDebugbar->handle(Object(Illuminate\\Http\\Request), Object(Closure))
#21 C:\\xampp\\htdocs\\thamescc-backend\\bagisto\\vendor\\laravel\\framework\\src\\Illuminate\\Routing\\Middleware\\SubstituteBindings.php(51): Illuminate\\Pipeline\\Pipeline->Illuminate\\Pipeline\\{closure}(Object(Illuminate\\Http\\Request))
#22 C:\\xampp\\htdocs\\thamescc-backend\\bagisto\\vendor\\laravel\\framework\\src\\Illuminate\\Pipeline\\Pipeline.php(209): Illuminate\\Routing\\Middleware\\SubstituteBindings->handle(Object(Illuminate\\Http\\Request), Object(Closure))
#23 C:\\xampp\\htdocs\\thamescc-backend\\bagisto\\vendor\\laravel\\framework\\src\\Illuminate\\Foundation\\Http\\Middleware\\VerifyCsrfToken.php(88): Illuminate\\Pipeline\\Pipeline->Illuminate\\Pipeline\\{closure}(Object(Illuminate\\Http\\Request))
#24 C:\\xampp\\htdocs\\thamescc-backend\\bagisto\\vendor\\laravel\\framework\\src\\Illuminate\\Pipeline\\Pipeline.php(209): Illuminate\\Foundation\\Http\\Middleware\\VerifyCsrfToken->handle(Object(Illuminate\\Http\\Request), Object(Closure))
#25 C:\\xampp\\htdocs\\thamescc-backend\\bagisto\\vendor\\laravel\\framework\\src\\Illuminate\\View\\Middleware\\ShareErrorsFromSession.php(49): Illuminate\\Pipeline\\Pipeline->Illuminate\\Pipeline\\{closure}(Object(Illuminate\\Http\\Request))
#26 C:\\xampp\\htdocs\\thamescc-backend\\bagisto\\vendor\\laravel\\framework\\src\\Illuminate\\Pipeline\\Pipeline.php(209): Illuminate\\View\\Middleware\\ShareErrorsFromSession->handle(Object(Illuminate\\Http\\Request), Object(Closure))
#27 C:\\xampp\\htdocs\\thamescc-backend\\bagisto\\vendor\\laravel\\framework\\src\\Illuminate\\Session\\Middleware\\StartSession.php(121): Illuminate\\Pipeline\\Pipeline->Illuminate\\Pipeline\\{closure}(Object(Illuminate\\Http\\Request))
#28 C:\\xampp\\htdocs\\thamescc-backend\\bagisto\\vendor\\laravel\\framework\\src\\Illuminate\\Session\\Middleware\\StartSession.php(64): Illuminate\\Session\\Middleware\\StartSession->handleStatefulRequest(Object(Illuminate\\Http\\Request), Object(Illuminate\\Session\\Store), Object(Closure))
#29 C:\\xampp\\htdocs\\thamescc-backend\\bagisto\\vendor\\laravel\\framework\\src\\Illuminate\\Pipeline\\Pipeline.php(209): Illuminate\\Session\\Middleware\\StartSession->handle(Object(Illuminate\\Http\\Request), Object(Closure))
#30 C:\\xampp\\htdocs\\thamescc-backend\\bagisto\\vendor\\laravel\\framework\\src\\Illuminate\\Cookie\\Middleware\\AddQueuedCookiesToResponse.php(37): Illuminate\\Pipeline\\Pipeline->Illuminate\\Pipeline\\{closure}(Object(Illuminate\\Http\\Request))
#31 C:\\xampp\\htdocs\\thamescc-backend\\bagisto\\vendor\\laravel\\framework\\src\\Illuminate\\Pipeline\\Pipeline.php(209): Illuminate\\Cookie\\Middleware\\AddQueuedCookiesToResponse->handle(Object(Illuminate\\Http\\Request), Object(Closure))
#32 C:\\xampp\\htdocs\\thamescc-backend\\bagisto\\vendor\\laravel\\framework\\src\\Illuminate\\Cookie\\Middleware\\EncryptCookies.php(75): Illuminate\\Pipeline\\Pipeline->Illuminate\\Pipeline\\{closure}(Object(Illuminate\\Http\\Request))
#33 C:\\xampp\\htdocs\\thamescc-backend\\bagisto\\vendor\\laravel\\framework\\src\\Illuminate\\Pipeline\\Pipeline.php(209): Illuminate\\Cookie\\Middleware\\EncryptCookies->handle(Object(Illuminate\\Http\\Request), Object(Closure))
#34 C:\\xampp\\htdocs\\thamescc-backend\\bagisto\\vendor\\laravel\\framework\\src\\Illuminate\\Pipeline\\Pipeline.php(127): Illuminate\\Pipeline\\Pipeline->Illuminate\\Pipeline\\{closure}(Object(Illuminate\\Http\\Request))
#35 C:\\xampp\\htdocs\\thamescc-backend\\bagisto\\vendor\\laravel\\framework\\src\\Illuminate\\Routing\\Router.php(807): Illuminate\\Pipeline\\Pipeline->then(Object(Closure))
#36 C:\\xampp\\htdocs\\thamescc-backend\\bagisto\\vendor\\laravel\\framework\\src\\Illuminate\\Routing\\Router.php(786): Illuminate\\Routing\\Router->runRouteWithinStack(Object(Illuminate\\Routing\\Route), Object(Illuminate\\Http\\Request))
#37 C:\\xampp\\htdocs\\thamescc-backend\\bagisto\\vendor\\laravel\\framework\\src\\Illuminate\\Routing\\Router.php(750): Illuminate\\Routing\\Router->runRoute(Object(Illuminate\\Http\\Request), Object(Illuminate\\Routing\\Route))
#38 C:\\xampp\\htdocs\\thamescc-backend\\bagisto\\vendor\\laravel\\framework\\src\\Illuminate\\Routing\\Router.php(739): Illuminate\\Routing\\Router->dispatchToRoute(Object(Illuminate\\Http\\Request))
#39 C:\\xampp\\htdocs\\thamescc-backend\\bagisto\\vendor\\laravel\\framework\\src\\Illuminate\\Foundation\\Http\\Kernel.php(201): Illuminate\\Routing\\Router->dispatch(Object(Illuminate\\Http\\Request))
#40 C:\\xampp\\htdocs\\thamescc-backend\\bagisto\\vendor\\laravel\\framework\\src\\Illuminate\\Pipeline\\Pipeline.php(170): Illuminate\\Foundation\\Http\\Kernel->Illuminate\\Foundation\\Http\\{closure}(Object(Illuminate\\Http\\Request))
#41 C:\\xampp\\htdocs\\thamescc-backend\\bagisto\\vendor\\barryvdh\\laravel-debugbar\\src\\Middleware\\InjectDebugbar.php(66): Illuminate\\Pipeline\\Pipeline->Illuminate\\Pipeline\\{closure}(Object(Illuminate\\Http\\Request))
#42 C:\\xampp\\htdocs\\thamescc-backend\\bagisto\\vendor\\laravel\\framework\\src\\Illuminate\\Pipeline\\Pipeline.php(209): Barryvdh\\Debugbar\\Middleware\\InjectDebugbar->handle(Object(Illuminate\\Http\\Request), Object(Closure))
#43 C:\\xampp\\htdocs\\thamescc-backend\\bagisto\\packages\\Webkul\\Installer\\src\\Http\\Middleware\\CanInstall.php(30): Illuminate\\Pipeline\\Pipeline->Illuminate\\Pipeline\\{closure}(Object(Illuminate\\Http\\Request))
#44 C:\\xampp\\htdocs\\thamescc-backend\\bagisto\\vendor\\laravel\\framework\\src\\Illuminate\\Pipeline\\Pipeline.php(209): Webkul\\Installer\\Http\\Middleware\\CanInstall->handle(Object(Illuminate\\Http\\Request), Object(Closure))
#45 C:\\xampp\\htdocs\\thamescc-backend\\bagisto\\packages\\Webkul\\Core\\src\\Http\\Middleware\\SecureHeaders.php(29): Illuminate\\Pipeline\\Pipeline->Illuminate\\Pipeline\\{closure}(Object(Illuminate\\Http\\Request))
#46 C:\\xampp\\htdocs\\thamescc-backend\\bagisto\\vendor\\laravel\\framework\\src\\Illuminate\\Pipeline\\Pipeline.php(209): Webkul\\Core\\Http\\Middleware\\SecureHeaders->handle(Object(Illuminate\\Http\\Request), Object(Closure))
#47 C:\\xampp\\htdocs\\thamescc-backend\\bagisto\\vendor\\laravel\\framework\\src\\Illuminate\\Foundation\\Http\\Middleware\\TransformsRequest.php(21): Illuminate\\Pipeline\\Pipeline->Illuminate\\Pipeline\\{closure}(Object(Illuminate\\Http\\Request))
#48 C:\\xampp\\htdocs\\thamescc-backend\\bagisto\\vendor\\laravel\\framework\\src\\Illuminate\\Foundation\\Http\\Middleware\\TrimStrings.php(51): Illuminate\\Foundation\\Http\\Middleware\\TransformsRequest->handle(Object(Illuminate\\Http\\Request), Object(Closure))
#49 C:\\xampp\\htdocs\\thamescc-backend\\bagisto\\vendor\\laravel\\framework\\src\\Illuminate\\Pipeline\\Pipeline.php(209): Illuminate\\Foundation\\Http\\Middleware\\TrimStrings->handle(Object(Illuminate\\Http\\Request), Object(Closure))
#50 C:\\xampp\\htdocs\\thamescc-backend\\bagisto\\vendor\\laravel\\framework\\src\\Illuminate\\Http\\Middleware\\ValidatePostSize.php(27): Illuminate\\Pipeline\\Pipeline->Illuminate\\Pipeline\\{closure}(Object(Illuminate\\Http\\Request))
#51 C:\\xampp\\htdocs\\thamescc-backend\\bagisto\\vendor\\laravel\\framework\\src\\Illuminate\\Pipeline\\Pipeline.php(209): Illuminate\\Http\\Middleware\\ValidatePostSize->handle(Object(Illuminate\\Http\\Request), Object(Closure))
#52 C:\\xampp\\htdocs\\thamescc-backend\\bagisto\\vendor\\laravel\\framework\\src\\Illuminate\\Http\\Middleware\\HandleCors.php(49): Illuminate\\Pipeline\\Pipeline->Illuminate\\Pipeline\\{closure}(Object(Illuminate\\Http\\Request))
#53 C:\\xampp\\htdocs\\thamescc-backend\\bagisto\\vendor\\laravel\\framework\\src\\Illuminate\\Pipeline\\Pipeline.php(209): Illuminate\\Http\\Middleware\\HandleCors->handle(Object(Illuminate\\Http\\Request), Object(Closure))
#54 C:\\xampp\\htdocs\\thamescc-backend\\bagisto\\vendor\\laravel\\framework\\src\\Illuminate\\Http\\Middleware\\TrustProxies.php(58): Illuminate\\Pipeline\\Pipeline->Illuminate\\Pipeline\\{closure}(Object(Illuminate\\Http\\Request))
#55 C:\\xampp\\htdocs\\thamescc-backend\\bagisto\\vendor\\laravel\\framework\\src\\Illuminate\\Pipeline\\Pipeline.php(209): Illuminate\\Http\\Middleware\\TrustProxies->handle(Object(Illuminate\\Http\\Request), Object(Closure))
#56 C:\\xampp\\htdocs\\thamescc-backend\\bagisto\\vendor\\laravel\\framework\\src\\Illuminate\\Foundation\\Http\\Middleware\\InvokeDeferredCallbacks.php(22): Illuminate\\Pipeline\\Pipeline->Illuminate\\Pipeline\\{closure}(Object(Illuminate\\Http\\Request))
#57 C:\\xampp\\htdocs\\thamescc-backend\\bagisto\\vendor\\laravel\\framework\\src\\Illuminate\\Pipeline\\Pipeline.php(209): Illuminate\\Foundation\\Http\\Middleware\\InvokeDeferredCallbacks->handle(Object(Illuminate\\Http\\Request), Object(Closure))
#58 C:\\xampp\\htdocs\\thamescc-backend\\bagisto\\vendor\\laravel\\framework\\src\\Illuminate\\Pipeline\\Pipeline.php(127): Illuminate\\Pipeline\\Pipeline->Illuminate\\Pipeline\\{closure}(Object(Illuminate\\Http\\Request))
#59 C:\\xampp\\htdocs\\thamescc-backend\\bagisto\\vendor\\laravel\\framework\\src\\Illuminate\\Foundation\\Http\\Kernel.php(176): Illuminate\\Pipeline\\Pipeline->then(Object(Closure))
#60 C:\\xampp\\htdocs\\thamescc-backend\\bagisto\\vendor\\laravel\\framework\\src\\Illuminate\\Foundation\\Http\\Kernel.php(145): Illuminate\\Foundation\\Http\\Kernel->sendRequestThroughRouter(Object(Illuminate\\Http\\Request))
#61 C:\\xampp\\htdocs\\thamescc-backend\\bagisto\\public\\index.php(51): Illuminate\\Foundation\\Http\\Kernel->handle(Object(Illuminate\\Http\\Request))
#62 C:\\xampp\\htdocs\\thamescc-backend\\bagisto\\vendor\\laravel\\framework\\src\\Illuminate\\Foundation\\resources\\server.php(23): require_once('C:\\\\xampp\\\\htdocs...')
#63 {main}
"} 
[2025-06-30 13:11:29] local.ERROR: Class "NumberFormatter" not found {"exception":"[object] (Error(code: 0): Class \"NumberFormatter\" not found at C:\\xampp\\htdocs\\thamescc-backend\\bagisto\\packages\\Webkul\\Core\\src\\Concerns\\CurrencyFormatter.php:27)
[stacktrace]
#0 C:\\xampp\\htdocs\\thamescc-backend\\bagisto\\packages\\Webkul\\Core\\src\\Concerns\\CurrencyFormatter.php(19): Webkul\\Core\\Core->useDefaultCurrencyFormatter(0.0, Object(Webkul\\Core\\Models\\Currency))
#1 C:\\xampp\\htdocs\\thamescc-backend\\bagisto\\packages\\Webkul\\Core\\src\\Core.php(561): Webkul\\Core\\Core->formatCurrency(0.0, Object(Webkul\\Core\\Models\\Currency))
#2 C:\\xampp\\htdocs\\thamescc-backend\\bagisto\\packages\\Webkul\\Admin\\src\\Helpers\\Reporting\\Sale.php(132): Webkul\\Core\\Core->formatBasePrice(0.0)
#3 C:\\xampp\\htdocs\\thamescc-backend\\bagisto\\packages\\Webkul\\Admin\\src\\Helpers\\Dashboard.php(35): Webkul\\Admin\\Helpers\\Reporting\\Sale->getTotalSalesProgress()
#4 C:\\xampp\\htdocs\\thamescc-backend\\bagisto\\packages\\Webkul\\Admin\\src\\Http\\Controllers\\DashboardController.php(51): Webkul\\Admin\\Helpers\\Dashboard->getOverAllStats()
#5 C:\\xampp\\htdocs\\thamescc-backend\\bagisto\\vendor\\laravel\\framework\\src\\Illuminate\\Routing\\Controller.php(54): Webkul\\Admin\\Http\\Controllers\\DashboardController->stats()
#6 C:\\xampp\\htdocs\\thamescc-backend\\bagisto\\vendor\\laravel\\framework\\src\\Illuminate\\Routing\\ControllerDispatcher.php(44): Illuminate\\Routing\\Controller->callAction('stats', Array)
#7 C:\\xampp\\htdocs\\thamescc-backend\\bagisto\\vendor\\laravel\\framework\\src\\Illuminate\\Routing\\Route.php(266): Illuminate\\Routing\\ControllerDispatcher->dispatch(Object(Illuminate\\Routing\\Route), Object(Webkul\\Admin\\Http\\Controllers\\DashboardController), 'stats')
#8 C:\\xampp\\htdocs\\thamescc-backend\\bagisto\\vendor\\laravel\\framework\\src\\Illuminate\\Routing\\Route.php(212): Illuminate\\Routing\\Route->runController()
#9 C:\\xampp\\htdocs\\thamescc-backend\\bagisto\\vendor\\laravel\\framework\\src\\Illuminate\\Routing\\Router.php(808): Illuminate\\Routing\\Route->run()
#10 C:\\xampp\\htdocs\\thamescc-backend\\bagisto\\vendor\\laravel\\framework\\src\\Illuminate\\Pipeline\\Pipeline.php(170): Illuminate\\Routing\\Router->Illuminate\\Routing\\{closure}(Object(Illuminate\\Http\\Request))
#11 C:\\xampp\\htdocs\\thamescc-backend\\bagisto\\packages\\Webkul\\User\\src\\Http\\Middleware\\Bouncer.php(44): Illuminate\\Pipeline\\Pipeline->Illuminate\\Pipeline\\{closure}(Object(Illuminate\\Http\\Request))
#12 C:\\xampp\\htdocs\\thamescc-backend\\bagisto\\vendor\\laravel\\framework\\src\\Illuminate\\Pipeline\\Pipeline.php(209): Webkul\\User\\Http\\Middleware\\Bouncer->handle(Object(Illuminate\\Http\\Request), Object(Closure))
#13 C:\\xampp\\htdocs\\thamescc-backend\\bagisto\\packages\\Webkul\\Core\\src\\Http\\Middleware\\PreventRequestsDuringMaintenance.php(119): Illuminate\\Pipeline\\Pipeline->Illuminate\\Pipeline\\{closure}(Object(Illuminate\\Http\\Request))
#14 C:\\xampp\\htdocs\\thamescc-backend\\bagisto\\vendor\\laravel\\framework\\src\\Illuminate\\Pipeline\\Pipeline.php(209): Webkul\\Core\\Http\\Middleware\\PreventRequestsDuringMaintenance->handle(Object(Illuminate\\Http\\Request), Object(Closure))
#15 C:\\xampp\\htdocs\\thamescc-backend\\bagisto\\vendor\\barryvdh\\laravel-debugbar\\src\\Middleware\\InjectDebugbar.php(66): Illuminate\\Pipeline\\Pipeline->Illuminate\\Pipeline\\{closure}(Object(Illuminate\\Http\\Request))
#16 C:\\xampp\\htdocs\\thamescc-backend\\bagisto\\vendor\\laravel\\framework\\src\\Illuminate\\Pipeline\\Pipeline.php(209): Barryvdh\\Debugbar\\Middleware\\InjectDebugbar->handle(Object(Illuminate\\Http\\Request), Object(Closure))
#17 C:\\xampp\\htdocs\\thamescc-backend\\bagisto\\vendor\\laravel\\framework\\src\\Illuminate\\Routing\\Middleware\\SubstituteBindings.php(51): Illuminate\\Pipeline\\Pipeline->Illuminate\\Pipeline\\{closure}(Object(Illuminate\\Http\\Request))
#18 C:\\xampp\\htdocs\\thamescc-backend\\bagisto\\vendor\\laravel\\framework\\src\\Illuminate\\Pipeline\\Pipeline.php(209): Illuminate\\Routing\\Middleware\\SubstituteBindings->handle(Object(Illuminate\\Http\\Request), Object(Closure))
#19 C:\\xampp\\htdocs\\thamescc-backend\\bagisto\\vendor\\laravel\\framework\\src\\Illuminate\\Foundation\\Http\\Middleware\\VerifyCsrfToken.php(88): Illuminate\\Pipeline\\Pipeline->Illuminate\\Pipeline\\{closure}(Object(Illuminate\\Http\\Request))
#20 C:\\xampp\\htdocs\\thamescc-backend\\bagisto\\vendor\\laravel\\framework\\src\\Illuminate\\Pipeline\\Pipeline.php(209): Illuminate\\Foundation\\Http\\Middleware\\VerifyCsrfToken->handle(Object(Illuminate\\Http\\Request), Object(Closure))
#21 C:\\xampp\\htdocs\\thamescc-backend\\bagisto\\vendor\\laravel\\framework\\src\\Illuminate\\View\\Middleware\\ShareErrorsFromSession.php(49): Illuminate\\Pipeline\\Pipeline->Illuminate\\Pipeline\\{closure}(Object(Illuminate\\Http\\Request))
#22 C:\\xampp\\htdocs\\thamescc-backend\\bagisto\\vendor\\laravel\\framework\\src\\Illuminate\\Pipeline\\Pipeline.php(209): Illuminate\\View\\Middleware\\ShareErrorsFromSession->handle(Object(Illuminate\\Http\\Request), Object(Closure))
#23 C:\\xampp\\htdocs\\thamescc-backend\\bagisto\\vendor\\laravel\\framework\\src\\Illuminate\\Session\\Middleware\\StartSession.php(121): Illuminate\\Pipeline\\Pipeline->Illuminate\\Pipeline\\{closure}(Object(Illuminate\\Http\\Request))
#24 C:\\xampp\\htdocs\\thamescc-backend\\bagisto\\vendor\\laravel\\framework\\src\\Illuminate\\Session\\Middleware\\StartSession.php(64): Illuminate\\Session\\Middleware\\StartSession->handleStatefulRequest(Object(Illuminate\\Http\\Request), Object(Illuminate\\Session\\Store), Object(Closure))
#25 C:\\xampp\\htdocs\\thamescc-backend\\bagisto\\vendor\\laravel\\framework\\src\\Illuminate\\Pipeline\\Pipeline.php(209): Illuminate\\Session\\Middleware\\StartSession->handle(Object(Illuminate\\Http\\Request), Object(Closure))
#26 C:\\xampp\\htdocs\\thamescc-backend\\bagisto\\vendor\\laravel\\framework\\src\\Illuminate\\Cookie\\Middleware\\AddQueuedCookiesToResponse.php(37): Illuminate\\Pipeline\\Pipeline->Illuminate\\Pipeline\\{closure}(Object(Illuminate\\Http\\Request))
#27 C:\\xampp\\htdocs\\thamescc-backend\\bagisto\\vendor\\laravel\\framework\\src\\Illuminate\\Pipeline\\Pipeline.php(209): Illuminate\\Cookie\\Middleware\\AddQueuedCookiesToResponse->handle(Object(Illuminate\\Http\\Request), Object(Closure))
#28 C:\\xampp\\htdocs\\thamescc-backend\\bagisto\\vendor\\laravel\\framework\\src\\Illuminate\\Cookie\\Middleware\\EncryptCookies.php(75): Illuminate\\Pipeline\\Pipeline->Illuminate\\Pipeline\\{closure}(Object(Illuminate\\Http\\Request))
#29 C:\\xampp\\htdocs\\thamescc-backend\\bagisto\\vendor\\laravel\\framework\\src\\Illuminate\\Pipeline\\Pipeline.php(209): Illuminate\\Cookie\\Middleware\\EncryptCookies->handle(Object(Illuminate\\Http\\Request), Object(Closure))
#30 C:\\xampp\\htdocs\\thamescc-backend\\bagisto\\vendor\\laravel\\framework\\src\\Illuminate\\Pipeline\\Pipeline.php(127): Illuminate\\Pipeline\\Pipeline->Illuminate\\Pipeline\\{closure}(Object(Illuminate\\Http\\Request))
#31 C:\\xampp\\htdocs\\thamescc-backend\\bagisto\\vendor\\laravel\\framework\\src\\Illuminate\\Routing\\Router.php(807): Illuminate\\Pipeline\\Pipeline->then(Object(Closure))
#32 C:\\xampp\\htdocs\\thamescc-backend\\bagisto\\vendor\\laravel\\framework\\src\\Illuminate\\Routing\\Router.php(786): Illuminate\\Routing\\Router->runRouteWithinStack(Object(Illuminate\\Routing\\Route), Object(Illuminate\\Http\\Request))
#33 C:\\xampp\\htdocs\\thamescc-backend\\bagisto\\vendor\\laravel\\framework\\src\\Illuminate\\Routing\\Router.php(750): Illuminate\\Routing\\Router->runRoute(Object(Illuminate\\Http\\Request), Object(Illuminate\\Routing\\Route))
#34 C:\\xampp\\htdocs\\thamescc-backend\\bagisto\\vendor\\laravel\\framework\\src\\Illuminate\\Routing\\Router.php(739): Illuminate\\Routing\\Router->dispatchToRoute(Object(Illuminate\\Http\\Request))
#35 C:\\xampp\\htdocs\\thamescc-backend\\bagisto\\vendor\\laravel\\framework\\src\\Illuminate\\Foundation\\Http\\Kernel.php(201): Illuminate\\Routing\\Router->dispatch(Object(Illuminate\\Http\\Request))
#36 C:\\xampp\\htdocs\\thamescc-backend\\bagisto\\vendor\\laravel\\framework\\src\\Illuminate\\Pipeline\\Pipeline.php(170): Illuminate\\Foundation\\Http\\Kernel->Illuminate\\Foundation\\Http\\{closure}(Object(Illuminate\\Http\\Request))
#37 C:\\xampp\\htdocs\\thamescc-backend\\bagisto\\vendor\\barryvdh\\laravel-debugbar\\src\\Middleware\\InjectDebugbar.php(66): Illuminate\\Pipeline\\Pipeline->Illuminate\\Pipeline\\{closure}(Object(Illuminate\\Http\\Request))
#38 C:\\xampp\\htdocs\\thamescc-backend\\bagisto\\vendor\\laravel\\framework\\src\\Illuminate\\Pipeline\\Pipeline.php(209): Barryvdh\\Debugbar\\Middleware\\InjectDebugbar->handle(Object(Illuminate\\Http\\Request), Object(Closure))
#39 C:\\xampp\\htdocs\\thamescc-backend\\bagisto\\packages\\Webkul\\Installer\\src\\Http\\Middleware\\CanInstall.php(30): Illuminate\\Pipeline\\Pipeline->Illuminate\\Pipeline\\{closure}(Object(Illuminate\\Http\\Request))
#40 C:\\xampp\\htdocs\\thamescc-backend\\bagisto\\vendor\\laravel\\framework\\src\\Illuminate\\Pipeline\\Pipeline.php(209): Webkul\\Installer\\Http\\Middleware\\CanInstall->handle(Object(Illuminate\\Http\\Request), Object(Closure))
#41 C:\\xampp\\htdocs\\thamescc-backend\\bagisto\\packages\\Webkul\\Core\\src\\Http\\Middleware\\SecureHeaders.php(29): Illuminate\\Pipeline\\Pipeline->Illuminate\\Pipeline\\{closure}(Object(Illuminate\\Http\\Request))
#42 C:\\xampp\\htdocs\\thamescc-backend\\bagisto\\vendor\\laravel\\framework\\src\\Illuminate\\Pipeline\\Pipeline.php(209): Webkul\\Core\\Http\\Middleware\\SecureHeaders->handle(Object(Illuminate\\Http\\Request), Object(Closure))
#43 C:\\xampp\\htdocs\\thamescc-backend\\bagisto\\vendor\\laravel\\framework\\src\\Illuminate\\Foundation\\Http\\Middleware\\TransformsRequest.php(21): Illuminate\\Pipeline\\Pipeline->Illuminate\\Pipeline\\{closure}(Object(Illuminate\\Http\\Request))
#44 C:\\xampp\\htdocs\\thamescc-backend\\bagisto\\vendor\\laravel\\framework\\src\\Illuminate\\Foundation\\Http\\Middleware\\TrimStrings.php(51): Illuminate\\Foundation\\Http\\Middleware\\TransformsRequest->handle(Object(Illuminate\\Http\\Request), Object(Closure))
#45 C:\\xampp\\htdocs\\thamescc-backend\\bagisto\\vendor\\laravel\\framework\\src\\Illuminate\\Pipeline\\Pipeline.php(209): Illuminate\\Foundation\\Http\\Middleware\\TrimStrings->handle(Object(Illuminate\\Http\\Request), Object(Closure))
#46 C:\\xampp\\htdocs\\thamescc-backend\\bagisto\\vendor\\laravel\\framework\\src\\Illuminate\\Http\\Middleware\\ValidatePostSize.php(27): Illuminate\\Pipeline\\Pipeline->Illuminate\\Pipeline\\{closure}(Object(Illuminate\\Http\\Request))
#47 C:\\xampp\\htdocs\\thamescc-backend\\bagisto\\vendor\\laravel\\framework\\src\\Illuminate\\Pipeline\\Pipeline.php(209): Illuminate\\Http\\Middleware\\ValidatePostSize->handle(Object(Illuminate\\Http\\Request), Object(Closure))
#48 C:\\xampp\\htdocs\\thamescc-backend\\bagisto\\vendor\\laravel\\framework\\src\\Illuminate\\Http\\Middleware\\HandleCors.php(49): Illuminate\\Pipeline\\Pipeline->Illuminate\\Pipeline\\{closure}(Object(Illuminate\\Http\\Request))
#49 C:\\xampp\\htdocs\\thamescc-backend\\bagisto\\vendor\\laravel\\framework\\src\\Illuminate\\Pipeline\\Pipeline.php(209): Illuminate\\Http\\Middleware\\HandleCors->handle(Object(Illuminate\\Http\\Request), Object(Closure))
#50 C:\\xampp\\htdocs\\thamescc-backend\\bagisto\\vendor\\laravel\\framework\\src\\Illuminate\\Http\\Middleware\\TrustProxies.php(58): Illuminate\\Pipeline\\Pipeline->Illuminate\\Pipeline\\{closure}(Object(Illuminate\\Http\\Request))
#51 C:\\xampp\\htdocs\\thamescc-backend\\bagisto\\vendor\\laravel\\framework\\src\\Illuminate\\Pipeline\\Pipeline.php(209): Illuminate\\Http\\Middleware\\TrustProxies->handle(Object(Illuminate\\Http\\Request), Object(Closure))
#52 C:\\xampp\\htdocs\\thamescc-backend\\bagisto\\vendor\\laravel\\framework\\src\\Illuminate\\Foundation\\Http\\Middleware\\InvokeDeferredCallbacks.php(22): Illuminate\\Pipeline\\Pipeline->Illuminate\\Pipeline\\{closure}(Object(Illuminate\\Http\\Request))
#53 C:\\xampp\\htdocs\\thamescc-backend\\bagisto\\vendor\\laravel\\framework\\src\\Illuminate\\Pipeline\\Pipeline.php(209): Illuminate\\Foundation\\Http\\Middleware\\InvokeDeferredCallbacks->handle(Object(Illuminate\\Http\\Request), Object(Closure))
#54 C:\\xampp\\htdocs\\thamescc-backend\\bagisto\\vendor\\laravel\\framework\\src\\Illuminate\\Pipeline\\Pipeline.php(127): Illuminate\\Pipeline\\Pipeline->Illuminate\\Pipeline\\{closure}(Object(Illuminate\\Http\\Request))
#55 C:\\xampp\\htdocs\\thamescc-backend\\bagisto\\vendor\\laravel\\framework\\src\\Illuminate\\Foundation\\Http\\Kernel.php(176): Illuminate\\Pipeline\\Pipeline->then(Object(Closure))
#56 C:\\xampp\\htdocs\\thamescc-backend\\bagisto\\vendor\\laravel\\framework\\src\\Illuminate\\Foundation\\Http\\Kernel.php(145): Illuminate\\Foundation\\Http\\Kernel->sendRequestThroughRouter(Object(Illuminate\\Http\\Request))
#57 C:\\xampp\\htdocs\\thamescc-backend\\bagisto\\public\\index.php(51): Illuminate\\Foundation\\Http\\Kernel->handle(Object(Illuminate\\Http\\Request))
#58 C:\\xampp\\htdocs\\thamescc-backend\\bagisto\\vendor\\laravel\\framework\\src\\Illuminate\\Foundation\\resources\\server.php(23): require_once('C:\\\\xampp\\\\htdocs...')
#59 {main}
"} 
[2025-06-30 13:11:30] local.ERROR: Class "NumberFormatter" not found {"exception":"[object] (Error(code: 0): Class \"NumberFormatter\" not found at C:\\xampp\\htdocs\\thamescc-backend\\bagisto\\packages\\Webkul\\Core\\src\\Concerns\\CurrencyFormatter.php:27)
[stacktrace]
#0 C:\\xampp\\htdocs\\thamescc-backend\\bagisto\\packages\\Webkul\\Core\\src\\Concerns\\CurrencyFormatter.php(19): Webkul\\Core\\Core->useDefaultCurrencyFormatter(0.0, Object(Webkul\\Core\\Models\\Currency))
#1 C:\\xampp\\htdocs\\thamescc-backend\\bagisto\\packages\\Webkul\\Core\\src\\Core.php(561): Webkul\\Core\\Core->formatCurrency(0.0, Object(Webkul\\Core\\Models\\Currency))
#2 C:\\xampp\\htdocs\\thamescc-backend\\bagisto\\packages\\Webkul\\Admin\\src\\Helpers\\Reporting\\Sale.php(158): Webkul\\Core\\Core->formatBasePrice(0.0)
#3 C:\\xampp\\htdocs\\thamescc-backend\\bagisto\\packages\\Webkul\\Admin\\src\\Helpers\\Dashboard.php(70): Webkul\\Admin\\Helpers\\Reporting\\Sale->getTodaySalesProgress()
#4 C:\\xampp\\htdocs\\thamescc-backend\\bagisto\\packages\\Webkul\\Admin\\src\\Http\\Controllers\\DashboardController.php(51): Webkul\\Admin\\Helpers\\Dashboard->getTodayStats()
#5 C:\\xampp\\htdocs\\thamescc-backend\\bagisto\\vendor\\laravel\\framework\\src\\Illuminate\\Routing\\Controller.php(54): Webkul\\Admin\\Http\\Controllers\\DashboardController->stats()
#6 C:\\xampp\\htdocs\\thamescc-backend\\bagisto\\vendor\\laravel\\framework\\src\\Illuminate\\Routing\\ControllerDispatcher.php(44): Illuminate\\Routing\\Controller->callAction('stats', Array)
#7 C:\\xampp\\htdocs\\thamescc-backend\\bagisto\\vendor\\laravel\\framework\\src\\Illuminate\\Routing\\Route.php(266): Illuminate\\Routing\\ControllerDispatcher->dispatch(Object(Illuminate\\Routing\\Route), Object(Webkul\\Admin\\Http\\Controllers\\DashboardController), 'stats')
#8 C:\\xampp\\htdocs\\thamescc-backend\\bagisto\\vendor\\laravel\\framework\\src\\Illuminate\\Routing\\Route.php(212): Illuminate\\Routing\\Route->runController()
#9 C:\\xampp\\htdocs\\thamescc-backend\\bagisto\\vendor\\laravel\\framework\\src\\Illuminate\\Routing\\Router.php(808): Illuminate\\Routing\\Route->run()
#10 C:\\xampp\\htdocs\\thamescc-backend\\bagisto\\vendor\\laravel\\framework\\src\\Illuminate\\Pipeline\\Pipeline.php(170): Illuminate\\Routing\\Router->Illuminate\\Routing\\{closure}(Object(Illuminate\\Http\\Request))
#11 C:\\xampp\\htdocs\\thamescc-backend\\bagisto\\packages\\Webkul\\User\\src\\Http\\Middleware\\Bouncer.php(44): Illuminate\\Pipeline\\Pipeline->Illuminate\\Pipeline\\{closure}(Object(Illuminate\\Http\\Request))
#12 C:\\xampp\\htdocs\\thamescc-backend\\bagisto\\vendor\\laravel\\framework\\src\\Illuminate\\Pipeline\\Pipeline.php(209): Webkul\\User\\Http\\Middleware\\Bouncer->handle(Object(Illuminate\\Http\\Request), Object(Closure))
#13 C:\\xampp\\htdocs\\thamescc-backend\\bagisto\\packages\\Webkul\\Core\\src\\Http\\Middleware\\PreventRequestsDuringMaintenance.php(119): Illuminate\\Pipeline\\Pipeline->Illuminate\\Pipeline\\{closure}(Object(Illuminate\\Http\\Request))
#14 C:\\xampp\\htdocs\\thamescc-backend\\bagisto\\vendor\\laravel\\framework\\src\\Illuminate\\Pipeline\\Pipeline.php(209): Webkul\\Core\\Http\\Middleware\\PreventRequestsDuringMaintenance->handle(Object(Illuminate\\Http\\Request), Object(Closure))
#15 C:\\xampp\\htdocs\\thamescc-backend\\bagisto\\vendor\\barryvdh\\laravel-debugbar\\src\\Middleware\\InjectDebugbar.php(66): Illuminate\\Pipeline\\Pipeline->Illuminate\\Pipeline\\{closure}(Object(Illuminate\\Http\\Request))
#16 C:\\xampp\\htdocs\\thamescc-backend\\bagisto\\vendor\\laravel\\framework\\src\\Illuminate\\Pipeline\\Pipeline.php(209): Barryvdh\\Debugbar\\Middleware\\InjectDebugbar->handle(Object(Illuminate\\Http\\Request), Object(Closure))
#17 C:\\xampp\\htdocs\\thamescc-backend\\bagisto\\vendor\\laravel\\framework\\src\\Illuminate\\Routing\\Middleware\\SubstituteBindings.php(51): Illuminate\\Pipeline\\Pipeline->Illuminate\\Pipeline\\{closure}(Object(Illuminate\\Http\\Request))
#18 C:\\xampp\\htdocs\\thamescc-backend\\bagisto\\vendor\\laravel\\framework\\src\\Illuminate\\Pipeline\\Pipeline.php(209): Illuminate\\Routing\\Middleware\\SubstituteBindings->handle(Object(Illuminate\\Http\\Request), Object(Closure))
#19 C:\\xampp\\htdocs\\thamescc-backend\\bagisto\\vendor\\laravel\\framework\\src\\Illuminate\\Foundation\\Http\\Middleware\\VerifyCsrfToken.php(88): Illuminate\\Pipeline\\Pipeline->Illuminate\\Pipeline\\{closure}(Object(Illuminate\\Http\\Request))
#20 C:\\xampp\\htdocs\\thamescc-backend\\bagisto\\vendor\\laravel\\framework\\src\\Illuminate\\Pipeline\\Pipeline.php(209): Illuminate\\Foundation\\Http\\Middleware\\VerifyCsrfToken->handle(Object(Illuminate\\Http\\Request), Object(Closure))
#21 C:\\xampp\\htdocs\\thamescc-backend\\bagisto\\vendor\\laravel\\framework\\src\\Illuminate\\View\\Middleware\\ShareErrorsFromSession.php(49): Illuminate\\Pipeline\\Pipeline->Illuminate\\Pipeline\\{closure}(Object(Illuminate\\Http\\Request))
#22 C:\\xampp\\htdocs\\thamescc-backend\\bagisto\\vendor\\laravel\\framework\\src\\Illuminate\\Pipeline\\Pipeline.php(209): Illuminate\\View\\Middleware\\ShareErrorsFromSession->handle(Object(Illuminate\\Http\\Request), Object(Closure))
#23 C:\\xampp\\htdocs\\thamescc-backend\\bagisto\\vendor\\laravel\\framework\\src\\Illuminate\\Session\\Middleware\\StartSession.php(121): Illuminate\\Pipeline\\Pipeline->Illuminate\\Pipeline\\{closure}(Object(Illuminate\\Http\\Request))
#24 C:\\xampp\\htdocs\\thamescc-backend\\bagisto\\vendor\\laravel\\framework\\src\\Illuminate\\Session\\Middleware\\StartSession.php(64): Illuminate\\Session\\Middleware\\StartSession->handleStatefulRequest(Object(Illuminate\\Http\\Request), Object(Illuminate\\Session\\Store), Object(Closure))
#25 C:\\xampp\\htdocs\\thamescc-backend\\bagisto\\vendor\\laravel\\framework\\src\\Illuminate\\Pipeline\\Pipeline.php(209): Illuminate\\Session\\Middleware\\StartSession->handle(Object(Illuminate\\Http\\Request), Object(Closure))
#26 C:\\xampp\\htdocs\\thamescc-backend\\bagisto\\vendor\\laravel\\framework\\src\\Illuminate\\Cookie\\Middleware\\AddQueuedCookiesToResponse.php(37): Illuminate\\Pipeline\\Pipeline->Illuminate\\Pipeline\\{closure}(Object(Illuminate\\Http\\Request))
#27 C:\\xampp\\htdocs\\thamescc-backend\\bagisto\\vendor\\laravel\\framework\\src\\Illuminate\\Pipeline\\Pipeline.php(209): Illuminate\\Cookie\\Middleware\\AddQueuedCookiesToResponse->handle(Object(Illuminate\\Http\\Request), Object(Closure))
#28 C:\\xampp\\htdocs\\thamescc-backend\\bagisto\\vendor\\laravel\\framework\\src\\Illuminate\\Cookie\\Middleware\\EncryptCookies.php(75): Illuminate\\Pipeline\\Pipeline->Illuminate\\Pipeline\\{closure}(Object(Illuminate\\Http\\Request))
#29 C:\\xampp\\htdocs\\thamescc-backend\\bagisto\\vendor\\laravel\\framework\\src\\Illuminate\\Pipeline\\Pipeline.php(209): Illuminate\\Cookie\\Middleware\\EncryptCookies->handle(Object(Illuminate\\Http\\Request), Object(Closure))
#30 C:\\xampp\\htdocs\\thamescc-backend\\bagisto\\vendor\\laravel\\framework\\src\\Illuminate\\Pipeline\\Pipeline.php(127): Illuminate\\Pipeline\\Pipeline->Illuminate\\Pipeline\\{closure}(Object(Illuminate\\Http\\Request))
#31 C:\\xampp\\htdocs\\thamescc-backend\\bagisto\\vendor\\laravel\\framework\\src\\Illuminate\\Routing\\Router.php(807): Illuminate\\Pipeline\\Pipeline->then(Object(Closure))
#32 C:\\xampp\\htdocs\\thamescc-backend\\bagisto\\vendor\\laravel\\framework\\src\\Illuminate\\Routing\\Router.php(786): Illuminate\\Routing\\Router->runRouteWithinStack(Object(Illuminate\\Routing\\Route), Object(Illuminate\\Http\\Request))
#33 C:\\xampp\\htdocs\\thamescc-backend\\bagisto\\vendor\\laravel\\framework\\src\\Illuminate\\Routing\\Router.php(750): Illuminate\\Routing\\Router->runRoute(Object(Illuminate\\Http\\Request), Object(Illuminate\\Routing\\Route))
#34 C:\\xampp\\htdocs\\thamescc-backend\\bagisto\\vendor\\laravel\\framework\\src\\Illuminate\\Routing\\Router.php(739): Illuminate\\Routing\\Router->dispatchToRoute(Object(Illuminate\\Http\\Request))
#35 C:\\xampp\\htdocs\\thamescc-backend\\bagisto\\vendor\\laravel\\framework\\src\\Illuminate\\Foundation\\Http\\Kernel.php(201): Illuminate\\Routing\\Router->dispatch(Object(Illuminate\\Http\\Request))
#36 C:\\xampp\\htdocs\\thamescc-backend\\bagisto\\vendor\\laravel\\framework\\src\\Illuminate\\Pipeline\\Pipeline.php(170): Illuminate\\Foundation\\Http\\Kernel->Illuminate\\Foundation\\Http\\{closure}(Object(Illuminate\\Http\\Request))
#37 C:\\xampp\\htdocs\\thamescc-backend\\bagisto\\vendor\\barryvdh\\laravel-debugbar\\src\\Middleware\\InjectDebugbar.php(66): Illuminate\\Pipeline\\Pipeline->Illuminate\\Pipeline\\{closure}(Object(Illuminate\\Http\\Request))
#38 C:\\xampp\\htdocs\\thamescc-backend\\bagisto\\vendor\\laravel\\framework\\src\\Illuminate\\Pipeline\\Pipeline.php(209): Barryvdh\\Debugbar\\Middleware\\InjectDebugbar->handle(Object(Illuminate\\Http\\Request), Object(Closure))
#39 C:\\xampp\\htdocs\\thamescc-backend\\bagisto\\packages\\Webkul\\Installer\\src\\Http\\Middleware\\CanInstall.php(30): Illuminate\\Pipeline\\Pipeline->Illuminate\\Pipeline\\{closure}(Object(Illuminate\\Http\\Request))
#40 C:\\xampp\\htdocs\\thamescc-backend\\bagisto\\vendor\\laravel\\framework\\src\\Illuminate\\Pipeline\\Pipeline.php(209): Webkul\\Installer\\Http\\Middleware\\CanInstall->handle(Object(Illuminate\\Http\\Request), Object(Closure))
#41 C:\\xampp\\htdocs\\thamescc-backend\\bagisto\\packages\\Webkul\\Core\\src\\Http\\Middleware\\SecureHeaders.php(29): Illuminate\\Pipeline\\Pipeline->Illuminate\\Pipeline\\{closure}(Object(Illuminate\\Http\\Request))
#42 C:\\xampp\\htdocs\\thamescc-backend\\bagisto\\vendor\\laravel\\framework\\src\\Illuminate\\Pipeline\\Pipeline.php(209): Webkul\\Core\\Http\\Middleware\\SecureHeaders->handle(Object(Illuminate\\Http\\Request), Object(Closure))
#43 C:\\xampp\\htdocs\\thamescc-backend\\bagisto\\vendor\\laravel\\framework\\src\\Illuminate\\Foundation\\Http\\Middleware\\TransformsRequest.php(21): Illuminate\\Pipeline\\Pipeline->Illuminate\\Pipeline\\{closure}(Object(Illuminate\\Http\\Request))
#44 C:\\xampp\\htdocs\\thamescc-backend\\bagisto\\vendor\\laravel\\framework\\src\\Illuminate\\Foundation\\Http\\Middleware\\TrimStrings.php(51): Illuminate\\Foundation\\Http\\Middleware\\TransformsRequest->handle(Object(Illuminate\\Http\\Request), Object(Closure))
#45 C:\\xampp\\htdocs\\thamescc-backend\\bagisto\\vendor\\laravel\\framework\\src\\Illuminate\\Pipeline\\Pipeline.php(209): Illuminate\\Foundation\\Http\\Middleware\\TrimStrings->handle(Object(Illuminate\\Http\\Request), Object(Closure))
#46 C:\\xampp\\htdocs\\thamescc-backend\\bagisto\\vendor\\laravel\\framework\\src\\Illuminate\\Http\\Middleware\\ValidatePostSize.php(27): Illuminate\\Pipeline\\Pipeline->Illuminate\\Pipeline\\{closure}(Object(Illuminate\\Http\\Request))
#47 C:\\xampp\\htdocs\\thamescc-backend\\bagisto\\vendor\\laravel\\framework\\src\\Illuminate\\Pipeline\\Pipeline.php(209): Illuminate\\Http\\Middleware\\ValidatePostSize->handle(Object(Illuminate\\Http\\Request), Object(Closure))
#48 C:\\xampp\\htdocs\\thamescc-backend\\bagisto\\vendor\\laravel\\framework\\src\\Illuminate\\Http\\Middleware\\HandleCors.php(49): Illuminate\\Pipeline\\Pipeline->Illuminate\\Pipeline\\{closure}(Object(Illuminate\\Http\\Request))
#49 C:\\xampp\\htdocs\\thamescc-backend\\bagisto\\vendor\\laravel\\framework\\src\\Illuminate\\Pipeline\\Pipeline.php(209): Illuminate\\Http\\Middleware\\HandleCors->handle(Object(Illuminate\\Http\\Request), Object(Closure))
#50 C:\\xampp\\htdocs\\thamescc-backend\\bagisto\\vendor\\laravel\\framework\\src\\Illuminate\\Http\\Middleware\\TrustProxies.php(58): Illuminate\\Pipeline\\Pipeline->Illuminate\\Pipeline\\{closure}(Object(Illuminate\\Http\\Request))
#51 C:\\xampp\\htdocs\\thamescc-backend\\bagisto\\vendor\\laravel\\framework\\src\\Illuminate\\Pipeline\\Pipeline.php(209): Illuminate\\Http\\Middleware\\TrustProxies->handle(Object(Illuminate\\Http\\Request), Object(Closure))
#52 C:\\xampp\\htdocs\\thamescc-backend\\bagisto\\vendor\\laravel\\framework\\src\\Illuminate\\Foundation\\Http\\Middleware\\InvokeDeferredCallbacks.php(22): Illuminate\\Pipeline\\Pipeline->Illuminate\\Pipeline\\{closure}(Object(Illuminate\\Http\\Request))
#53 C:\\xampp\\htdocs\\thamescc-backend\\bagisto\\vendor\\laravel\\framework\\src\\Illuminate\\Pipeline\\Pipeline.php(209): Illuminate\\Foundation\\Http\\Middleware\\InvokeDeferredCallbacks->handle(Object(Illuminate\\Http\\Request), Object(Closure))
#54 C:\\xampp\\htdocs\\thamescc-backend\\bagisto\\vendor\\laravel\\framework\\src\\Illuminate\\Pipeline\\Pipeline.php(127): Illuminate\\Pipeline\\Pipeline->Illuminate\\Pipeline\\{closure}(Object(Illuminate\\Http\\Request))
#55 C:\\xampp\\htdocs\\thamescc-backend\\bagisto\\vendor\\laravel\\framework\\src\\Illuminate\\Foundation\\Http\\Kernel.php(176): Illuminate\\Pipeline\\Pipeline->then(Object(Closure))
#56 C:\\xampp\\htdocs\\thamescc-backend\\bagisto\\vendor\\laravel\\framework\\src\\Illuminate\\Foundation\\Http\\Kernel.php(145): Illuminate\\Foundation\\Http\\Kernel->sendRequestThroughRouter(Object(Illuminate\\Http\\Request))
#57 C:\\xampp\\htdocs\\thamescc-backend\\bagisto\\public\\index.php(51): Illuminate\\Foundation\\Http\\Kernel->handle(Object(Illuminate\\Http\\Request))
#58 C:\\xampp\\htdocs\\thamescc-backend\\bagisto\\vendor\\laravel\\framework\\src\\Illuminate\\Foundation\\resources\\server.php(23): require_once('C:\\\\xampp\\\\htdocs...')
#59 {main}
"} 
[2025-06-30 13:11:31] local.ERROR: Class "NumberFormatter" not found {"exception":"[object] (Error(code: 0): Class \"NumberFormatter\" not found at C:\\xampp\\htdocs\\thamescc-backend\\bagisto\\packages\\Webkul\\Core\\src\\Concerns\\CurrencyFormatter.php:27)
[stacktrace]
#0 C:\\xampp\\htdocs\\thamescc-backend\\bagisto\\packages\\Webkul\\Core\\src\\Concerns\\CurrencyFormatter.php(19): Webkul\\Core\\Core->useDefaultCurrencyFormatter(1.0, Object(Webkul\\Core\\Models\\Currency))
#1 C:\\xampp\\htdocs\\thamescc-backend\\bagisto\\packages\\Webkul\\Core\\src\\Core.php(547): Webkul\\Core\\Core->formatCurrency(1.0, Object(Webkul\\Core\\Models\\Currency))
#2 C:\\xampp\\htdocs\\thamescc-backend\\bagisto\\packages\\Webkul\\Admin\\src\\Helpers\\Dashboard.php(92): Webkul\\Core\\Core->formatPrice(1.0)
#3 [internal function]: Webkul\\Admin\\Helpers\\Dashboard->Webkul\\Admin\\Helpers\\{closure}(Object(Webkul\\Product\\Models\\ProductInventory), 0)
#4 C:\\xampp\\htdocs\\thamescc-backend\\bagisto\\vendor\\laravel\\framework\\src\\Illuminate\\Collections\\Arr.php(609): array_map(Object(Closure), Array, Array)
#5 C:\\xampp\\htdocs\\thamescc-backend\\bagisto\\vendor\\laravel\\framework\\src\\Illuminate\\Collections\\Collection.php(799): Illuminate\\Support\\Arr::map(Array, Object(Closure))
#6 C:\\xampp\\htdocs\\thamescc-backend\\bagisto\\vendor\\laravel\\framework\\src\\Illuminate\\Database\\Eloquent\\Collection.php(388): Illuminate\\Support\\Collection->map(Object(Closure))
#7 C:\\xampp\\htdocs\\thamescc-backend\\bagisto\\packages\\Webkul\\Admin\\src\\Helpers\\Dashboard.php(86): Illuminate\\Database\\Eloquent\\Collection->map(Object(Closure))
#8 C:\\xampp\\htdocs\\thamescc-backend\\bagisto\\packages\\Webkul\\Admin\\src\\Http\\Controllers\\DashboardController.php(51): Webkul\\Admin\\Helpers\\Dashboard->getStockThresholdProducts()
#9 C:\\xampp\\htdocs\\thamescc-backend\\bagisto\\vendor\\laravel\\framework\\src\\Illuminate\\Routing\\Controller.php(54): Webkul\\Admin\\Http\\Controllers\\DashboardController->stats()
#10 C:\\xampp\\htdocs\\thamescc-backend\\bagisto\\vendor\\laravel\\framework\\src\\Illuminate\\Routing\\ControllerDispatcher.php(44): Illuminate\\Routing\\Controller->callAction('stats', Array)
#11 C:\\xampp\\htdocs\\thamescc-backend\\bagisto\\vendor\\laravel\\framework\\src\\Illuminate\\Routing\\Route.php(266): Illuminate\\Routing\\ControllerDispatcher->dispatch(Object(Illuminate\\Routing\\Route), Object(Webkul\\Admin\\Http\\Controllers\\DashboardController), 'stats')
#12 C:\\xampp\\htdocs\\thamescc-backend\\bagisto\\vendor\\laravel\\framework\\src\\Illuminate\\Routing\\Route.php(212): Illuminate\\Routing\\Route->runController()
#13 C:\\xampp\\htdocs\\thamescc-backend\\bagisto\\vendor\\laravel\\framework\\src\\Illuminate\\Routing\\Router.php(808): Illuminate\\Routing\\Route->run()
#14 C:\\xampp\\htdocs\\thamescc-backend\\bagisto\\vendor\\laravel\\framework\\src\\Illuminate\\Pipeline\\Pipeline.php(170): Illuminate\\Routing\\Router->Illuminate\\Routing\\{closure}(Object(Illuminate\\Http\\Request))
#15 C:\\xampp\\htdocs\\thamescc-backend\\bagisto\\packages\\Webkul\\User\\src\\Http\\Middleware\\Bouncer.php(44): Illuminate\\Pipeline\\Pipeline->Illuminate\\Pipeline\\{closure}(Object(Illuminate\\Http\\Request))
#16 C:\\xampp\\htdocs\\thamescc-backend\\bagisto\\vendor\\laravel\\framework\\src\\Illuminate\\Pipeline\\Pipeline.php(209): Webkul\\User\\Http\\Middleware\\Bouncer->handle(Object(Illuminate\\Http\\Request), Object(Closure))
#17 C:\\xampp\\htdocs\\thamescc-backend\\bagisto\\packages\\Webkul\\Core\\src\\Http\\Middleware\\PreventRequestsDuringMaintenance.php(119): Illuminate\\Pipeline\\Pipeline->Illuminate\\Pipeline\\{closure}(Object(Illuminate\\Http\\Request))
#18 C:\\xampp\\htdocs\\thamescc-backend\\bagisto\\vendor\\laravel\\framework\\src\\Illuminate\\Pipeline\\Pipeline.php(209): Webkul\\Core\\Http\\Middleware\\PreventRequestsDuringMaintenance->handle(Object(Illuminate\\Http\\Request), Object(Closure))
#19 C:\\xampp\\htdocs\\thamescc-backend\\bagisto\\vendor\\barryvdh\\laravel-debugbar\\src\\Middleware\\InjectDebugbar.php(66): Illuminate\\Pipeline\\Pipeline->Illuminate\\Pipeline\\{closure}(Object(Illuminate\\Http\\Request))
#20 C:\\xampp\\htdocs\\thamescc-backend\\bagisto\\vendor\\laravel\\framework\\src\\Illuminate\\Pipeline\\Pipeline.php(209): Barryvdh\\Debugbar\\Middleware\\InjectDebugbar->handle(Object(Illuminate\\Http\\Request), Object(Closure))
#21 C:\\xampp\\htdocs\\thamescc-backend\\bagisto\\vendor\\laravel\\framework\\src\\Illuminate\\Routing\\Middleware\\SubstituteBindings.php(51): Illuminate\\Pipeline\\Pipeline->Illuminate\\Pipeline\\{closure}(Object(Illuminate\\Http\\Request))
#22 C:\\xampp\\htdocs\\thamescc-backend\\bagisto\\vendor\\laravel\\framework\\src\\Illuminate\\Pipeline\\Pipeline.php(209): Illuminate\\Routing\\Middleware\\SubstituteBindings->handle(Object(Illuminate\\Http\\Request), Object(Closure))
#23 C:\\xampp\\htdocs\\thamescc-backend\\bagisto\\vendor\\laravel\\framework\\src\\Illuminate\\Foundation\\Http\\Middleware\\VerifyCsrfToken.php(88): Illuminate\\Pipeline\\Pipeline->Illuminate\\Pipeline\\{closure}(Object(Illuminate\\Http\\Request))
#24 C:\\xampp\\htdocs\\thamescc-backend\\bagisto\\vendor\\laravel\\framework\\src\\Illuminate\\Pipeline\\Pipeline.php(209): Illuminate\\Foundation\\Http\\Middleware\\VerifyCsrfToken->handle(Object(Illuminate\\Http\\Request), Object(Closure))
#25 C:\\xampp\\htdocs\\thamescc-backend\\bagisto\\vendor\\laravel\\framework\\src\\Illuminate\\View\\Middleware\\ShareErrorsFromSession.php(49): Illuminate\\Pipeline\\Pipeline->Illuminate\\Pipeline\\{closure}(Object(Illuminate\\Http\\Request))
#26 C:\\xampp\\htdocs\\thamescc-backend\\bagisto\\vendor\\laravel\\framework\\src\\Illuminate\\Pipeline\\Pipeline.php(209): Illuminate\\View\\Middleware\\ShareErrorsFromSession->handle(Object(Illuminate\\Http\\Request), Object(Closure))
#27 C:\\xampp\\htdocs\\thamescc-backend\\bagisto\\vendor\\laravel\\framework\\src\\Illuminate\\Session\\Middleware\\StartSession.php(121): Illuminate\\Pipeline\\Pipeline->Illuminate\\Pipeline\\{closure}(Object(Illuminate\\Http\\Request))
#28 C:\\xampp\\htdocs\\thamescc-backend\\bagisto\\vendor\\laravel\\framework\\src\\Illuminate\\Session\\Middleware\\StartSession.php(64): Illuminate\\Session\\Middleware\\StartSession->handleStatefulRequest(Object(Illuminate\\Http\\Request), Object(Illuminate\\Session\\Store), Object(Closure))
#29 C:\\xampp\\htdocs\\thamescc-backend\\bagisto\\vendor\\laravel\\framework\\src\\Illuminate\\Pipeline\\Pipeline.php(209): Illuminate\\Session\\Middleware\\StartSession->handle(Object(Illuminate\\Http\\Request), Object(Closure))
#30 C:\\xampp\\htdocs\\thamescc-backend\\bagisto\\vendor\\laravel\\framework\\src\\Illuminate\\Cookie\\Middleware\\AddQueuedCookiesToResponse.php(37): Illuminate\\Pipeline\\Pipeline->Illuminate\\Pipeline\\{closure}(Object(Illuminate\\Http\\Request))
#31 C:\\xampp\\htdocs\\thamescc-backend\\bagisto\\vendor\\laravel\\framework\\src\\Illuminate\\Pipeline\\Pipeline.php(209): Illuminate\\Cookie\\Middleware\\AddQueuedCookiesToResponse->handle(Object(Illuminate\\Http\\Request), Object(Closure))
#32 C:\\xampp\\htdocs\\thamescc-backend\\bagisto\\vendor\\laravel\\framework\\src\\Illuminate\\Cookie\\Middleware\\EncryptCookies.php(75): Illuminate\\Pipeline\\Pipeline->Illuminate\\Pipeline\\{closure}(Object(Illuminate\\Http\\Request))
#33 C:\\xampp\\htdocs\\thamescc-backend\\bagisto\\vendor\\laravel\\framework\\src\\Illuminate\\Pipeline\\Pipeline.php(209): Illuminate\\Cookie\\Middleware\\EncryptCookies->handle(Object(Illuminate\\Http\\Request), Object(Closure))
#34 C:\\xampp\\htdocs\\thamescc-backend\\bagisto\\vendor\\laravel\\framework\\src\\Illuminate\\Pipeline\\Pipeline.php(127): Illuminate\\Pipeline\\Pipeline->Illuminate\\Pipeline\\{closure}(Object(Illuminate\\Http\\Request))
#35 C:\\xampp\\htdocs\\thamescc-backend\\bagisto\\vendor\\laravel\\framework\\src\\Illuminate\\Routing\\Router.php(807): Illuminate\\Pipeline\\Pipeline->then(Object(Closure))
#36 C:\\xampp\\htdocs\\thamescc-backend\\bagisto\\vendor\\laravel\\framework\\src\\Illuminate\\Routing\\Router.php(786): Illuminate\\Routing\\Router->runRouteWithinStack(Object(Illuminate\\Routing\\Route), Object(Illuminate\\Http\\Request))
#37 C:\\xampp\\htdocs\\thamescc-backend\\bagisto\\vendor\\laravel\\framework\\src\\Illuminate\\Routing\\Router.php(750): Illuminate\\Routing\\Router->runRoute(Object(Illuminate\\Http\\Request), Object(Illuminate\\Routing\\Route))
#38 C:\\xampp\\htdocs\\thamescc-backend\\bagisto\\vendor\\laravel\\framework\\src\\Illuminate\\Routing\\Router.php(739): Illuminate\\Routing\\Router->dispatchToRoute(Object(Illuminate\\Http\\Request))
#39 C:\\xampp\\htdocs\\thamescc-backend\\bagisto\\vendor\\laravel\\framework\\src\\Illuminate\\Foundation\\Http\\Kernel.php(201): Illuminate\\Routing\\Router->dispatch(Object(Illuminate\\Http\\Request))
#40 C:\\xampp\\htdocs\\thamescc-backend\\bagisto\\vendor\\laravel\\framework\\src\\Illuminate\\Pipeline\\Pipeline.php(170): Illuminate\\Foundation\\Http\\Kernel->Illuminate\\Foundation\\Http\\{closure}(Object(Illuminate\\Http\\Request))
#41 C:\\xampp\\htdocs\\thamescc-backend\\bagisto\\vendor\\barryvdh\\laravel-debugbar\\src\\Middleware\\InjectDebugbar.php(66): Illuminate\\Pipeline\\Pipeline->Illuminate\\Pipeline\\{closure}(Object(Illuminate\\Http\\Request))
#42 C:\\xampp\\htdocs\\thamescc-backend\\bagisto\\vendor\\laravel\\framework\\src\\Illuminate\\Pipeline\\Pipeline.php(209): Barryvdh\\Debugbar\\Middleware\\InjectDebugbar->handle(Object(Illuminate\\Http\\Request), Object(Closure))
#43 C:\\xampp\\htdocs\\thamescc-backend\\bagisto\\packages\\Webkul\\Installer\\src\\Http\\Middleware\\CanInstall.php(30): Illuminate\\Pipeline\\Pipeline->Illuminate\\Pipeline\\{closure}(Object(Illuminate\\Http\\Request))
#44 C:\\xampp\\htdocs\\thamescc-backend\\bagisto\\vendor\\laravel\\framework\\src\\Illuminate\\Pipeline\\Pipeline.php(209): Webkul\\Installer\\Http\\Middleware\\CanInstall->handle(Object(Illuminate\\Http\\Request), Object(Closure))
#45 C:\\xampp\\htdocs\\thamescc-backend\\bagisto\\packages\\Webkul\\Core\\src\\Http\\Middleware\\SecureHeaders.php(29): Illuminate\\Pipeline\\Pipeline->Illuminate\\Pipeline\\{closure}(Object(Illuminate\\Http\\Request))
#46 C:\\xampp\\htdocs\\thamescc-backend\\bagisto\\vendor\\laravel\\framework\\src\\Illuminate\\Pipeline\\Pipeline.php(209): Webkul\\Core\\Http\\Middleware\\SecureHeaders->handle(Object(Illuminate\\Http\\Request), Object(Closure))
#47 C:\\xampp\\htdocs\\thamescc-backend\\bagisto\\vendor\\laravel\\framework\\src\\Illuminate\\Foundation\\Http\\Middleware\\TransformsRequest.php(21): Illuminate\\Pipeline\\Pipeline->Illuminate\\Pipeline\\{closure}(Object(Illuminate\\Http\\Request))
#48 C:\\xampp\\htdocs\\thamescc-backend\\bagisto\\vendor\\laravel\\framework\\src\\Illuminate\\Foundation\\Http\\Middleware\\TrimStrings.php(51): Illuminate\\Foundation\\Http\\Middleware\\TransformsRequest->handle(Object(Illuminate\\Http\\Request), Object(Closure))
#49 C:\\xampp\\htdocs\\thamescc-backend\\bagisto\\vendor\\laravel\\framework\\src\\Illuminate\\Pipeline\\Pipeline.php(209): Illuminate\\Foundation\\Http\\Middleware\\TrimStrings->handle(Object(Illuminate\\Http\\Request), Object(Closure))
#50 C:\\xampp\\htdocs\\thamescc-backend\\bagisto\\vendor\\laravel\\framework\\src\\Illuminate\\Http\\Middleware\\ValidatePostSize.php(27): Illuminate\\Pipeline\\Pipeline->Illuminate\\Pipeline\\{closure}(Object(Illuminate\\Http\\Request))
#51 C:\\xampp\\htdocs\\thamescc-backend\\bagisto\\vendor\\laravel\\framework\\src\\Illuminate\\Pipeline\\Pipeline.php(209): Illuminate\\Http\\Middleware\\ValidatePostSize->handle(Object(Illuminate\\Http\\Request), Object(Closure))
#52 C:\\xampp\\htdocs\\thamescc-backend\\bagisto\\vendor\\laravel\\framework\\src\\Illuminate\\Http\\Middleware\\HandleCors.php(49): Illuminate\\Pipeline\\Pipeline->Illuminate\\Pipeline\\{closure}(Object(Illuminate\\Http\\Request))
#53 C:\\xampp\\htdocs\\thamescc-backend\\bagisto\\vendor\\laravel\\framework\\src\\Illuminate\\Pipeline\\Pipeline.php(209): Illuminate\\Http\\Middleware\\HandleCors->handle(Object(Illuminate\\Http\\Request), Object(Closure))
#54 C:\\xampp\\htdocs\\thamescc-backend\\bagisto\\vendor\\laravel\\framework\\src\\Illuminate\\Http\\Middleware\\TrustProxies.php(58): Illuminate\\Pipeline\\Pipeline->Illuminate\\Pipeline\\{closure}(Object(Illuminate\\Http\\Request))
#55 C:\\xampp\\htdocs\\thamescc-backend\\bagisto\\vendor\\laravel\\framework\\src\\Illuminate\\Pipeline\\Pipeline.php(209): Illuminate\\Http\\Middleware\\TrustProxies->handle(Object(Illuminate\\Http\\Request), Object(Closure))
#56 C:\\xampp\\htdocs\\thamescc-backend\\bagisto\\vendor\\laravel\\framework\\src\\Illuminate\\Foundation\\Http\\Middleware\\InvokeDeferredCallbacks.php(22): Illuminate\\Pipeline\\Pipeline->Illuminate\\Pipeline\\{closure}(Object(Illuminate\\Http\\Request))
#57 C:\\xampp\\htdocs\\thamescc-backend\\bagisto\\vendor\\laravel\\framework\\src\\Illuminate\\Pipeline\\Pipeline.php(209): Illuminate\\Foundation\\Http\\Middleware\\InvokeDeferredCallbacks->handle(Object(Illuminate\\Http\\Request), Object(Closure))
#58 C:\\xampp\\htdocs\\thamescc-backend\\bagisto\\vendor\\laravel\\framework\\src\\Illuminate\\Pipeline\\Pipeline.php(127): Illuminate\\Pipeline\\Pipeline->Illuminate\\Pipeline\\{closure}(Object(Illuminate\\Http\\Request))
#59 C:\\xampp\\htdocs\\thamescc-backend\\bagisto\\vendor\\laravel\\framework\\src\\Illuminate\\Foundation\\Http\\Kernel.php(176): Illuminate\\Pipeline\\Pipeline->then(Object(Closure))
#60 C:\\xampp\\htdocs\\thamescc-backend\\bagisto\\vendor\\laravel\\framework\\src\\Illuminate\\Foundation\\Http\\Kernel.php(145): Illuminate\\Foundation\\Http\\Kernel->sendRequestThroughRouter(Object(Illuminate\\Http\\Request))
#61 C:\\xampp\\htdocs\\thamescc-backend\\bagisto\\public\\index.php(51): Illuminate\\Foundation\\Http\\Kernel->handle(Object(Illuminate\\Http\\Request))
#62 C:\\xampp\\htdocs\\thamescc-backend\\bagisto\\vendor\\laravel\\framework\\src\\Illuminate\\Foundation\\resources\\server.php(23): require_once('C:\\\\xampp\\\\htdocs...')
#63 {main}
"} 
[2025-06-30 13:11:32] local.ERROR: Class "NumberFormatter" not found {"exception":"[object] (Error(code: 0): Class \"NumberFormatter\" not found at C:\\xampp\\htdocs\\thamescc-backend\\bagisto\\packages\\Webkul\\Core\\src\\Concerns\\CurrencyFormatter.php:27)
[stacktrace]
#0 C:\\xampp\\htdocs\\thamescc-backend\\bagisto\\packages\\Webkul\\Core\\src\\Concerns\\CurrencyFormatter.php(19): Webkul\\Core\\Core->useDefaultCurrencyFormatter(0.0, Object(Webkul\\Core\\Models\\Currency))
#1 C:\\xampp\\htdocs\\thamescc-backend\\bagisto\\packages\\Webkul\\Core\\src\\Core.php(561): Webkul\\Core\\Core->formatCurrency(0.0, Object(Webkul\\Core\\Models\\Currency))
#2 C:\\xampp\\htdocs\\thamescc-backend\\bagisto\\packages\\Webkul\\Admin\\src\\Helpers\\Reporting\\Sale.php(132): Webkul\\Core\\Core->formatBasePrice(0.0)
#3 C:\\xampp\\htdocs\\thamescc-backend\\bagisto\\packages\\Webkul\\Admin\\src\\Helpers\\Dashboard.php(108): Webkul\\Admin\\Helpers\\Reporting\\Sale->getTotalSalesProgress()
#4 C:\\xampp\\htdocs\\thamescc-backend\\bagisto\\packages\\Webkul\\Admin\\src\\Http\\Controllers\\DashboardController.php(51): Webkul\\Admin\\Helpers\\Dashboard->getSalesStats()
#5 C:\\xampp\\htdocs\\thamescc-backend\\bagisto\\vendor\\laravel\\framework\\src\\Illuminate\\Routing\\Controller.php(54): Webkul\\Admin\\Http\\Controllers\\DashboardController->stats()
#6 C:\\xampp\\htdocs\\thamescc-backend\\bagisto\\vendor\\laravel\\framework\\src\\Illuminate\\Routing\\ControllerDispatcher.php(44): Illuminate\\Routing\\Controller->callAction('stats', Array)
#7 C:\\xampp\\htdocs\\thamescc-backend\\bagisto\\vendor\\laravel\\framework\\src\\Illuminate\\Routing\\Route.php(266): Illuminate\\Routing\\ControllerDispatcher->dispatch(Object(Illuminate\\Routing\\Route), Object(Webkul\\Admin\\Http\\Controllers\\DashboardController), 'stats')
#8 C:\\xampp\\htdocs\\thamescc-backend\\bagisto\\vendor\\laravel\\framework\\src\\Illuminate\\Routing\\Route.php(212): Illuminate\\Routing\\Route->runController()
#9 C:\\xampp\\htdocs\\thamescc-backend\\bagisto\\vendor\\laravel\\framework\\src\\Illuminate\\Routing\\Router.php(808): Illuminate\\Routing\\Route->run()
#10 C:\\xampp\\htdocs\\thamescc-backend\\bagisto\\vendor\\laravel\\framework\\src\\Illuminate\\Pipeline\\Pipeline.php(170): Illuminate\\Routing\\Router->Illuminate\\Routing\\{closure}(Object(Illuminate\\Http\\Request))
#11 C:\\xampp\\htdocs\\thamescc-backend\\bagisto\\packages\\Webkul\\User\\src\\Http\\Middleware\\Bouncer.php(44): Illuminate\\Pipeline\\Pipeline->Illuminate\\Pipeline\\{closure}(Object(Illuminate\\Http\\Request))
#12 C:\\xampp\\htdocs\\thamescc-backend\\bagisto\\vendor\\laravel\\framework\\src\\Illuminate\\Pipeline\\Pipeline.php(209): Webkul\\User\\Http\\Middleware\\Bouncer->handle(Object(Illuminate\\Http\\Request), Object(Closure))
#13 C:\\xampp\\htdocs\\thamescc-backend\\bagisto\\packages\\Webkul\\Core\\src\\Http\\Middleware\\PreventRequestsDuringMaintenance.php(119): Illuminate\\Pipeline\\Pipeline->Illuminate\\Pipeline\\{closure}(Object(Illuminate\\Http\\Request))
#14 C:\\xampp\\htdocs\\thamescc-backend\\bagisto\\vendor\\laravel\\framework\\src\\Illuminate\\Pipeline\\Pipeline.php(209): Webkul\\Core\\Http\\Middleware\\PreventRequestsDuringMaintenance->handle(Object(Illuminate\\Http\\Request), Object(Closure))
#15 C:\\xampp\\htdocs\\thamescc-backend\\bagisto\\vendor\\barryvdh\\laravel-debugbar\\src\\Middleware\\InjectDebugbar.php(66): Illuminate\\Pipeline\\Pipeline->Illuminate\\Pipeline\\{closure}(Object(Illuminate\\Http\\Request))
#16 C:\\xampp\\htdocs\\thamescc-backend\\bagisto\\vendor\\laravel\\framework\\src\\Illuminate\\Pipeline\\Pipeline.php(209): Barryvdh\\Debugbar\\Middleware\\InjectDebugbar->handle(Object(Illuminate\\Http\\Request), Object(Closure))
#17 C:\\xampp\\htdocs\\thamescc-backend\\bagisto\\vendor\\laravel\\framework\\src\\Illuminate\\Routing\\Middleware\\SubstituteBindings.php(51): Illuminate\\Pipeline\\Pipeline->Illuminate\\Pipeline\\{closure}(Object(Illuminate\\Http\\Request))
#18 C:\\xampp\\htdocs\\thamescc-backend\\bagisto\\vendor\\laravel\\framework\\src\\Illuminate\\Pipeline\\Pipeline.php(209): Illuminate\\Routing\\Middleware\\SubstituteBindings->handle(Object(Illuminate\\Http\\Request), Object(Closure))
#19 C:\\xampp\\htdocs\\thamescc-backend\\bagisto\\vendor\\laravel\\framework\\src\\Illuminate\\Foundation\\Http\\Middleware\\VerifyCsrfToken.php(88): Illuminate\\Pipeline\\Pipeline->Illuminate\\Pipeline\\{closure}(Object(Illuminate\\Http\\Request))
#20 C:\\xampp\\htdocs\\thamescc-backend\\bagisto\\vendor\\laravel\\framework\\src\\Illuminate\\Pipeline\\Pipeline.php(209): Illuminate\\Foundation\\Http\\Middleware\\VerifyCsrfToken->handle(Object(Illuminate\\Http\\Request), Object(Closure))
#21 C:\\xampp\\htdocs\\thamescc-backend\\bagisto\\vendor\\laravel\\framework\\src\\Illuminate\\View\\Middleware\\ShareErrorsFromSession.php(49): Illuminate\\Pipeline\\Pipeline->Illuminate\\Pipeline\\{closure}(Object(Illuminate\\Http\\Request))
#22 C:\\xampp\\htdocs\\thamescc-backend\\bagisto\\vendor\\laravel\\framework\\src\\Illuminate\\Pipeline\\Pipeline.php(209): Illuminate\\View\\Middleware\\ShareErrorsFromSession->handle(Object(Illuminate\\Http\\Request), Object(Closure))
#23 C:\\xampp\\htdocs\\thamescc-backend\\bagisto\\vendor\\laravel\\framework\\src\\Illuminate\\Session\\Middleware\\StartSession.php(121): Illuminate\\Pipeline\\Pipeline->Illuminate\\Pipeline\\{closure}(Object(Illuminate\\Http\\Request))
#24 C:\\xampp\\htdocs\\thamescc-backend\\bagisto\\vendor\\laravel\\framework\\src\\Illuminate\\Session\\Middleware\\StartSession.php(64): Illuminate\\Session\\Middleware\\StartSession->handleStatefulRequest(Object(Illuminate\\Http\\Request), Object(Illuminate\\Session\\Store), Object(Closure))
#25 C:\\xampp\\htdocs\\thamescc-backend\\bagisto\\vendor\\laravel\\framework\\src\\Illuminate\\Pipeline\\Pipeline.php(209): Illuminate\\Session\\Middleware\\StartSession->handle(Object(Illuminate\\Http\\Request), Object(Closure))
#26 C:\\xampp\\htdocs\\thamescc-backend\\bagisto\\vendor\\laravel\\framework\\src\\Illuminate\\Cookie\\Middleware\\AddQueuedCookiesToResponse.php(37): Illuminate\\Pipeline\\Pipeline->Illuminate\\Pipeline\\{closure}(Object(Illuminate\\Http\\Request))
#27 C:\\xampp\\htdocs\\thamescc-backend\\bagisto\\vendor\\laravel\\framework\\src\\Illuminate\\Pipeline\\Pipeline.php(209): Illuminate\\Cookie\\Middleware\\AddQueuedCookiesToResponse->handle(Object(Illuminate\\Http\\Request), Object(Closure))
#28 C:\\xampp\\htdocs\\thamescc-backend\\bagisto\\vendor\\laravel\\framework\\src\\Illuminate\\Cookie\\Middleware\\EncryptCookies.php(75): Illuminate\\Pipeline\\Pipeline->Illuminate\\Pipeline\\{closure}(Object(Illuminate\\Http\\Request))
#29 C:\\xampp\\htdocs\\thamescc-backend\\bagisto\\vendor\\laravel\\framework\\src\\Illuminate\\Pipeline\\Pipeline.php(209): Illuminate\\Cookie\\Middleware\\EncryptCookies->handle(Object(Illuminate\\Http\\Request), Object(Closure))
#30 C:\\xampp\\htdocs\\thamescc-backend\\bagisto\\vendor\\laravel\\framework\\src\\Illuminate\\Pipeline\\Pipeline.php(127): Illuminate\\Pipeline\\Pipeline->Illuminate\\Pipeline\\{closure}(Object(Illuminate\\Http\\Request))
#31 C:\\xampp\\htdocs\\thamescc-backend\\bagisto\\vendor\\laravel\\framework\\src\\Illuminate\\Routing\\Router.php(807): Illuminate\\Pipeline\\Pipeline->then(Object(Closure))
#32 C:\\xampp\\htdocs\\thamescc-backend\\bagisto\\vendor\\laravel\\framework\\src\\Illuminate\\Routing\\Router.php(786): Illuminate\\Routing\\Router->runRouteWithinStack(Object(Illuminate\\Routing\\Route), Object(Illuminate\\Http\\Request))
#33 C:\\xampp\\htdocs\\thamescc-backend\\bagisto\\vendor\\laravel\\framework\\src\\Illuminate\\Routing\\Router.php(750): Illuminate\\Routing\\Router->runRoute(Object(Illuminate\\Http\\Request), Object(Illuminate\\Routing\\Route))
#34 C:\\xampp\\htdocs\\thamescc-backend\\bagisto\\vendor\\laravel\\framework\\src\\Illuminate\\Routing\\Router.php(739): Illuminate\\Routing\\Router->dispatchToRoute(Object(Illuminate\\Http\\Request))
#35 C:\\xampp\\htdocs\\thamescc-backend\\bagisto\\vendor\\laravel\\framework\\src\\Illuminate\\Foundation\\Http\\Kernel.php(201): Illuminate\\Routing\\Router->dispatch(Object(Illuminate\\Http\\Request))
#36 C:\\xampp\\htdocs\\thamescc-backend\\bagisto\\vendor\\laravel\\framework\\src\\Illuminate\\Pipeline\\Pipeline.php(170): Illuminate\\Foundation\\Http\\Kernel->Illuminate\\Foundation\\Http\\{closure}(Object(Illuminate\\Http\\Request))
#37 C:\\xampp\\htdocs\\thamescc-backend\\bagisto\\vendor\\barryvdh\\laravel-debugbar\\src\\Middleware\\InjectDebugbar.php(66): Illuminate\\Pipeline\\Pipeline->Illuminate\\Pipeline\\{closure}(Object(Illuminate\\Http\\Request))
#38 C:\\xampp\\htdocs\\thamescc-backend\\bagisto\\vendor\\laravel\\framework\\src\\Illuminate\\Pipeline\\Pipeline.php(209): Barryvdh\\Debugbar\\Middleware\\InjectDebugbar->handle(Object(Illuminate\\Http\\Request), Object(Closure))
#39 C:\\xampp\\htdocs\\thamescc-backend\\bagisto\\packages\\Webkul\\Installer\\src\\Http\\Middleware\\CanInstall.php(30): Illuminate\\Pipeline\\Pipeline->Illuminate\\Pipeline\\{closure}(Object(Illuminate\\Http\\Request))
#40 C:\\xampp\\htdocs\\thamescc-backend\\bagisto\\vendor\\laravel\\framework\\src\\Illuminate\\Pipeline\\Pipeline.php(209): Webkul\\Installer\\Http\\Middleware\\CanInstall->handle(Object(Illuminate\\Http\\Request), Object(Closure))
#41 C:\\xampp\\htdocs\\thamescc-backend\\bagisto\\packages\\Webkul\\Core\\src\\Http\\Middleware\\SecureHeaders.php(29): Illuminate\\Pipeline\\Pipeline->Illuminate\\Pipeline\\{closure}(Object(Illuminate\\Http\\Request))
#42 C:\\xampp\\htdocs\\thamescc-backend\\bagisto\\vendor\\laravel\\framework\\src\\Illuminate\\Pipeline\\Pipeline.php(209): Webkul\\Core\\Http\\Middleware\\SecureHeaders->handle(Object(Illuminate\\Http\\Request), Object(Closure))
#43 C:\\xampp\\htdocs\\thamescc-backend\\bagisto\\vendor\\laravel\\framework\\src\\Illuminate\\Foundation\\Http\\Middleware\\TransformsRequest.php(21): Illuminate\\Pipeline\\Pipeline->Illuminate\\Pipeline\\{closure}(Object(Illuminate\\Http\\Request))
#44 C:\\xampp\\htdocs\\thamescc-backend\\bagisto\\vendor\\laravel\\framework\\src\\Illuminate\\Foundation\\Http\\Middleware\\TrimStrings.php(51): Illuminate\\Foundation\\Http\\Middleware\\TransformsRequest->handle(Object(Illuminate\\Http\\Request), Object(Closure))
#45 C:\\xampp\\htdocs\\thamescc-backend\\bagisto\\vendor\\laravel\\framework\\src\\Illuminate\\Pipeline\\Pipeline.php(209): Illuminate\\Foundation\\Http\\Middleware\\TrimStrings->handle(Object(Illuminate\\Http\\Request), Object(Closure))
#46 C:\\xampp\\htdocs\\thamescc-backend\\bagisto\\vendor\\laravel\\framework\\src\\Illuminate\\Http\\Middleware\\ValidatePostSize.php(27): Illuminate\\Pipeline\\Pipeline->Illuminate\\Pipeline\\{closure}(Object(Illuminate\\Http\\Request))
#47 C:\\xampp\\htdocs\\thamescc-backend\\bagisto\\vendor\\laravel\\framework\\src\\Illuminate\\Pipeline\\Pipeline.php(209): Illuminate\\Http\\Middleware\\ValidatePostSize->handle(Object(Illuminate\\Http\\Request), Object(Closure))
#48 C:\\xampp\\htdocs\\thamescc-backend\\bagisto\\vendor\\laravel\\framework\\src\\Illuminate\\Http\\Middleware\\HandleCors.php(49): Illuminate\\Pipeline\\Pipeline->Illuminate\\Pipeline\\{closure}(Object(Illuminate\\Http\\Request))
#49 C:\\xampp\\htdocs\\thamescc-backend\\bagisto\\vendor\\laravel\\framework\\src\\Illuminate\\Pipeline\\Pipeline.php(209): Illuminate\\Http\\Middleware\\HandleCors->handle(Object(Illuminate\\Http\\Request), Object(Closure))
#50 C:\\xampp\\htdocs\\thamescc-backend\\bagisto\\vendor\\laravel\\framework\\src\\Illuminate\\Http\\Middleware\\TrustProxies.php(58): Illuminate\\Pipeline\\Pipeline->Illuminate\\Pipeline\\{closure}(Object(Illuminate\\Http\\Request))
#51 C:\\xampp\\htdocs\\thamescc-backend\\bagisto\\vendor\\laravel\\framework\\src\\Illuminate\\Pipeline\\Pipeline.php(209): Illuminate\\Http\\Middleware\\TrustProxies->handle(Object(Illuminate\\Http\\Request), Object(Closure))
#52 C:\\xampp\\htdocs\\thamescc-backend\\bagisto\\vendor\\laravel\\framework\\src\\Illuminate\\Foundation\\Http\\Middleware\\InvokeDeferredCallbacks.php(22): Illuminate\\Pipeline\\Pipeline->Illuminate\\Pipeline\\{closure}(Object(Illuminate\\Http\\Request))
#53 C:\\xampp\\htdocs\\thamescc-backend\\bagisto\\vendor\\laravel\\framework\\src\\Illuminate\\Pipeline\\Pipeline.php(209): Illuminate\\Foundation\\Http\\Middleware\\InvokeDeferredCallbacks->handle(Object(Illuminate\\Http\\Request), Object(Closure))
#54 C:\\xampp\\htdocs\\thamescc-backend\\bagisto\\vendor\\laravel\\framework\\src\\Illuminate\\Pipeline\\Pipeline.php(127): Illuminate\\Pipeline\\Pipeline->Illuminate\\Pipeline\\{closure}(Object(Illuminate\\Http\\Request))
#55 C:\\xampp\\htdocs\\thamescc-backend\\bagisto\\vendor\\laravel\\framework\\src\\Illuminate\\Foundation\\Http\\Kernel.php(176): Illuminate\\Pipeline\\Pipeline->then(Object(Closure))
#56 C:\\xampp\\htdocs\\thamescc-backend\\bagisto\\vendor\\laravel\\framework\\src\\Illuminate\\Foundation\\Http\\Kernel.php(145): Illuminate\\Foundation\\Http\\Kernel->sendRequestThroughRouter(Object(Illuminate\\Http\\Request))
#57 C:\\xampp\\htdocs\\thamescc-backend\\bagisto\\public\\index.php(51): Illuminate\\Foundation\\Http\\Kernel->handle(Object(Illuminate\\Http\\Request))
#58 C:\\xampp\\htdocs\\thamescc-backend\\bagisto\\vendor\\laravel\\framework\\src\\Illuminate\\Foundation\\resources\\server.php(23): require_once('C:\\\\xampp\\\\htdocs...')
#59 {main}
"} 
[2025-06-30 13:11:34] local.ERROR: Class "NumberFormatter" not found {"exception":"[object] (Error(code: 0): Class \"NumberFormatter\" not found at C:\\xampp\\htdocs\\thamescc-backend\\bagisto\\packages\\Webkul\\Core\\src\\Concerns\\CurrencyFormatter.php:27)
[stacktrace]
#0 C:\\xampp\\htdocs\\thamescc-backend\\bagisto\\packages\\Webkul\\Core\\src\\Concerns\\CurrencyFormatter.php(19): Webkul\\Core\\Core->useDefaultCurrencyFormatter(0.0, Object(Webkul\\Core\\Models\\Currency))
#1 C:\\xampp\\htdocs\\thamescc-backend\\bagisto\\packages\\Webkul\\Core\\src\\Core.php(561): Webkul\\Core\\Core->formatCurrency(0.0, Object(Webkul\\Core\\Models\\Currency))
#2 C:\\xampp\\htdocs\\thamescc-backend\\bagisto\\packages\\Webkul\\Admin\\src\\Helpers\\Dashboard.php(141): Webkul\\Core\\Core->formatBasePrice(0.0)
#3 [internal function]: Webkul\\Admin\\Helpers\\Dashboard->Webkul\\Admin\\Helpers\\{closure}(Object(Webkul\\Sales\\Models\\Order), 0)
#4 C:\\xampp\\htdocs\\thamescc-backend\\bagisto\\vendor\\laravel\\framework\\src\\Illuminate\\Collections\\Arr.php(609): array_map(Object(Closure), Array, Array)
#5 C:\\xampp\\htdocs\\thamescc-backend\\bagisto\\vendor\\laravel\\framework\\src\\Illuminate\\Collections\\Collection.php(799): Illuminate\\Support\\Arr::map(Array, Object(Closure))
#6 C:\\xampp\\htdocs\\thamescc-backend\\bagisto\\vendor\\laravel\\framework\\src\\Illuminate\\Database\\Eloquent\\Collection.php(388): Illuminate\\Support\\Collection->map(Object(Closure))
#7 C:\\xampp\\htdocs\\thamescc-backend\\bagisto\\packages\\Webkul\\Admin\\src\\Helpers\\Dashboard.php(140): Illuminate\\Database\\Eloquent\\Collection->map(Object(Closure))
#8 C:\\xampp\\htdocs\\thamescc-backend\\bagisto\\packages\\Webkul\\Admin\\src\\Http\\Controllers\\DashboardController.php(51): Webkul\\Admin\\Helpers\\Dashboard->getTopCustomers()
#9 C:\\xampp\\htdocs\\thamescc-backend\\bagisto\\vendor\\laravel\\framework\\src\\Illuminate\\Routing\\Controller.php(54): Webkul\\Admin\\Http\\Controllers\\DashboardController->stats()
#10 C:\\xampp\\htdocs\\thamescc-backend\\bagisto\\vendor\\laravel\\framework\\src\\Illuminate\\Routing\\ControllerDispatcher.php(44): Illuminate\\Routing\\Controller->callAction('stats', Array)
#11 C:\\xampp\\htdocs\\thamescc-backend\\bagisto\\vendor\\laravel\\framework\\src\\Illuminate\\Routing\\Route.php(266): Illuminate\\Routing\\ControllerDispatcher->dispatch(Object(Illuminate\\Routing\\Route), Object(Webkul\\Admin\\Http\\Controllers\\DashboardController), 'stats')
#12 C:\\xampp\\htdocs\\thamescc-backend\\bagisto\\vendor\\laravel\\framework\\src\\Illuminate\\Routing\\Route.php(212): Illuminate\\Routing\\Route->runController()
#13 C:\\xampp\\htdocs\\thamescc-backend\\bagisto\\vendor\\laravel\\framework\\src\\Illuminate\\Routing\\Router.php(808): Illuminate\\Routing\\Route->run()
#14 C:\\xampp\\htdocs\\thamescc-backend\\bagisto\\vendor\\laravel\\framework\\src\\Illuminate\\Pipeline\\Pipeline.php(170): Illuminate\\Routing\\Router->Illuminate\\Routing\\{closure}(Object(Illuminate\\Http\\Request))
#15 C:\\xampp\\htdocs\\thamescc-backend\\bagisto\\packages\\Webkul\\User\\src\\Http\\Middleware\\Bouncer.php(44): Illuminate\\Pipeline\\Pipeline->Illuminate\\Pipeline\\{closure}(Object(Illuminate\\Http\\Request))
#16 C:\\xampp\\htdocs\\thamescc-backend\\bagisto\\vendor\\laravel\\framework\\src\\Illuminate\\Pipeline\\Pipeline.php(209): Webkul\\User\\Http\\Middleware\\Bouncer->handle(Object(Illuminate\\Http\\Request), Object(Closure))
#17 C:\\xampp\\htdocs\\thamescc-backend\\bagisto\\packages\\Webkul\\Core\\src\\Http\\Middleware\\PreventRequestsDuringMaintenance.php(119): Illuminate\\Pipeline\\Pipeline->Illuminate\\Pipeline\\{closure}(Object(Illuminate\\Http\\Request))
#18 C:\\xampp\\htdocs\\thamescc-backend\\bagisto\\vendor\\laravel\\framework\\src\\Illuminate\\Pipeline\\Pipeline.php(209): Webkul\\Core\\Http\\Middleware\\PreventRequestsDuringMaintenance->handle(Object(Illuminate\\Http\\Request), Object(Closure))
#19 C:\\xampp\\htdocs\\thamescc-backend\\bagisto\\vendor\\barryvdh\\laravel-debugbar\\src\\Middleware\\InjectDebugbar.php(66): Illuminate\\Pipeline\\Pipeline->Illuminate\\Pipeline\\{closure}(Object(Illuminate\\Http\\Request))
#20 C:\\xampp\\htdocs\\thamescc-backend\\bagisto\\vendor\\laravel\\framework\\src\\Illuminate\\Pipeline\\Pipeline.php(209): Barryvdh\\Debugbar\\Middleware\\InjectDebugbar->handle(Object(Illuminate\\Http\\Request), Object(Closure))
#21 C:\\xampp\\htdocs\\thamescc-backend\\bagisto\\vendor\\laravel\\framework\\src\\Illuminate\\Routing\\Middleware\\SubstituteBindings.php(51): Illuminate\\Pipeline\\Pipeline->Illuminate\\Pipeline\\{closure}(Object(Illuminate\\Http\\Request))
#22 C:\\xampp\\htdocs\\thamescc-backend\\bagisto\\vendor\\laravel\\framework\\src\\Illuminate\\Pipeline\\Pipeline.php(209): Illuminate\\Routing\\Middleware\\SubstituteBindings->handle(Object(Illuminate\\Http\\Request), Object(Closure))
#23 C:\\xampp\\htdocs\\thamescc-backend\\bagisto\\vendor\\laravel\\framework\\src\\Illuminate\\Foundation\\Http\\Middleware\\VerifyCsrfToken.php(88): Illuminate\\Pipeline\\Pipeline->Illuminate\\Pipeline\\{closure}(Object(Illuminate\\Http\\Request))
#24 C:\\xampp\\htdocs\\thamescc-backend\\bagisto\\vendor\\laravel\\framework\\src\\Illuminate\\Pipeline\\Pipeline.php(209): Illuminate\\Foundation\\Http\\Middleware\\VerifyCsrfToken->handle(Object(Illuminate\\Http\\Request), Object(Closure))
#25 C:\\xampp\\htdocs\\thamescc-backend\\bagisto\\vendor\\laravel\\framework\\src\\Illuminate\\View\\Middleware\\ShareErrorsFromSession.php(49): Illuminate\\Pipeline\\Pipeline->Illuminate\\Pipeline\\{closure}(Object(Illuminate\\Http\\Request))
#26 C:\\xampp\\htdocs\\thamescc-backend\\bagisto\\vendor\\laravel\\framework\\src\\Illuminate\\Pipeline\\Pipeline.php(209): Illuminate\\View\\Middleware\\ShareErrorsFromSession->handle(Object(Illuminate\\Http\\Request), Object(Closure))
#27 C:\\xampp\\htdocs\\thamescc-backend\\bagisto\\vendor\\laravel\\framework\\src\\Illuminate\\Session\\Middleware\\StartSession.php(121): Illuminate\\Pipeline\\Pipeline->Illuminate\\Pipeline\\{closure}(Object(Illuminate\\Http\\Request))
#28 C:\\xampp\\htdocs\\thamescc-backend\\bagisto\\vendor\\laravel\\framework\\src\\Illuminate\\Session\\Middleware\\StartSession.php(64): Illuminate\\Session\\Middleware\\StartSession->handleStatefulRequest(Object(Illuminate\\Http\\Request), Object(Illuminate\\Session\\Store), Object(Closure))
#29 C:\\xampp\\htdocs\\thamescc-backend\\bagisto\\vendor\\laravel\\framework\\src\\Illuminate\\Pipeline\\Pipeline.php(209): Illuminate\\Session\\Middleware\\StartSession->handle(Object(Illuminate\\Http\\Request), Object(Closure))
#30 C:\\xampp\\htdocs\\thamescc-backend\\bagisto\\vendor\\laravel\\framework\\src\\Illuminate\\Cookie\\Middleware\\AddQueuedCookiesToResponse.php(37): Illuminate\\Pipeline\\Pipeline->Illuminate\\Pipeline\\{closure}(Object(Illuminate\\Http\\Request))
#31 C:\\xampp\\htdocs\\thamescc-backend\\bagisto\\vendor\\laravel\\framework\\src\\Illuminate\\Pipeline\\Pipeline.php(209): Illuminate\\Cookie\\Middleware\\AddQueuedCookiesToResponse->handle(Object(Illuminate\\Http\\Request), Object(Closure))
#32 C:\\xampp\\htdocs\\thamescc-backend\\bagisto\\vendor\\laravel\\framework\\src\\Illuminate\\Cookie\\Middleware\\EncryptCookies.php(75): Illuminate\\Pipeline\\Pipeline->Illuminate\\Pipeline\\{closure}(Object(Illuminate\\Http\\Request))
#33 C:\\xampp\\htdocs\\thamescc-backend\\bagisto\\vendor\\laravel\\framework\\src\\Illuminate\\Pipeline\\Pipeline.php(209): Illuminate\\Cookie\\Middleware\\EncryptCookies->handle(Object(Illuminate\\Http\\Request), Object(Closure))
#34 C:\\xampp\\htdocs\\thamescc-backend\\bagisto\\vendor\\laravel\\framework\\src\\Illuminate\\Pipeline\\Pipeline.php(127): Illuminate\\Pipeline\\Pipeline->Illuminate\\Pipeline\\{closure}(Object(Illuminate\\Http\\Request))
#35 C:\\xampp\\htdocs\\thamescc-backend\\bagisto\\vendor\\laravel\\framework\\src\\Illuminate\\Routing\\Router.php(807): Illuminate\\Pipeline\\Pipeline->then(Object(Closure))
#36 C:\\xampp\\htdocs\\thamescc-backend\\bagisto\\vendor\\laravel\\framework\\src\\Illuminate\\Routing\\Router.php(786): Illuminate\\Routing\\Router->runRouteWithinStack(Object(Illuminate\\Routing\\Route), Object(Illuminate\\Http\\Request))
#37 C:\\xampp\\htdocs\\thamescc-backend\\bagisto\\vendor\\laravel\\framework\\src\\Illuminate\\Routing\\Router.php(750): Illuminate\\Routing\\Router->runRoute(Object(Illuminate\\Http\\Request), Object(Illuminate\\Routing\\Route))
#38 C:\\xampp\\htdocs\\thamescc-backend\\bagisto\\vendor\\laravel\\framework\\src\\Illuminate\\Routing\\Router.php(739): Illuminate\\Routing\\Router->dispatchToRoute(Object(Illuminate\\Http\\Request))
#39 C:\\xampp\\htdocs\\thamescc-backend\\bagisto\\vendor\\laravel\\framework\\src\\Illuminate\\Foundation\\Http\\Kernel.php(201): Illuminate\\Routing\\Router->dispatch(Object(Illuminate\\Http\\Request))
#40 C:\\xampp\\htdocs\\thamescc-backend\\bagisto\\vendor\\laravel\\framework\\src\\Illuminate\\Pipeline\\Pipeline.php(170): Illuminate\\Foundation\\Http\\Kernel->Illuminate\\Foundation\\Http\\{closure}(Object(Illuminate\\Http\\Request))
#41 C:\\xampp\\htdocs\\thamescc-backend\\bagisto\\vendor\\barryvdh\\laravel-debugbar\\src\\Middleware\\InjectDebugbar.php(66): Illuminate\\Pipeline\\Pipeline->Illuminate\\Pipeline\\{closure}(Object(Illuminate\\Http\\Request))
#42 C:\\xampp\\htdocs\\thamescc-backend\\bagisto\\vendor\\laravel\\framework\\src\\Illuminate\\Pipeline\\Pipeline.php(209): Barryvdh\\Debugbar\\Middleware\\InjectDebugbar->handle(Object(Illuminate\\Http\\Request), Object(Closure))
#43 C:\\xampp\\htdocs\\thamescc-backend\\bagisto\\packages\\Webkul\\Installer\\src\\Http\\Middleware\\CanInstall.php(30): Illuminate\\Pipeline\\Pipeline->Illuminate\\Pipeline\\{closure}(Object(Illuminate\\Http\\Request))
#44 C:\\xampp\\htdocs\\thamescc-backend\\bagisto\\vendor\\laravel\\framework\\src\\Illuminate\\Pipeline\\Pipeline.php(209): Webkul\\Installer\\Http\\Middleware\\CanInstall->handle(Object(Illuminate\\Http\\Request), Object(Closure))
#45 C:\\xampp\\htdocs\\thamescc-backend\\bagisto\\packages\\Webkul\\Core\\src\\Http\\Middleware\\SecureHeaders.php(29): Illuminate\\Pipeline\\Pipeline->Illuminate\\Pipeline\\{closure}(Object(Illuminate\\Http\\Request))
#46 C:\\xampp\\htdocs\\thamescc-backend\\bagisto\\vendor\\laravel\\framework\\src\\Illuminate\\Pipeline\\Pipeline.php(209): Webkul\\Core\\Http\\Middleware\\SecureHeaders->handle(Object(Illuminate\\Http\\Request), Object(Closure))
#47 C:\\xampp\\htdocs\\thamescc-backend\\bagisto\\vendor\\laravel\\framework\\src\\Illuminate\\Foundation\\Http\\Middleware\\TransformsRequest.php(21): Illuminate\\Pipeline\\Pipeline->Illuminate\\Pipeline\\{closure}(Object(Illuminate\\Http\\Request))
#48 C:\\xampp\\htdocs\\thamescc-backend\\bagisto\\vendor\\laravel\\framework\\src\\Illuminate\\Foundation\\Http\\Middleware\\TrimStrings.php(51): Illuminate\\Foundation\\Http\\Middleware\\TransformsRequest->handle(Object(Illuminate\\Http\\Request), Object(Closure))
#49 C:\\xampp\\htdocs\\thamescc-backend\\bagisto\\vendor\\laravel\\framework\\src\\Illuminate\\Pipeline\\Pipeline.php(209): Illuminate\\Foundation\\Http\\Middleware\\TrimStrings->handle(Object(Illuminate\\Http\\Request), Object(Closure))
#50 C:\\xampp\\htdocs\\thamescc-backend\\bagisto\\vendor\\laravel\\framework\\src\\Illuminate\\Http\\Middleware\\ValidatePostSize.php(27): Illuminate\\Pipeline\\Pipeline->Illuminate\\Pipeline\\{closure}(Object(Illuminate\\Http\\Request))
#51 C:\\xampp\\htdocs\\thamescc-backend\\bagisto\\vendor\\laravel\\framework\\src\\Illuminate\\Pipeline\\Pipeline.php(209): Illuminate\\Http\\Middleware\\ValidatePostSize->handle(Object(Illuminate\\Http\\Request), Object(Closure))
#52 C:\\xampp\\htdocs\\thamescc-backend\\bagisto\\vendor\\laravel\\framework\\src\\Illuminate\\Http\\Middleware\\HandleCors.php(49): Illuminate\\Pipeline\\Pipeline->Illuminate\\Pipeline\\{closure}(Object(Illuminate\\Http\\Request))
#53 C:\\xampp\\htdocs\\thamescc-backend\\bagisto\\vendor\\laravel\\framework\\src\\Illuminate\\Pipeline\\Pipeline.php(209): Illuminate\\Http\\Middleware\\HandleCors->handle(Object(Illuminate\\Http\\Request), Object(Closure))
#54 C:\\xampp\\htdocs\\thamescc-backend\\bagisto\\vendor\\laravel\\framework\\src\\Illuminate\\Http\\Middleware\\TrustProxies.php(58): Illuminate\\Pipeline\\Pipeline->Illuminate\\Pipeline\\{closure}(Object(Illuminate\\Http\\Request))
#55 C:\\xampp\\htdocs\\thamescc-backend\\bagisto\\vendor\\laravel\\framework\\src\\Illuminate\\Pipeline\\Pipeline.php(209): Illuminate\\Http\\Middleware\\TrustProxies->handle(Object(Illuminate\\Http\\Request), Object(Closure))
#56 C:\\xampp\\htdocs\\thamescc-backend\\bagisto\\vendor\\laravel\\framework\\src\\Illuminate\\Foundation\\Http\\Middleware\\InvokeDeferredCallbacks.php(22): Illuminate\\Pipeline\\Pipeline->Illuminate\\Pipeline\\{closure}(Object(Illuminate\\Http\\Request))
#57 C:\\xampp\\htdocs\\thamescc-backend\\bagisto\\vendor\\laravel\\framework\\src\\Illuminate\\Pipeline\\Pipeline.php(209): Illuminate\\Foundation\\Http\\Middleware\\InvokeDeferredCallbacks->handle(Object(Illuminate\\Http\\Request), Object(Closure))
#58 C:\\xampp\\htdocs\\thamescc-backend\\bagisto\\vendor\\laravel\\framework\\src\\Illuminate\\Pipeline\\Pipeline.php(127): Illuminate\\Pipeline\\Pipeline->Illuminate\\Pipeline\\{closure}(Object(Illuminate\\Http\\Request))
#59 C:\\xampp\\htdocs\\thamescc-backend\\bagisto\\vendor\\laravel\\framework\\src\\Illuminate\\Foundation\\Http\\Kernel.php(176): Illuminate\\Pipeline\\Pipeline->then(Object(Closure))
#60 C:\\xampp\\htdocs\\thamescc-backend\\bagisto\\vendor\\laravel\\framework\\src\\Illuminate\\Foundation\\Http\\Kernel.php(145): Illuminate\\Foundation\\Http\\Kernel->sendRequestThroughRouter(Object(Illuminate\\Http\\Request))
#61 C:\\xampp\\htdocs\\thamescc-backend\\bagisto\\public\\index.php(51): Illuminate\\Foundation\\Http\\Kernel->handle(Object(Illuminate\\Http\\Request))
#62 C:\\xampp\\htdocs\\thamescc-backend\\bagisto\\vendor\\laravel\\framework\\src\\Illuminate\\Foundation\\resources\\server.php(23): require_once('C:\\\\xampp\\\\htdocs...')
#63 {main}
"} 
[2025-07-01 12:00:16] local.ERROR: Konekt\Concord\Proxies\ModelProxy::targetClass(): Return value must be of type string, null returned {"exception":"[object] (TypeError(code: 0): Konekt\\Concord\\Proxies\\ModelProxy::targetClass(): Return value must be of type string, null returned at C:\\xampp\\htdocs\\thamescc-backend\\bagisto\\vendor\\konekt\\concord\\src\\Proxies\\ModelProxy.php:70)
[stacktrace]
#0 C:\\xampp\\htdocs\\thamescc-backend\\bagisto\\vendor\\konekt\\concord\\src\\Proxies\\BaseProxy.php(75): Konekt\\Concord\\Proxies\\ModelProxy->targetClass()
#1 C:\\xampp\\htdocs\\thamescc-backend\\bagisto\\packages\\Webkul\\Category\\src\\Providers\\CategoryServiceProvider.php(18): Konekt\\Concord\\Proxies\\BaseProxy::__callStatic('observe', Array)
#2 C:\\xampp\\htdocs\\thamescc-backend\\bagisto\\vendor\\laravel\\framework\\src\\Illuminate\\Container\\BoundMethod.php(36): Webkul\\Category\\Providers\\CategoryServiceProvider->boot()
#3 C:\\xampp\\htdocs\\thamescc-backend\\bagisto\\vendor\\laravel\\framework\\src\\Illuminate\\Container\\Util.php(43): Illuminate\\Container\\BoundMethod::Illuminate\\Container\\{closure}()
#4 C:\\xampp\\htdocs\\thamescc-backend\\bagisto\\vendor\\laravel\\framework\\src\\Illuminate\\Container\\BoundMethod.php(95): Illuminate\\Container\\Util::unwrapIfClosure(Object(Closure))
#5 C:\\xampp\\htdocs\\thamescc-backend\\bagisto\\vendor\\laravel\\framework\\src\\Illuminate\\Container\\BoundMethod.php(35): Illuminate\\Container\\BoundMethod::callBoundMethod(Object(Illuminate\\Foundation\\Application), Array, Object(Closure))
#6 C:\\xampp\\htdocs\\thamescc-backend\\bagisto\\vendor\\laravel\\framework\\src\\Illuminate\\Container\\Container.php(696): Illuminate\\Container\\BoundMethod::call(Object(Illuminate\\Foundation\\Application), Array, Array, NULL)
#7 C:\\xampp\\htdocs\\thamescc-backend\\bagisto\\vendor\\laravel\\framework\\src\\Illuminate\\Foundation\\Application.php(1151): Illuminate\\Container\\Container->call(Array)
#8 C:\\xampp\\htdocs\\thamescc-backend\\bagisto\\vendor\\laravel\\framework\\src\\Illuminate\\Foundation\\Application.php(1132): Illuminate\\Foundation\\Application->bootProvider(Object(Webkul\\Category\\Providers\\CategoryServiceProvider))
#9 [internal function]: Illuminate\\Foundation\\Application->Illuminate\\Foundation\\{closure}(Object(Webkul\\Category\\Providers\\CategoryServiceProvider), 'Webkul\\\\Category...')
#10 C:\\xampp\\htdocs\\thamescc-backend\\bagisto\\vendor\\laravel\\framework\\src\\Illuminate\\Foundation\\Application.php(1131): array_walk(Array, Object(Closure))
#11 C:\\xampp\\htdocs\\thamescc-backend\\bagisto\\vendor\\laravel\\framework\\src\\Illuminate\\Foundation\\Bootstrap\\BootProviders.php(17): Illuminate\\Foundation\\Application->boot()
#12 C:\\xampp\\htdocs\\thamescc-backend\\bagisto\\vendor\\laravel\\framework\\src\\Illuminate\\Foundation\\Application.php(342): Illuminate\\Foundation\\Bootstrap\\BootProviders->bootstrap(Object(Illuminate\\Foundation\\Application))
#13 C:\\xampp\\htdocs\\thamescc-backend\\bagisto\\vendor\\laravel\\framework\\src\\Illuminate\\Foundation\\Console\\Kernel.php(474): Illuminate\\Foundation\\Application->bootstrapWith(Array)
#14 C:\\xampp\\htdocs\\thamescc-backend\\bagisto\\vendor\\laravel\\framework\\src\\Illuminate\\Foundation\\Console\\Kernel.php(196): Illuminate\\Foundation\\Console\\Kernel->bootstrap()
#15 C:\\xampp\\htdocs\\thamescc-backend\\bagisto\\artisan(35): Illuminate\\Foundation\\Console\\Kernel->handle(Object(Symfony\\Component\\Console\\Input\\ArgvInput), Object(Symfony\\Component\\Console\\Output\\ConsoleOutput))
#16 {main}
"} 
[2025-07-01 12:00:17] local.ERROR: Konekt\Concord\Proxies\ModelProxy::targetClass(): Return value must be of type string, null returned {"exception":"[object] (TypeError(code: 0): Konekt\\Concord\\Proxies\\ModelProxy::targetClass(): Return value must be of type string, null returned at C:\\xampp\\htdocs\\thamescc-backend\\bagisto\\vendor\\konekt\\concord\\src\\Proxies\\ModelProxy.php:70)
[stacktrace]
#0 C:\\xampp\\htdocs\\thamescc-backend\\bagisto\\vendor\\konekt\\concord\\src\\Proxies\\BaseProxy.php(75): Konekt\\Concord\\Proxies\\ModelProxy->targetClass()
#1 C:\\xampp\\htdocs\\thamescc-backend\\bagisto\\packages\\Webkul\\Category\\src\\Providers\\CategoryServiceProvider.php(18): Konekt\\Concord\\Proxies\\BaseProxy::__callStatic('observe', Array)
#2 C:\\xampp\\htdocs\\thamescc-backend\\bagisto\\vendor\\laravel\\framework\\src\\Illuminate\\Container\\BoundMethod.php(36): Webkul\\Category\\Providers\\CategoryServiceProvider->boot()
#3 C:\\xampp\\htdocs\\thamescc-backend\\bagisto\\vendor\\laravel\\framework\\src\\Illuminate\\Container\\Util.php(43): Illuminate\\Container\\BoundMethod::Illuminate\\Container\\{closure}()
#4 C:\\xampp\\htdocs\\thamescc-backend\\bagisto\\vendor\\laravel\\framework\\src\\Illuminate\\Container\\BoundMethod.php(95): Illuminate\\Container\\Util::unwrapIfClosure(Object(Closure))
#5 C:\\xampp\\htdocs\\thamescc-backend\\bagisto\\vendor\\laravel\\framework\\src\\Illuminate\\Container\\BoundMethod.php(35): Illuminate\\Container\\BoundMethod::callBoundMethod(Object(Illuminate\\Foundation\\Application), Array, Object(Closure))
#6 C:\\xampp\\htdocs\\thamescc-backend\\bagisto\\vendor\\laravel\\framework\\src\\Illuminate\\Container\\Container.php(696): Illuminate\\Container\\BoundMethod::call(Object(Illuminate\\Foundation\\Application), Array, Array, NULL)
#7 C:\\xampp\\htdocs\\thamescc-backend\\bagisto\\vendor\\laravel\\framework\\src\\Illuminate\\Foundation\\Application.php(1151): Illuminate\\Container\\Container->call(Array)
#8 C:\\xampp\\htdocs\\thamescc-backend\\bagisto\\vendor\\laravel\\framework\\src\\Illuminate\\Foundation\\Application.php(1132): Illuminate\\Foundation\\Application->bootProvider(Object(Webkul\\Category\\Providers\\CategoryServiceProvider))
#9 [internal function]: Illuminate\\Foundation\\Application->Illuminate\\Foundation\\{closure}(Object(Webkul\\Category\\Providers\\CategoryServiceProvider), 'Webkul\\\\Category...')
#10 C:\\xampp\\htdocs\\thamescc-backend\\bagisto\\vendor\\laravel\\framework\\src\\Illuminate\\Foundation\\Application.php(1131): array_walk(Array, Object(Closure))
#11 C:\\xampp\\htdocs\\thamescc-backend\\bagisto\\vendor\\laravel\\framework\\src\\Illuminate\\Foundation\\Bootstrap\\BootProviders.php(17): Illuminate\\Foundation\\Application->boot()
#12 C:\\xampp\\htdocs\\thamescc-backend\\bagisto\\vendor\\laravel\\framework\\src\\Illuminate\\Foundation\\Application.php(342): Illuminate\\Foundation\\Bootstrap\\BootProviders->bootstrap(Object(Illuminate\\Foundation\\Application))
#13 C:\\xampp\\htdocs\\thamescc-backend\\bagisto\\vendor\\laravel\\framework\\src\\Illuminate\\Foundation\\Console\\Kernel.php(474): Illuminate\\Foundation\\Application->bootstrapWith(Array)
#14 C:\\xampp\\htdocs\\thamescc-backend\\bagisto\\vendor\\laravel\\framework\\src\\Illuminate\\Foundation\\Console\\Kernel.php(196): Illuminate\\Foundation\\Console\\Kernel->bootstrap()
#15 C:\\xampp\\htdocs\\thamescc-backend\\bagisto\\artisan(35): Illuminate\\Foundation\\Console\\Kernel->handle(Object(Symfony\\Component\\Console\\Input\\ArgvInput), Object(Symfony\\Component\\Console\\Output\\ConsoleOutput))
#16 {main}
"} 
[2025-07-01 12:00:17] local.ERROR: Konekt\Concord\Proxies\ModelProxy::targetClass(): Return value must be of type string, null returned {"exception":"[object] (TypeError(code: 0): Konekt\\Concord\\Proxies\\ModelProxy::targetClass(): Return value must be of type string, null returned at C:\\xampp\\htdocs\\thamescc-backend\\bagisto\\vendor\\konekt\\concord\\src\\Proxies\\ModelProxy.php:70)
[stacktrace]
#0 C:\\xampp\\htdocs\\thamescc-backend\\bagisto\\vendor\\konekt\\concord\\src\\Proxies\\BaseProxy.php(75): Konekt\\Concord\\Proxies\\ModelProxy->targetClass()
#1 C:\\xampp\\htdocs\\thamescc-backend\\bagisto\\packages\\Webkul\\Category\\src\\Providers\\CategoryServiceProvider.php(18): Konekt\\Concord\\Proxies\\BaseProxy::__callStatic('observe', Array)
#2 C:\\xampp\\htdocs\\thamescc-backend\\bagisto\\vendor\\laravel\\framework\\src\\Illuminate\\Container\\BoundMethod.php(36): Webkul\\Category\\Providers\\CategoryServiceProvider->boot()
#3 C:\\xampp\\htdocs\\thamescc-backend\\bagisto\\vendor\\laravel\\framework\\src\\Illuminate\\Container\\Util.php(43): Illuminate\\Container\\BoundMethod::Illuminate\\Container\\{closure}()
#4 C:\\xampp\\htdocs\\thamescc-backend\\bagisto\\vendor\\laravel\\framework\\src\\Illuminate\\Container\\BoundMethod.php(95): Illuminate\\Container\\Util::unwrapIfClosure(Object(Closure))
#5 C:\\xampp\\htdocs\\thamescc-backend\\bagisto\\vendor\\laravel\\framework\\src\\Illuminate\\Container\\BoundMethod.php(35): Illuminate\\Container\\BoundMethod::callBoundMethod(Object(Illuminate\\Foundation\\Application), Array, Object(Closure))
#6 C:\\xampp\\htdocs\\thamescc-backend\\bagisto\\vendor\\laravel\\framework\\src\\Illuminate\\Container\\Container.php(696): Illuminate\\Container\\BoundMethod::call(Object(Illuminate\\Foundation\\Application), Array, Array, NULL)
#7 C:\\xampp\\htdocs\\thamescc-backend\\bagisto\\vendor\\laravel\\framework\\src\\Illuminate\\Foundation\\Application.php(1151): Illuminate\\Container\\Container->call(Array)
#8 C:\\xampp\\htdocs\\thamescc-backend\\bagisto\\vendor\\laravel\\framework\\src\\Illuminate\\Foundation\\Application.php(1132): Illuminate\\Foundation\\Application->bootProvider(Object(Webkul\\Category\\Providers\\CategoryServiceProvider))
#9 [internal function]: Illuminate\\Foundation\\Application->Illuminate\\Foundation\\{closure}(Object(Webkul\\Category\\Providers\\CategoryServiceProvider), 'Webkul\\\\Category...')
#10 C:\\xampp\\htdocs\\thamescc-backend\\bagisto\\vendor\\laravel\\framework\\src\\Illuminate\\Foundation\\Application.php(1131): array_walk(Array, Object(Closure))
#11 C:\\xampp\\htdocs\\thamescc-backend\\bagisto\\vendor\\laravel\\framework\\src\\Illuminate\\Foundation\\Bootstrap\\BootProviders.php(17): Illuminate\\Foundation\\Application->boot()
#12 C:\\xampp\\htdocs\\thamescc-backend\\bagisto\\vendor\\laravel\\framework\\src\\Illuminate\\Foundation\\Application.php(342): Illuminate\\Foundation\\Bootstrap\\BootProviders->bootstrap(Object(Illuminate\\Foundation\\Application))
#13 C:\\xampp\\htdocs\\thamescc-backend\\bagisto\\vendor\\laravel\\framework\\src\\Illuminate\\Foundation\\Console\\Kernel.php(474): Illuminate\\Foundation\\Application->bootstrapWith(Array)
#14 C:\\xampp\\htdocs\\thamescc-backend\\bagisto\\vendor\\laravel\\framework\\src\\Illuminate\\Foundation\\Console\\Kernel.php(196): Illuminate\\Foundation\\Console\\Kernel->bootstrap()
#15 C:\\xampp\\htdocs\\thamescc-backend\\bagisto\\artisan(35): Illuminate\\Foundation\\Console\\Kernel->handle(Object(Symfony\\Component\\Console\\Input\\ArgvInput), Object(Symfony\\Component\\Console\\Output\\ConsoleOutput))
#16 {main}
"} 
[2025-07-01 12:00:18] local.ERROR: Konekt\Concord\Proxies\ModelProxy::targetClass(): Return value must be of type string, null returned {"exception":"[object] (TypeError(code: 0): Konekt\\Concord\\Proxies\\ModelProxy::targetClass(): Return value must be of type string, null returned at C:\\xampp\\htdocs\\thamescc-backend\\bagisto\\vendor\\konekt\\concord\\src\\Proxies\\ModelProxy.php:70)
[stacktrace]
#0 C:\\xampp\\htdocs\\thamescc-backend\\bagisto\\vendor\\konekt\\concord\\src\\Proxies\\BaseProxy.php(75): Konekt\\Concord\\Proxies\\ModelProxy->targetClass()
#1 C:\\xampp\\htdocs\\thamescc-backend\\bagisto\\packages\\Webkul\\Category\\src\\Providers\\CategoryServiceProvider.php(18): Konekt\\Concord\\Proxies\\BaseProxy::__callStatic('observe', Array)
#2 C:\\xampp\\htdocs\\thamescc-backend\\bagisto\\vendor\\laravel\\framework\\src\\Illuminate\\Container\\BoundMethod.php(36): Webkul\\Category\\Providers\\CategoryServiceProvider->boot()
#3 C:\\xampp\\htdocs\\thamescc-backend\\bagisto\\vendor\\laravel\\framework\\src\\Illuminate\\Container\\Util.php(43): Illuminate\\Container\\BoundMethod::Illuminate\\Container\\{closure}()
#4 C:\\xampp\\htdocs\\thamescc-backend\\bagisto\\vendor\\laravel\\framework\\src\\Illuminate\\Container\\BoundMethod.php(95): Illuminate\\Container\\Util::unwrapIfClosure(Object(Closure))
#5 C:\\xampp\\htdocs\\thamescc-backend\\bagisto\\vendor\\laravel\\framework\\src\\Illuminate\\Container\\BoundMethod.php(35): Illuminate\\Container\\BoundMethod::callBoundMethod(Object(Illuminate\\Foundation\\Application), Array, Object(Closure))
#6 C:\\xampp\\htdocs\\thamescc-backend\\bagisto\\vendor\\laravel\\framework\\src\\Illuminate\\Container\\Container.php(696): Illuminate\\Container\\BoundMethod::call(Object(Illuminate\\Foundation\\Application), Array, Array, NULL)
#7 C:\\xampp\\htdocs\\thamescc-backend\\bagisto\\vendor\\laravel\\framework\\src\\Illuminate\\Foundation\\Application.php(1151): Illuminate\\Container\\Container->call(Array)
#8 C:\\xampp\\htdocs\\thamescc-backend\\bagisto\\vendor\\laravel\\framework\\src\\Illuminate\\Foundation\\Application.php(1132): Illuminate\\Foundation\\Application->bootProvider(Object(Webkul\\Category\\Providers\\CategoryServiceProvider))
#9 [internal function]: Illuminate\\Foundation\\Application->Illuminate\\Foundation\\{closure}(Object(Webkul\\Category\\Providers\\CategoryServiceProvider), 'Webkul\\\\Category...')
#10 C:\\xampp\\htdocs\\thamescc-backend\\bagisto\\vendor\\laravel\\framework\\src\\Illuminate\\Foundation\\Application.php(1131): array_walk(Array, Object(Closure))
#11 C:\\xampp\\htdocs\\thamescc-backend\\bagisto\\vendor\\laravel\\framework\\src\\Illuminate\\Foundation\\Bootstrap\\BootProviders.php(17): Illuminate\\Foundation\\Application->boot()
#12 C:\\xampp\\htdocs\\thamescc-backend\\bagisto\\vendor\\laravel\\framework\\src\\Illuminate\\Foundation\\Application.php(342): Illuminate\\Foundation\\Bootstrap\\BootProviders->bootstrap(Object(Illuminate\\Foundation\\Application))
#13 C:\\xampp\\htdocs\\thamescc-backend\\bagisto\\vendor\\laravel\\framework\\src\\Illuminate\\Foundation\\Console\\Kernel.php(474): Illuminate\\Foundation\\Application->bootstrapWith(Array)
#14 C:\\xampp\\htdocs\\thamescc-backend\\bagisto\\vendor\\laravel\\framework\\src\\Illuminate\\Foundation\\Console\\Kernel.php(196): Illuminate\\Foundation\\Console\\Kernel->bootstrap()
#15 C:\\xampp\\htdocs\\thamescc-backend\\bagisto\\artisan(35): Illuminate\\Foundation\\Console\\Kernel->handle(Object(Symfony\\Component\\Console\\Input\\ArgvInput), Object(Symfony\\Component\\Console\\Output\\ConsoleOutput))
#16 {main}
"} 
[2025-07-01 12:00:18] local.ERROR: Konekt\Concord\Proxies\ModelProxy::targetClass(): Return value must be of type string, null returned {"exception":"[object] (TypeError(code: 0): Konekt\\Concord\\Proxies\\ModelProxy::targetClass(): Return value must be of type string, null returned at C:\\xampp\\htdocs\\thamescc-backend\\bagisto\\vendor\\konekt\\concord\\src\\Proxies\\ModelProxy.php:70)
[stacktrace]
#0 C:\\xampp\\htdocs\\thamescc-backend\\bagisto\\vendor\\konekt\\concord\\src\\Proxies\\BaseProxy.php(75): Konekt\\Concord\\Proxies\\ModelProxy->targetClass()
#1 C:\\xampp\\htdocs\\thamescc-backend\\bagisto\\packages\\Webkul\\Category\\src\\Providers\\CategoryServiceProvider.php(18): Konekt\\Concord\\Proxies\\BaseProxy::__callStatic('observe', Array)
#2 C:\\xampp\\htdocs\\thamescc-backend\\bagisto\\vendor\\laravel\\framework\\src\\Illuminate\\Container\\BoundMethod.php(36): Webkul\\Category\\Providers\\CategoryServiceProvider->boot()
#3 C:\\xampp\\htdocs\\thamescc-backend\\bagisto\\vendor\\laravel\\framework\\src\\Illuminate\\Container\\Util.php(43): Illuminate\\Container\\BoundMethod::Illuminate\\Container\\{closure}()
#4 C:\\xampp\\htdocs\\thamescc-backend\\bagisto\\vendor\\laravel\\framework\\src\\Illuminate\\Container\\BoundMethod.php(95): Illuminate\\Container\\Util::unwrapIfClosure(Object(Closure))
#5 C:\\xampp\\htdocs\\thamescc-backend\\bagisto\\vendor\\laravel\\framework\\src\\Illuminate\\Container\\BoundMethod.php(35): Illuminate\\Container\\BoundMethod::callBoundMethod(Object(Illuminate\\Foundation\\Application), Array, Object(Closure))
#6 C:\\xampp\\htdocs\\thamescc-backend\\bagisto\\vendor\\laravel\\framework\\src\\Illuminate\\Container\\Container.php(696): Illuminate\\Container\\BoundMethod::call(Object(Illuminate\\Foundation\\Application), Array, Array, NULL)
#7 C:\\xampp\\htdocs\\thamescc-backend\\bagisto\\vendor\\laravel\\framework\\src\\Illuminate\\Foundation\\Application.php(1151): Illuminate\\Container\\Container->call(Array)
#8 C:\\xampp\\htdocs\\thamescc-backend\\bagisto\\vendor\\laravel\\framework\\src\\Illuminate\\Foundation\\Application.php(1132): Illuminate\\Foundation\\Application->bootProvider(Object(Webkul\\Category\\Providers\\CategoryServiceProvider))
#9 [internal function]: Illuminate\\Foundation\\Application->Illuminate\\Foundation\\{closure}(Object(Webkul\\Category\\Providers\\CategoryServiceProvider), 'Webkul\\\\Category...')
#10 C:\\xampp\\htdocs\\thamescc-backend\\bagisto\\vendor\\laravel\\framework\\src\\Illuminate\\Foundation\\Application.php(1131): array_walk(Array, Object(Closure))
#11 C:\\xampp\\htdocs\\thamescc-backend\\bagisto\\vendor\\laravel\\framework\\src\\Illuminate\\Foundation\\Bootstrap\\BootProviders.php(17): Illuminate\\Foundation\\Application->boot()
#12 C:\\xampp\\htdocs\\thamescc-backend\\bagisto\\vendor\\laravel\\framework\\src\\Illuminate\\Foundation\\Application.php(342): Illuminate\\Foundation\\Bootstrap\\BootProviders->bootstrap(Object(Illuminate\\Foundation\\Application))
#13 C:\\xampp\\htdocs\\thamescc-backend\\bagisto\\vendor\\laravel\\framework\\src\\Illuminate\\Foundation\\Console\\Kernel.php(474): Illuminate\\Foundation\\Application->bootstrapWith(Array)
#14 C:\\xampp\\htdocs\\thamescc-backend\\bagisto\\vendor\\laravel\\framework\\src\\Illuminate\\Foundation\\Console\\Kernel.php(196): Illuminate\\Foundation\\Console\\Kernel->bootstrap()
#15 C:\\xampp\\htdocs\\thamescc-backend\\bagisto\\artisan(35): Illuminate\\Foundation\\Console\\Kernel->handle(Object(Symfony\\Component\\Console\\Input\\ArgvInput), Object(Symfony\\Component\\Console\\Output\\ConsoleOutput))
#16 {main}
"} 
[2025-07-01 12:00:19] local.ERROR: Konekt\Concord\Proxies\ModelProxy::targetClass(): Return value must be of type string, null returned {"exception":"[object] (TypeError(code: 0): Konekt\\Concord\\Proxies\\ModelProxy::targetClass(): Return value must be of type string, null returned at C:\\xampp\\htdocs\\thamescc-backend\\bagisto\\vendor\\konekt\\concord\\src\\Proxies\\ModelProxy.php:70)
[stacktrace]
#0 C:\\xampp\\htdocs\\thamescc-backend\\bagisto\\vendor\\konekt\\concord\\src\\Proxies\\BaseProxy.php(75): Konekt\\Concord\\Proxies\\ModelProxy->targetClass()
#1 C:\\xampp\\htdocs\\thamescc-backend\\bagisto\\packages\\Webkul\\Category\\src\\Providers\\CategoryServiceProvider.php(18): Konekt\\Concord\\Proxies\\BaseProxy::__callStatic('observe', Array)
#2 C:\\xampp\\htdocs\\thamescc-backend\\bagisto\\vendor\\laravel\\framework\\src\\Illuminate\\Container\\BoundMethod.php(36): Webkul\\Category\\Providers\\CategoryServiceProvider->boot()
#3 C:\\xampp\\htdocs\\thamescc-backend\\bagisto\\vendor\\laravel\\framework\\src\\Illuminate\\Container\\Util.php(43): Illuminate\\Container\\BoundMethod::Illuminate\\Container\\{closure}()
#4 C:\\xampp\\htdocs\\thamescc-backend\\bagisto\\vendor\\laravel\\framework\\src\\Illuminate\\Container\\BoundMethod.php(95): Illuminate\\Container\\Util::unwrapIfClosure(Object(Closure))
#5 C:\\xampp\\htdocs\\thamescc-backend\\bagisto\\vendor\\laravel\\framework\\src\\Illuminate\\Container\\BoundMethod.php(35): Illuminate\\Container\\BoundMethod::callBoundMethod(Object(Illuminate\\Foundation\\Application), Array, Object(Closure))
#6 C:\\xampp\\htdocs\\thamescc-backend\\bagisto\\vendor\\laravel\\framework\\src\\Illuminate\\Container\\Container.php(696): Illuminate\\Container\\BoundMethod::call(Object(Illuminate\\Foundation\\Application), Array, Array, NULL)
#7 C:\\xampp\\htdocs\\thamescc-backend\\bagisto\\vendor\\laravel\\framework\\src\\Illuminate\\Foundation\\Application.php(1151): Illuminate\\Container\\Container->call(Array)
#8 C:\\xampp\\htdocs\\thamescc-backend\\bagisto\\vendor\\laravel\\framework\\src\\Illuminate\\Foundation\\Application.php(1132): Illuminate\\Foundation\\Application->bootProvider(Object(Webkul\\Category\\Providers\\CategoryServiceProvider))
#9 [internal function]: Illuminate\\Foundation\\Application->Illuminate\\Foundation\\{closure}(Object(Webkul\\Category\\Providers\\CategoryServiceProvider), 'Webkul\\\\Category...')
#10 C:\\xampp\\htdocs\\thamescc-backend\\bagisto\\vendor\\laravel\\framework\\src\\Illuminate\\Foundation\\Application.php(1131): array_walk(Array, Object(Closure))
#11 C:\\xampp\\htdocs\\thamescc-backend\\bagisto\\vendor\\laravel\\framework\\src\\Illuminate\\Foundation\\Bootstrap\\BootProviders.php(17): Illuminate\\Foundation\\Application->boot()
#12 C:\\xampp\\htdocs\\thamescc-backend\\bagisto\\vendor\\laravel\\framework\\src\\Illuminate\\Foundation\\Application.php(342): Illuminate\\Foundation\\Bootstrap\\BootProviders->bootstrap(Object(Illuminate\\Foundation\\Application))
#13 C:\\xampp\\htdocs\\thamescc-backend\\bagisto\\vendor\\laravel\\framework\\src\\Illuminate\\Foundation\\Console\\Kernel.php(474): Illuminate\\Foundation\\Application->bootstrapWith(Array)
#14 C:\\xampp\\htdocs\\thamescc-backend\\bagisto\\vendor\\laravel\\framework\\src\\Illuminate\\Foundation\\Console\\Kernel.php(196): Illuminate\\Foundation\\Console\\Kernel->bootstrap()
#15 C:\\xampp\\htdocs\\thamescc-backend\\bagisto\\artisan(35): Illuminate\\Foundation\\Console\\Kernel->handle(Object(Symfony\\Component\\Console\\Input\\ArgvInput), Object(Symfony\\Component\\Console\\Output\\ConsoleOutput))
#16 {main}
"} 
[2025-07-01 12:00:19] local.ERROR: Konekt\Concord\Proxies\ModelProxy::targetClass(): Return value must be of type string, null returned {"exception":"[object] (TypeError(code: 0): Konekt\\Concord\\Proxies\\ModelProxy::targetClass(): Return value must be of type string, null returned at C:\\xampp\\htdocs\\thamescc-backend\\bagisto\\vendor\\konekt\\concord\\src\\Proxies\\ModelProxy.php:70)
[stacktrace]
#0 C:\\xampp\\htdocs\\thamescc-backend\\bagisto\\vendor\\konekt\\concord\\src\\Proxies\\BaseProxy.php(75): Konekt\\Concord\\Proxies\\ModelProxy->targetClass()
#1 C:\\xampp\\htdocs\\thamescc-backend\\bagisto\\packages\\Webkul\\Category\\src\\Providers\\CategoryServiceProvider.php(18): Konekt\\Concord\\Proxies\\BaseProxy::__callStatic('observe', Array)
#2 C:\\xampp\\htdocs\\thamescc-backend\\bagisto\\vendor\\laravel\\framework\\src\\Illuminate\\Container\\BoundMethod.php(36): Webkul\\Category\\Providers\\CategoryServiceProvider->boot()
#3 C:\\xampp\\htdocs\\thamescc-backend\\bagisto\\vendor\\laravel\\framework\\src\\Illuminate\\Container\\Util.php(43): Illuminate\\Container\\BoundMethod::Illuminate\\Container\\{closure}()
#4 C:\\xampp\\htdocs\\thamescc-backend\\bagisto\\vendor\\laravel\\framework\\src\\Illuminate\\Container\\BoundMethod.php(95): Illuminate\\Container\\Util::unwrapIfClosure(Object(Closure))
#5 C:\\xampp\\htdocs\\thamescc-backend\\bagisto\\vendor\\laravel\\framework\\src\\Illuminate\\Container\\BoundMethod.php(35): Illuminate\\Container\\BoundMethod::callBoundMethod(Object(Illuminate\\Foundation\\Application), Array, Object(Closure))
#6 C:\\xampp\\htdocs\\thamescc-backend\\bagisto\\vendor\\laravel\\framework\\src\\Illuminate\\Container\\Container.php(696): Illuminate\\Container\\BoundMethod::call(Object(Illuminate\\Foundation\\Application), Array, Array, NULL)
#7 C:\\xampp\\htdocs\\thamescc-backend\\bagisto\\vendor\\laravel\\framework\\src\\Illuminate\\Foundation\\Application.php(1151): Illuminate\\Container\\Container->call(Array)
#8 C:\\xampp\\htdocs\\thamescc-backend\\bagisto\\vendor\\laravel\\framework\\src\\Illuminate\\Foundation\\Application.php(1132): Illuminate\\Foundation\\Application->bootProvider(Object(Webkul\\Category\\Providers\\CategoryServiceProvider))
#9 [internal function]: Illuminate\\Foundation\\Application->Illuminate\\Foundation\\{closure}(Object(Webkul\\Category\\Providers\\CategoryServiceProvider), 'Webkul\\\\Category...')
#10 C:\\xampp\\htdocs\\thamescc-backend\\bagisto\\vendor\\laravel\\framework\\src\\Illuminate\\Foundation\\Application.php(1131): array_walk(Array, Object(Closure))
#11 C:\\xampp\\htdocs\\thamescc-backend\\bagisto\\vendor\\laravel\\framework\\src\\Illuminate\\Foundation\\Bootstrap\\BootProviders.php(17): Illuminate\\Foundation\\Application->boot()
#12 C:\\xampp\\htdocs\\thamescc-backend\\bagisto\\vendor\\laravel\\framework\\src\\Illuminate\\Foundation\\Application.php(342): Illuminate\\Foundation\\Bootstrap\\BootProviders->bootstrap(Object(Illuminate\\Foundation\\Application))
#13 C:\\xampp\\htdocs\\thamescc-backend\\bagisto\\vendor\\laravel\\framework\\src\\Illuminate\\Foundation\\Console\\Kernel.php(474): Illuminate\\Foundation\\Application->bootstrapWith(Array)
#14 C:\\xampp\\htdocs\\thamescc-backend\\bagisto\\vendor\\laravel\\framework\\src\\Illuminate\\Foundation\\Console\\Kernel.php(196): Illuminate\\Foundation\\Console\\Kernel->bootstrap()
#15 C:\\xampp\\htdocs\\thamescc-backend\\bagisto\\artisan(35): Illuminate\\Foundation\\Console\\Kernel->handle(Object(Symfony\\Component\\Console\\Input\\ArgvInput), Object(Symfony\\Component\\Console\\Output\\ConsoleOutput))
#16 {main}
"} 
[2025-07-01 12:00:20] local.ERROR: Konekt\Concord\Proxies\ModelProxy::targetClass(): Return value must be of type string, null returned {"exception":"[object] (TypeError(code: 0): Konekt\\Concord\\Proxies\\ModelProxy::targetClass(): Return value must be of type string, null returned at C:\\xampp\\htdocs\\thamescc-backend\\bagisto\\vendor\\konekt\\concord\\src\\Proxies\\ModelProxy.php:70)
[stacktrace]
#0 C:\\xampp\\htdocs\\thamescc-backend\\bagisto\\vendor\\konekt\\concord\\src\\Proxies\\BaseProxy.php(75): Konekt\\Concord\\Proxies\\ModelProxy->targetClass()
#1 C:\\xampp\\htdocs\\thamescc-backend\\bagisto\\packages\\Webkul\\Category\\src\\Providers\\CategoryServiceProvider.php(18): Konekt\\Concord\\Proxies\\BaseProxy::__callStatic('observe', Array)
#2 C:\\xampp\\htdocs\\thamescc-backend\\bagisto\\vendor\\laravel\\framework\\src\\Illuminate\\Container\\BoundMethod.php(36): Webkul\\Category\\Providers\\CategoryServiceProvider->boot()
#3 C:\\xampp\\htdocs\\thamescc-backend\\bagisto\\vendor\\laravel\\framework\\src\\Illuminate\\Container\\Util.php(43): Illuminate\\Container\\BoundMethod::Illuminate\\Container\\{closure}()
#4 C:\\xampp\\htdocs\\thamescc-backend\\bagisto\\vendor\\laravel\\framework\\src\\Illuminate\\Container\\BoundMethod.php(95): Illuminate\\Container\\Util::unwrapIfClosure(Object(Closure))
#5 C:\\xampp\\htdocs\\thamescc-backend\\bagisto\\vendor\\laravel\\framework\\src\\Illuminate\\Container\\BoundMethod.php(35): Illuminate\\Container\\BoundMethod::callBoundMethod(Object(Illuminate\\Foundation\\Application), Array, Object(Closure))
#6 C:\\xampp\\htdocs\\thamescc-backend\\bagisto\\vendor\\laravel\\framework\\src\\Illuminate\\Container\\Container.php(696): Illuminate\\Container\\BoundMethod::call(Object(Illuminate\\Foundation\\Application), Array, Array, NULL)
#7 C:\\xampp\\htdocs\\thamescc-backend\\bagisto\\vendor\\laravel\\framework\\src\\Illuminate\\Foundation\\Application.php(1151): Illuminate\\Container\\Container->call(Array)
#8 C:\\xampp\\htdocs\\thamescc-backend\\bagisto\\vendor\\laravel\\framework\\src\\Illuminate\\Foundation\\Application.php(1132): Illuminate\\Foundation\\Application->bootProvider(Object(Webkul\\Category\\Providers\\CategoryServiceProvider))
#9 [internal function]: Illuminate\\Foundation\\Application->Illuminate\\Foundation\\{closure}(Object(Webkul\\Category\\Providers\\CategoryServiceProvider), 'Webkul\\\\Category...')
#10 C:\\xampp\\htdocs\\thamescc-backend\\bagisto\\vendor\\laravel\\framework\\src\\Illuminate\\Foundation\\Application.php(1131): array_walk(Array, Object(Closure))
#11 C:\\xampp\\htdocs\\thamescc-backend\\bagisto\\vendor\\laravel\\framework\\src\\Illuminate\\Foundation\\Bootstrap\\BootProviders.php(17): Illuminate\\Foundation\\Application->boot()
#12 C:\\xampp\\htdocs\\thamescc-backend\\bagisto\\vendor\\laravel\\framework\\src\\Illuminate\\Foundation\\Application.php(342): Illuminate\\Foundation\\Bootstrap\\BootProviders->bootstrap(Object(Illuminate\\Foundation\\Application))
#13 C:\\xampp\\htdocs\\thamescc-backend\\bagisto\\vendor\\laravel\\framework\\src\\Illuminate\\Foundation\\Console\\Kernel.php(474): Illuminate\\Foundation\\Application->bootstrapWith(Array)
#14 C:\\xampp\\htdocs\\thamescc-backend\\bagisto\\vendor\\laravel\\framework\\src\\Illuminate\\Foundation\\Console\\Kernel.php(196): Illuminate\\Foundation\\Console\\Kernel->bootstrap()
#15 C:\\xampp\\htdocs\\thamescc-backend\\bagisto\\artisan(35): Illuminate\\Foundation\\Console\\Kernel->handle(Object(Symfony\\Component\\Console\\Input\\ArgvInput), Object(Symfony\\Component\\Console\\Output\\ConsoleOutput))
#16 {main}
"} 
[2025-07-01 12:00:20] local.ERROR: Konekt\Concord\Proxies\ModelProxy::targetClass(): Return value must be of type string, null returned {"exception":"[object] (TypeError(code: 0): Konekt\\Concord\\Proxies\\ModelProxy::targetClass(): Return value must be of type string, null returned at C:\\xampp\\htdocs\\thamescc-backend\\bagisto\\vendor\\konekt\\concord\\src\\Proxies\\ModelProxy.php:70)
[stacktrace]
#0 C:\\xampp\\htdocs\\thamescc-backend\\bagisto\\vendor\\konekt\\concord\\src\\Proxies\\BaseProxy.php(75): Konekt\\Concord\\Proxies\\ModelProxy->targetClass()
#1 C:\\xampp\\htdocs\\thamescc-backend\\bagisto\\packages\\Webkul\\Category\\src\\Providers\\CategoryServiceProvider.php(18): Konekt\\Concord\\Proxies\\BaseProxy::__callStatic('observe', Array)
#2 C:\\xampp\\htdocs\\thamescc-backend\\bagisto\\vendor\\laravel\\framework\\src\\Illuminate\\Container\\BoundMethod.php(36): Webkul\\Category\\Providers\\CategoryServiceProvider->boot()
#3 C:\\xampp\\htdocs\\thamescc-backend\\bagisto\\vendor\\laravel\\framework\\src\\Illuminate\\Container\\Util.php(43): Illuminate\\Container\\BoundMethod::Illuminate\\Container\\{closure}()
#4 C:\\xampp\\htdocs\\thamescc-backend\\bagisto\\vendor\\laravel\\framework\\src\\Illuminate\\Container\\BoundMethod.php(95): Illuminate\\Container\\Util::unwrapIfClosure(Object(Closure))
#5 C:\\xampp\\htdocs\\thamescc-backend\\bagisto\\vendor\\laravel\\framework\\src\\Illuminate\\Container\\BoundMethod.php(35): Illuminate\\Container\\BoundMethod::callBoundMethod(Object(Illuminate\\Foundation\\Application), Array, Object(Closure))
#6 C:\\xampp\\htdocs\\thamescc-backend\\bagisto\\vendor\\laravel\\framework\\src\\Illuminate\\Container\\Container.php(696): Illuminate\\Container\\BoundMethod::call(Object(Illuminate\\Foundation\\Application), Array, Array, NULL)
#7 C:\\xampp\\htdocs\\thamescc-backend\\bagisto\\vendor\\laravel\\framework\\src\\Illuminate\\Foundation\\Application.php(1151): Illuminate\\Container\\Container->call(Array)
#8 C:\\xampp\\htdocs\\thamescc-backend\\bagisto\\vendor\\laravel\\framework\\src\\Illuminate\\Foundation\\Application.php(1132): Illuminate\\Foundation\\Application->bootProvider(Object(Webkul\\Category\\Providers\\CategoryServiceProvider))
#9 [internal function]: Illuminate\\Foundation\\Application->Illuminate\\Foundation\\{closure}(Object(Webkul\\Category\\Providers\\CategoryServiceProvider), 'Webkul\\\\Category...')
#10 C:\\xampp\\htdocs\\thamescc-backend\\bagisto\\vendor\\laravel\\framework\\src\\Illuminate\\Foundation\\Application.php(1131): array_walk(Array, Object(Closure))
#11 C:\\xampp\\htdocs\\thamescc-backend\\bagisto\\vendor\\laravel\\framework\\src\\Illuminate\\Foundation\\Bootstrap\\BootProviders.php(17): Illuminate\\Foundation\\Application->boot()
#12 C:\\xampp\\htdocs\\thamescc-backend\\bagisto\\vendor\\laravel\\framework\\src\\Illuminate\\Foundation\\Application.php(342): Illuminate\\Foundation\\Bootstrap\\BootProviders->bootstrap(Object(Illuminate\\Foundation\\Application))
#13 C:\\xampp\\htdocs\\thamescc-backend\\bagisto\\vendor\\laravel\\framework\\src\\Illuminate\\Foundation\\Console\\Kernel.php(474): Illuminate\\Foundation\\Application->bootstrapWith(Array)
#14 C:\\xampp\\htdocs\\thamescc-backend\\bagisto\\vendor\\laravel\\framework\\src\\Illuminate\\Foundation\\Console\\Kernel.php(196): Illuminate\\Foundation\\Console\\Kernel->bootstrap()
#15 C:\\xampp\\htdocs\\thamescc-backend\\bagisto\\artisan(35): Illuminate\\Foundation\\Console\\Kernel->handle(Object(Symfony\\Component\\Console\\Input\\ArgvInput), Object(Symfony\\Component\\Console\\Output\\ConsoleOutput))
#16 {main}
"} 
[2025-07-01 12:00:21] local.ERROR: Konekt\Concord\Proxies\ModelProxy::targetClass(): Return value must be of type string, null returned {"exception":"[object] (TypeError(code: 0): Konekt\\Concord\\Proxies\\ModelProxy::targetClass(): Return value must be of type string, null returned at C:\\xampp\\htdocs\\thamescc-backend\\bagisto\\vendor\\konekt\\concord\\src\\Proxies\\ModelProxy.php:70)
[stacktrace]
#0 C:\\xampp\\htdocs\\thamescc-backend\\bagisto\\vendor\\konekt\\concord\\src\\Proxies\\BaseProxy.php(75): Konekt\\Concord\\Proxies\\ModelProxy->targetClass()
#1 C:\\xampp\\htdocs\\thamescc-backend\\bagisto\\packages\\Webkul\\Category\\src\\Providers\\CategoryServiceProvider.php(18): Konekt\\Concord\\Proxies\\BaseProxy::__callStatic('observe', Array)
#2 C:\\xampp\\htdocs\\thamescc-backend\\bagisto\\vendor\\laravel\\framework\\src\\Illuminate\\Container\\BoundMethod.php(36): Webkul\\Category\\Providers\\CategoryServiceProvider->boot()
#3 C:\\xampp\\htdocs\\thamescc-backend\\bagisto\\vendor\\laravel\\framework\\src\\Illuminate\\Container\\Util.php(43): Illuminate\\Container\\BoundMethod::Illuminate\\Container\\{closure}()
#4 C:\\xampp\\htdocs\\thamescc-backend\\bagisto\\vendor\\laravel\\framework\\src\\Illuminate\\Container\\BoundMethod.php(95): Illuminate\\Container\\Util::unwrapIfClosure(Object(Closure))
#5 C:\\xampp\\htdocs\\thamescc-backend\\bagisto\\vendor\\laravel\\framework\\src\\Illuminate\\Container\\BoundMethod.php(35): Illuminate\\Container\\BoundMethod::callBoundMethod(Object(Illuminate\\Foundation\\Application), Array, Object(Closure))
#6 C:\\xampp\\htdocs\\thamescc-backend\\bagisto\\vendor\\laravel\\framework\\src\\Illuminate\\Container\\Container.php(696): Illuminate\\Container\\BoundMethod::call(Object(Illuminate\\Foundation\\Application), Array, Array, NULL)
#7 C:\\xampp\\htdocs\\thamescc-backend\\bagisto\\vendor\\laravel\\framework\\src\\Illuminate\\Foundation\\Application.php(1151): Illuminate\\Container\\Container->call(Array)
#8 C:\\xampp\\htdocs\\thamescc-backend\\bagisto\\vendor\\laravel\\framework\\src\\Illuminate\\Foundation\\Application.php(1132): Illuminate\\Foundation\\Application->bootProvider(Object(Webkul\\Category\\Providers\\CategoryServiceProvider))
#9 [internal function]: Illuminate\\Foundation\\Application->Illuminate\\Foundation\\{closure}(Object(Webkul\\Category\\Providers\\CategoryServiceProvider), 'Webkul\\\\Category...')
#10 C:\\xampp\\htdocs\\thamescc-backend\\bagisto\\vendor\\laravel\\framework\\src\\Illuminate\\Foundation\\Application.php(1131): array_walk(Array, Object(Closure))
#11 C:\\xampp\\htdocs\\thamescc-backend\\bagisto\\vendor\\laravel\\framework\\src\\Illuminate\\Foundation\\Bootstrap\\BootProviders.php(17): Illuminate\\Foundation\\Application->boot()
#12 C:\\xampp\\htdocs\\thamescc-backend\\bagisto\\vendor\\laravel\\framework\\src\\Illuminate\\Foundation\\Application.php(342): Illuminate\\Foundation\\Bootstrap\\BootProviders->bootstrap(Object(Illuminate\\Foundation\\Application))
#13 C:\\xampp\\htdocs\\thamescc-backend\\bagisto\\vendor\\laravel\\framework\\src\\Illuminate\\Foundation\\Console\\Kernel.php(474): Illuminate\\Foundation\\Application->bootstrapWith(Array)
#14 C:\\xampp\\htdocs\\thamescc-backend\\bagisto\\vendor\\laravel\\framework\\src\\Illuminate\\Foundation\\Console\\Kernel.php(196): Illuminate\\Foundation\\Console\\Kernel->bootstrap()
#15 C:\\xampp\\htdocs\\thamescc-backend\\bagisto\\artisan(35): Illuminate\\Foundation\\Console\\Kernel->handle(Object(Symfony\\Component\\Console\\Input\\ArgvInput), Object(Symfony\\Component\\Console\\Output\\ConsoleOutput))
#16 {main}
"} 
[2025-07-01 12:00:21] local.ERROR: Konekt\Concord\Proxies\ModelProxy::targetClass(): Return value must be of type string, null returned {"exception":"[object] (TypeError(code: 0): Konekt\\Concord\\Proxies\\ModelProxy::targetClass(): Return value must be of type string, null returned at C:\\xampp\\htdocs\\thamescc-backend\\bagisto\\vendor\\konekt\\concord\\src\\Proxies\\ModelProxy.php:70)
[stacktrace]
#0 C:\\xampp\\htdocs\\thamescc-backend\\bagisto\\vendor\\konekt\\concord\\src\\Proxies\\BaseProxy.php(75): Konekt\\Concord\\Proxies\\ModelProxy->targetClass()
#1 C:\\xampp\\htdocs\\thamescc-backend\\bagisto\\packages\\Webkul\\Category\\src\\Providers\\CategoryServiceProvider.php(18): Konekt\\Concord\\Proxies\\BaseProxy::__callStatic('observe', Array)
#2 C:\\xampp\\htdocs\\thamescc-backend\\bagisto\\vendor\\laravel\\framework\\src\\Illuminate\\Container\\BoundMethod.php(36): Webkul\\Category\\Providers\\CategoryServiceProvider->boot()
#3 C:\\xampp\\htdocs\\thamescc-backend\\bagisto\\vendor\\laravel\\framework\\src\\Illuminate\\Container\\Util.php(43): Illuminate\\Container\\BoundMethod::Illuminate\\Container\\{closure}()
#4 C:\\xampp\\htdocs\\thamescc-backend\\bagisto\\vendor\\laravel\\framework\\src\\Illuminate\\Container\\BoundMethod.php(95): Illuminate\\Container\\Util::unwrapIfClosure(Object(Closure))
#5 C:\\xampp\\htdocs\\thamescc-backend\\bagisto\\vendor\\laravel\\framework\\src\\Illuminate\\Container\\BoundMethod.php(35): Illuminate\\Container\\BoundMethod::callBoundMethod(Object(Illuminate\\Foundation\\Application), Array, Object(Closure))
#6 C:\\xampp\\htdocs\\thamescc-backend\\bagisto\\vendor\\laravel\\framework\\src\\Illuminate\\Container\\Container.php(696): Illuminate\\Container\\BoundMethod::call(Object(Illuminate\\Foundation\\Application), Array, Array, NULL)
#7 C:\\xampp\\htdocs\\thamescc-backend\\bagisto\\vendor\\laravel\\framework\\src\\Illuminate\\Foundation\\Application.php(1151): Illuminate\\Container\\Container->call(Array)
#8 C:\\xampp\\htdocs\\thamescc-backend\\bagisto\\vendor\\laravel\\framework\\src\\Illuminate\\Foundation\\Application.php(1132): Illuminate\\Foundation\\Application->bootProvider(Object(Webkul\\Category\\Providers\\CategoryServiceProvider))
#9 [internal function]: Illuminate\\Foundation\\Application->Illuminate\\Foundation\\{closure}(Object(Webkul\\Category\\Providers\\CategoryServiceProvider), 'Webkul\\\\Category...')
#10 C:\\xampp\\htdocs\\thamescc-backend\\bagisto\\vendor\\laravel\\framework\\src\\Illuminate\\Foundation\\Application.php(1131): array_walk(Array, Object(Closure))
#11 C:\\xampp\\htdocs\\thamescc-backend\\bagisto\\vendor\\laravel\\framework\\src\\Illuminate\\Foundation\\Bootstrap\\BootProviders.php(17): Illuminate\\Foundation\\Application->boot()
#12 C:\\xampp\\htdocs\\thamescc-backend\\bagisto\\vendor\\laravel\\framework\\src\\Illuminate\\Foundation\\Application.php(342): Illuminate\\Foundation\\Bootstrap\\BootProviders->bootstrap(Object(Illuminate\\Foundation\\Application))
#13 C:\\xampp\\htdocs\\thamescc-backend\\bagisto\\vendor\\laravel\\framework\\src\\Illuminate\\Foundation\\Console\\Kernel.php(474): Illuminate\\Foundation\\Application->bootstrapWith(Array)
#14 C:\\xampp\\htdocs\\thamescc-backend\\bagisto\\vendor\\laravel\\framework\\src\\Illuminate\\Foundation\\Console\\Kernel.php(196): Illuminate\\Foundation\\Console\\Kernel->bootstrap()
#15 C:\\xampp\\htdocs\\thamescc-backend\\bagisto\\artisan(35): Illuminate\\Foundation\\Console\\Kernel->handle(Object(Symfony\\Component\\Console\\Input\\ArgvInput), Object(Symfony\\Component\\Console\\Output\\ConsoleOutput))
#16 {main}
"} 
[2025-07-01 12:10:11] local.ERROR: Konekt\Concord\Proxies\ModelProxy::targetClass(): Return value must be of type string, null returned {"exception":"[object] (TypeError(code: 0): Konekt\\Concord\\Proxies\\ModelProxy::targetClass(): Return value must be of type string, null returned at C:\\xampp\\htdocs\\thamescc-backend\\bagisto\\vendor\\konekt\\concord\\src\\Proxies\\ModelProxy.php:70)
[stacktrace]
#0 C:\\xampp\\htdocs\\thamescc-backend\\bagisto\\vendor\\konekt\\concord\\src\\Proxies\\BaseProxy.php(75): Konekt\\Concord\\Proxies\\ModelProxy->targetClass()
#1 C:\\xampp\\htdocs\\thamescc-backend\\bagisto\\packages\\Webkul\\Category\\src\\Providers\\CategoryServiceProvider.php(18): Konekt\\Concord\\Proxies\\BaseProxy::__callStatic('observe', Array)
#2 C:\\xampp\\htdocs\\thamescc-backend\\bagisto\\vendor\\laravel\\framework\\src\\Illuminate\\Container\\BoundMethod.php(36): Webkul\\Category\\Providers\\CategoryServiceProvider->boot()
#3 C:\\xampp\\htdocs\\thamescc-backend\\bagisto\\vendor\\laravel\\framework\\src\\Illuminate\\Container\\Util.php(43): Illuminate\\Container\\BoundMethod::Illuminate\\Container\\{closure}()
#4 C:\\xampp\\htdocs\\thamescc-backend\\bagisto\\vendor\\laravel\\framework\\src\\Illuminate\\Container\\BoundMethod.php(95): Illuminate\\Container\\Util::unwrapIfClosure(Object(Closure))
#5 C:\\xampp\\htdocs\\thamescc-backend\\bagisto\\vendor\\laravel\\framework\\src\\Illuminate\\Container\\BoundMethod.php(35): Illuminate\\Container\\BoundMethod::callBoundMethod(Object(Illuminate\\Foundation\\Application), Array, Object(Closure))
#6 C:\\xampp\\htdocs\\thamescc-backend\\bagisto\\vendor\\laravel\\framework\\src\\Illuminate\\Container\\Container.php(696): Illuminate\\Container\\BoundMethod::call(Object(Illuminate\\Foundation\\Application), Array, Array, NULL)
#7 C:\\xampp\\htdocs\\thamescc-backend\\bagisto\\vendor\\laravel\\framework\\src\\Illuminate\\Foundation\\Application.php(1151): Illuminate\\Container\\Container->call(Array)
#8 C:\\xampp\\htdocs\\thamescc-backend\\bagisto\\vendor\\laravel\\framework\\src\\Illuminate\\Foundation\\Application.php(1132): Illuminate\\Foundation\\Application->bootProvider(Object(Webkul\\Category\\Providers\\CategoryServiceProvider))
#9 [internal function]: Illuminate\\Foundation\\Application->Illuminate\\Foundation\\{closure}(Object(Webkul\\Category\\Providers\\CategoryServiceProvider), 'Webkul\\\\Category...')
#10 C:\\xampp\\htdocs\\thamescc-backend\\bagisto\\vendor\\laravel\\framework\\src\\Illuminate\\Foundation\\Application.php(1131): array_walk(Array, Object(Closure))
#11 C:\\xampp\\htdocs\\thamescc-backend\\bagisto\\vendor\\laravel\\framework\\src\\Illuminate\\Foundation\\Bootstrap\\BootProviders.php(17): Illuminate\\Foundation\\Application->boot()
#12 C:\\xampp\\htdocs\\thamescc-backend\\bagisto\\vendor\\laravel\\framework\\src\\Illuminate\\Foundation\\Application.php(342): Illuminate\\Foundation\\Bootstrap\\BootProviders->bootstrap(Object(Illuminate\\Foundation\\Application))
#13 C:\\xampp\\htdocs\\thamescc-backend\\bagisto\\vendor\\laravel\\framework\\src\\Illuminate\\Foundation\\Console\\Kernel.php(474): Illuminate\\Foundation\\Application->bootstrapWith(Array)
#14 C:\\xampp\\htdocs\\thamescc-backend\\bagisto\\vendor\\laravel\\framework\\src\\Illuminate\\Foundation\\Console\\Kernel.php(196): Illuminate\\Foundation\\Console\\Kernel->bootstrap()
#15 C:\\xampp\\htdocs\\thamescc-backend\\bagisto\\artisan(35): Illuminate\\Foundation\\Console\\Kernel->handle(Object(Symfony\\Component\\Console\\Input\\ArgvInput), Object(Symfony\\Component\\Console\\Output\\ConsoleOutput))
#16 {main}
"} 
